File,SH_1,MH_1,SH_2,MH_2,SH_3,MH_3,SH_4,MH_4,SH_5,MH_5,SH_6,MH_6,SH_7,MH_7,SH_8,MH_8,SH_9,MH_9,SH_10,MH_10,SH_11,MH_11,SH_12,MH_12,SH_13,MH_13,SH_14,MH_14,SH_15,MH_15,SH_16,MH_16,SH_17,MH_17,SH_18,MH_18,SH_19,MH_19,SH_20,MH_20,SH_21,MH_21,SH_22,MH_22,SH_23,MH_23,SH_24,MH_24,SH_25,MH_25,SH_26,MH_26,SH_27,MH_27,SH_28,MH_28,SH_29,MH_29,SH_30,MH_30,SH_31,MH_31,SH_32,MH_32,SH_33,MH_33,SH_34,MH_34,SH_35,MH_35,SH_36,MH_36,SH_37,MH_37,SH_38,MH_38,SH_39,MH_39,SH_40,MH_40,SH_41,MH_41,SH_42,MH_42,SH_43,MH_43,SH_44,MH_44,SH_45,MH_45,SH_46,MH_46,SH_47,MH_47,SH_48,MH_48,SH_49,MH_49,SH_50,MH_50,SH_51,MH_51,SH_52,MH_52,SH_53,MH_53,SH_54,MH_54,SH_55,MH_55,SH_56,MH_56,SH_57,MH_57,SH_58,MH_58,SH_59,class
Lateral Tibia of G1_1.jpg,403,105,67,10,198,62,75,383,73,85,65,180,54,12,179,112,39,53,50,75,33,122,73,75,82,180,54,94,34,97,39,19,188,62,86,120,170,201,70,139,60,135,43,391,75,99,67,165,58,183,72,192,21,90,20,30,2,12,187,79,81,104,153,186,70,136,62,139,29,344,125,89,63,175,42,210,73,172,34,90,16,37,9,56,58,92,42,127,58,111,9,110,27,97,43,90,37,140,36,34,3,140,61,123,27,368,119,95,13,37,2,86,33,883,104,1377,5735,Grade 1
Lateral Tibia of G1_10.jpg,480,131,74,13,151,62,91,357,74,108,70,222,62,9,157,69,59,68,68,108,52,120,71,66,88,208,63,139,48,143,50,9,162,67,62,100,132,227,81,165,57,141,49,334,69,87,58,180,54,206,61,223,26,91,17,33,5,6,177,65,70,85,138,201,64,146,61,171,46,300,130,72,54,176,58,184,64,229,28,122,20,40,4,70,60,91,42,157,47,97,17,95,24,110,42,130,49,129,33,36,1,148,56,147,44,276,100,93,20,37,1,95,29,856,107,1259,5724,Grade 1
Lateral Tibia of G1_11.jpg,409,100,65,15,156,72,98,258,62,86,43,242,84,7,115,93,60,73,62,180,60,99,52,91,66,194,50,132,42,157,46,8,173,68,85,167,132,243,59,153,63,140,36,225,68,91,69,268,87,425,94,264,33,105,18,34,2,9,144,88,65,165,128,404,93,227,54,134,34,208,51,120,42,182,54,247,62,271,30,114,12,41,2,69,45,86,41,147,58,105,17,85,23,156,51,129,42,146,39,37,3,212,61,116,23,177,53,109,11,26,4,90,19,589,54,958,6097,Grade 1
Lateral Tibia of G1_12.jpg,454,124,30,6,226,79,97,220,39,106,48,258,53,10,218,114,59,81,64,132,56,119,30,63,77,226,39,131,51,168,21,7,206,71,85,131,171,259,53,178,60,163,25,214,46,89,74,249,45,341,64,240,29,105,17,43,3,10,208,101,72,125,147,344,71,224,62,137,14,190,57,104,59,218,40,272,63,266,24,114,17,34,1,67,68,106,39,159,68,139,12,94,25,136,40,151,27,145,28,40,1,198,65,116,19,202,63,118,11,26,2,83,29,615,59,1042,6069,Grade 1
Lateral Tibia of G1_13.jpg,408,189,64,6,160,93,62,149,63,93,60,223,65,7,150,78,65,114,118,172,61,173,76,88,38,252,70,231,52,212,41,11,150,88,62,122,69,204,73,181,73,120,29,170,58,76,69,247,69,245,65,239,51,138,27,41,2,4,162,85,48,115,85,208,61,179,64,127,30,129,36,83,45,241,61,232,68,241,61,133,26,38,1,89,92,167,61,182,55,109,32,151,30,187,44,163,43,120,42,34,0,180,60,112,26,140,49,127,30,47,6,138,40,660,73,1029,6020,Grade 1
Lateral Tibia of G1_14.jpg,335,109,90,4,142,78,71,251,74,78,49,236,74,6,130,98,54,80,48,139,46,120,80,64,58,230,60,106,44,147,60,4,138,69,58,171,114,371,104,194,53,127,45,238,77,74,55,200,65,339,79,340,49,107,17,38,6,5,134,69,75,191,122,362,90,201,48,135,36,215,58,88,57,222,49,313,55,335,48,128,24,25,2,64,48,125,45,154,59,109,19,93,28,132,38,138,42,119,41,41,1,161,62,100,29,197,58,107,27,25,1,83,16,587,62,932,6152,Grade 1
Lateral Tibia of G1_15.jpg,352,113,60,11,176,86,67,237,66,91,77,225,67,10,164,120,61,94,44,136,56,121,65,101,79,204,45,107,50,145,42,15,178,76,82,149,104,254,71,170,59,135,30,232,59,97,48,221,50,281,62,245,41,110,19,32,3,11,178,97,76,146,116,289,73,185,56,133,41,208,60,103,60,188,56,276,76,251,36,109,24,31,4,67,58,128,52,159,63,94,22,119,36,117,43,128,32,151,35,23,7,179,73,134,44,216,55,107,21,31,5,105,29,620,73,1119,6020,Grade 1
Lateral Tibia of G1_16.jpg,420,126,49,11,161,78,68,235,63,109,53,188,43,11,186,82,67,70,56,124,30,123,78,51,92,261,85,172,52,156,37,19,153,80,54,131,124,382,105,236,62,93,41,217,57,101,44,170,36,181,45,260,37,113,18,23,4,9,221,67,111,141,138,186,43,149,57,150,40,200,59,91,60,260,62,438,84,267,18,105,23,43,4,85,64,168,48,226,58,103,20,111,25,127,41,150,46,132,37,28,2,142,45,133,42,198,54,108,13,39,4,105,22,600,69,1013,5971,Grade 1
Lateral Tibia of G1_17.jpg,443,107,50,5,166,77,84,208,41,97,58,212,40,12,213,88,55,77,62,145,46,98,56,60,69,250,62,164,44,158,22,13,180,79,60,150,154,445,85,215,63,124,21,234,37,82,66,208,42,242,58,277,23,94,16,30,1,7,198,78,88,156,161,289,72,167,50,136,36,183,47,75,57,226,68,428,91,312,35,109,18,35,3,60,54,122,37,190,57,100,11,72,23,128,34,138,31,120,19,33,1,154,70,137,20,174,45,109,19,44,2,91,21,604,41,1001,6075,Grade 1
Lateral Tibia of G1_18.jpg,391,80,68,6,144,71,83,214,72,101,69,234,60,7,133,105,58,90,56,133,52,107,69,81,60,216,59,145,51,163,42,8,170,92,66,158,128,301,83,185,63,131,34,235,74,92,57,239,56,312,83,277,39,102,13,34,1,8,156,60,70,175,146,355,82,184,56,149,37,188,56,104,43,219,47,338,80,274,34,108,19,31,1,81,49,132,34,172,58,118,26,88,24,158,48,150,46,137,34,34,1,183,59,135,39,171,38,96,23,23,5,85,27,579,52,971,6077,Grade 1
Lateral Tibia of G1_2.jpg,548,114,42,7,229,74,69,205,24,88,60,252,33,12,206,106,54,89,85,165,46,104,42,64,98,262,34,152,40,152,28,7,227,66,87,160,193,388,66,202,54,144,27,225,36,73,62,235,34,317,52,334,18,109,10,33,1,4,228,61,68,132,156,318,63,185,57,131,18,189,38,85,48,218,37,356,76,304,21,94,16,40,2,71,58,151,44,177,42,94,8,94,17,116,34,136,21,117,20,16,1,179,54,127,19,173,41,98,9,41,1,80,28,590,34,956,6037,Grade 1
Lateral Tibia of G1_3.jpg,435,125,59,11,192,99,86,246,57,89,67,213,52,13,179,107,59,87,71,114,47,116,65,85,72,218,46,138,37,133,40,9,165,79,76,158,133,288,70,200,57,106,31,236,55,87,66,247,52,270,80,233,31,115,17,27,3,18,157,81,61,152,161,316,78,188,64,169,32,244,46,101,48,206,45,255,64,266,26,124,17,28,2,86,66,133,37,178,55,111,20,85,28,106,36,127,40,120,34,31,4,183,74,125,31,204,49,122,19,35,2,94,22,613,56,1026,6027,Grade 1
Lateral Tibia of G1_4.jpg,378,122,54,13,119,84,70,213,67,98,56,179,51,6,188,86,68,77,51,113,37,135,68,75,91,247,66,182,56,146,40,9,132,74,77,174,129,397,98,241,62,126,34,211,59,110,62,222,44,257,76,277,37,111,19,30,0,9,174,61,93,172,123,248,80,165,56,139,26,190,36,104,55,259,77,413,100,269,40,100,23,38,1,71,46,159,49,216,55,93,19,94,13,104,47,121,44,126,33,28,3,174,73,144,38,182,35,116,28,35,3,86,26,578,48,920,6068,Grade 1
Lateral Tibia of G1_5.jpg,506,127,45,8,209,89,61,203,42,107,47,193,30,6,198,90,67,74,77,147,42,124,40,74,78,262,52,128,43,149,22,8,195,59,62,138,131,369,91,205,61,130,23,205,34,82,79,216,40,246,46,288,34,109,18,20,2,10,197,75,76,141,151,264,72,171,61,131,28,169,48,88,55,199,58,380,95,326,21,130,21,35,2,76,68,127,39,219,59,109,18,88,27,152,41,127,29,131,18,47,0,171,56,164,32,164,46,104,18,35,1,110,26,610,41,1008,6022,Grade 1
Lateral Tibia of G1_6.jpg,497,110,40,14,200,72,68,222,51,106,46,184,34,9,197,90,73,76,66,119,49,97,39,64,80,225,41,148,38,151,23,16,192,101,70,165,147,367,84,210,53,108,25,213,45,90,74,211,41,296,66,296,14,110,10,21,1,7,194,73,85,177,190,302,53,160,78,133,29,195,49,88,58,226,41,365,67,276,27,103,14,18,1,87,68,159,40,179,59,102,13,72,24,155,33,137,33,138,27,19,0,179,63,125,24,224,49,127,13,31,1,93,16,591,43,962,6045,Grade 1
Lateral Tibia of G1_7.jpg,499,98,41,12,220,82,61,215,52,110,57,177,36,9,238,83,65,78,70,127,30,102,41,64,78,269,60,169,51,153,33,12,204,75,62,136,119,399,76,231,60,124,21,205,51,108,50,195,32,260,45,282,32,115,12,25,2,3,208,65,87,163,159,230,50,165,45,134,24,169,59,94,57,275,47,386,85,297,23,122,14,46,0,73,65,171,55,216,53,119,14,87,21,115,49,146,37,119,15,20,0,156,61,137,21,182,57,124,15,40,3,81,21,588,38,988,6020,Grade 1
Lateral Tibia of G1_8.jpg,332,173,66,8,130,96,53,164,66,80,47,209,67,4,159,63,64,108,90,167,62,169,64,97,63,257,80,204,45,213,46,9,133,87,46,122,56,255,69,207,62,125,28,137,59,77,57,207,62,193,54,249,60,122,40,29,3,6,148,91,49,151,57,235,74,200,56,122,30,106,21,72,68,236,77,236,63,274,74,139,37,30,2,96,77,220,64,181,46,144,30,149,50,215,50,229,58,117,30,33,0,184,45,118,28,110,31,120,40,39,5,178,40,568,79,1007,6209,Grade 1
Lateral Tibia of G1_9.jpg,952,23,86,2,174,16,94,1023,32,94,18,81,7,4,162,79,13,41,13,36,20,27,74,10,110,69,11,37,22,46,26,0,148,12,100,66,293,119,13,60,21,119,26,1031,30,97,18,92,16,123,19,116,0,25,1,11,0,5,157,14,87,56,335,125,17,77,17,134,51,1003,128,76,14,71,12,98,24,117,1,25,0,13,0,32,11,37,13,73,8,25,0,15,1,42,17,43,17,88,36,5,0,68,19,144,48,1012,123,36,0,10,0,19,1,910,8,1443,6157,Grade 1
Lateral Tibia of G2_1.jpg,454,134,61,6,140,68,80,191,59,87,52,262,52,5,163,83,62,77,65,140,43,136,55,65,78,222,64,169,41,143,37,14,150,77,81,146,119,260,56,160,51,112,42,204,83,76,52,250,62,309,67,284,34,122,27,36,2,6,140,77,71,143,127,329,73,165,56,121,30,196,52,79,66,243,57,268,58,289,48,100,13,44,1,89,75,174,42,146,46,123,23,102,24,177,42,180,42,106,44,33,3,185,53,119,35,183,57,135,21,43,5,121,22,646,64,975,6079,Grade 2
Lateral Tibia of G2_10.jpg,480,130,68,22,183,73,86,366,100,119,78,144,40,19,159,93,59,71,48,77,40,134,65,57,87,142,54,84,32,95,45,15,162,89,79,111,131,200,68,144,60,112,52,359,77,107,72,170,48,210,93,174,30,84,18,28,5,19,168,66,68,99,127,223,62,129,67,127,48,344,131,88,66,127,49,162,61,167,27,79,14,32,8,65,46,78,42,120,49,100,23,111,31,90,45,103,40,106,58,39,1,121,61,127,45,331,123,115,34,45,8,106,29,884,128,1512,5623,Grade 2
Lateral Tibia of G2_11.jpg,498,102,67,16,187,78,95,451,79,85,49,155,48,18,188,95,65,50,59,67,30,101,64,69,83,163,32,57,25,87,30,18,187,60,93,100,188,216,78,117,58,126,34,408,83,80,59,146,52,212,71,181,26,115,16,42,10,22,182,80,96,104,188,259,76,122,60,92,41,403,145,80,50,151,39,223,78,183,20,88,15,28,2,51,39,56,27,100,61,88,12,97,11,56,32,73,27,127,32,39,2,128,37,113,37,378,149,81,13,31,4,71,23,909,119,1502,5630,Grade 2
Lateral Tibia of G2_12.jpg,413,117,55,6,179,79,72,229,56,91,67,265,53,6,160,89,55,92,51,154,55,113,43,73,75,276,58,132,34,153,39,4,174,74,76,123,136,346,71,186,75,145,29,191,62,81,61,256,56,304,68,313,26,130,13,30,2,2,179,56,72,124,141,346,57,178,61,141,35,179,46,76,48,235,63,301,57,297,28,116,19,30,1,84,63,137,29,159,68,115,22,79,21,165,48,178,21,120,33,39,0,195,62,131,28,186,41,117,19,38,5,84,23,618,50,906,6147,Grade 2
Lateral Tibia of G2_13.jpg,365,122,61,7,169,72,70,238,65,104,50,234,59,8,183,118,45,59,48,118,40,91,44,69,60,213,45,112,48,117,52,13,152,82,86,144,188,352,65,180,53,125,25,247,43,102,54,220,44,358,80,315,25,90,13,22,1,7,174,66,78,165,177,380,75,153,58,149,39,233,48,93,68,223,53,307,75,317,31,114,15,25,2,89,52,127,35,176,65,110,10,81,16,123,42,128,44,136,25,33,1,168,52,120,33,217,56,102,22,43,5,61,19,591,55,964,6143,Grade 2
Lateral Tibia of G2_14.jpg,455,111,55,17,172,72,70,221,51,102,72,206,44,9,211,78,57,88,73,125,39,117,49,60,75,248,79,156,68,160,25,9,141,80,66,140,139,380,85,259,74,128,17,238,63,110,46,209,32,188,44,219,32,103,12,28,0,9,178,73,107,121,151,194,40,148,72,151,40,183,46,80,58,284,64,400,88,248,21,141,22,50,5,69,66,152,64,210,69,100,14,95,29,132,33,146,36,135,20,22,3,151,75,154,29,180,49,129,23,39,2,93,18,617,47,1028,5986,Grade 2
Lateral Tibia of G2_15.jpg,534,115,54,12,195,71,82,228,42,94,73,240,48,10,190,86,58,83,62,143,51,116,49,64,106,222,45,122,39,145,37,10,182,73,78,139,123,286,63,192,57,134,29,214,57,89,64,232,53,267,56,267,28,101,21,44,3,16,221,57,83,173,141,282,78,202,49,130,19,187,53,71,53,212,41,329,59,280,34,126,13,39,1,82,65,132,40,182,66,134,15,100,24,158,43,161,27,141,23,39,3,188,75,157,22,169,42,99,22,22,4,98,23,620,53,1007,5930,Grade 2
Lateral Tibia of G2_16.jpg,362,116,58,9,156,78,75,224,61,103,55,205,45,4,168,85,67,78,54,117,43,104,58,90,82,232,60,137,46,142,38,10,146,67,70,183,151,360,91,201,60,132,35,218,53,71,54,206,49,286,63,298,27,104,22,26,3,12,193,84,78,165,158,265,67,184,60,136,46,219,58,80,53,208,52,368,107,298,30,112,22,37,0,73,54,110,47,176,59,100,14,85,28,126,36,137,34,147,23,29,3,160,71,125,34,187,39,102,14,27,2,92,27,621,54,1038,6086,Grade 2
Lateral Tibia of G2_17.jpg,409,114,58,8,144,70,72,257,67,91,54,197,67,8,162,98,53,74,54,142,43,121,66,81,85,211,57,124,54,144,42,9,152,69,62,167,146,410,90,189,48,115,30,221,45,97,45,197,64,299,60,285,47,96,19,27,3,5,178,69,85,177,157,290,66,160,59,137,40,238,43,88,50,218,61,391,80,297,37,101,25,49,2,82,57,110,49,202,70,105,20,81,22,124,44,131,45,117,22,27,2,169,58,143,30,163,56,110,14,29,8,85,17,613,69,984,6037,Grade 2
Lateral Tibia of G2_18.jpg,491,108,52,14,178,86,66,198,52,91,52,206,51,11,196,78,58,88,54,119,43,119,53,77,108,265,75,152,49,138,40,12,175,73,63,147,132,447,100,228,56,136,19,210,56,100,50,204,37,202,51,231,29,117,16,29,1,11,195,73,94,161,141,234,55,148,53,124,27,180,46,73,55,279,81,477,101,292,35,116,9,36,2,68,59,166,44,237,62,117,15,89,24,133,49,132,22,115,16,35,1,145,62,147,36,154,38,126,24,37,2,104,24,586,54,954,5972,Grade 2
Lateral Tibia of G2_19.jpg,410,101,42,15,202,80,91,278,48,109,57,226,47,7,180,83,66,68,68,122,36,101,50,82,76,214,38,141,43,124,24,6,207,74,85,173,188,295,74,179,62,139,25,255,39,83,52,192,52,321,74,279,14,95,14,27,1,11,223,75,76,182,175,353,77,201,71,142,25,222,57,95,55,221,40,311,81,302,26,110,11,33,0,61,62,96,37,180,62,93,7,82,26,111,45,109,28,146,39,32,0,190,70,135,31,220,39,93,7,27,2,86,15,618,24,976,6025,Grade 2
Lateral Tibia of G2_2.jpg,476,114,52,11,205,71,75,206,57,84,62,227,59,13,202,104,56,82,75,143,32,126,53,74,84,229,47,148,47,122,28,17,188,95,73,144,149,322,58,176,65,137,31,187,49,81,72,212,50,324,81,260,19,99,22,48,3,10,177,94,72,129,142,330,63,187,64,122,29,187,61,92,62,229,52,272,65,270,31,111,17,31,4,70,68,122,42,181,57,117,10,87,22,138,46,130,28,151,29,37,3,195,60,125,20,183,46,123,15,29,1,96,23,658,57,1042,5965,Grade 2
Lateral Tibia of G2_20.jpg,379,112,60,11,152,74,80,240,61,106,72,223,64,10,152,112,67,97,66,139,59,102,64,102,67,205,52,97,47,121,35,11,175,78,78,147,130,299,82,162,61,131,48,246,62,104,60,206,57,325,79,244,20,94,16,32,3,14,152,76,88,168,145,332,79,169,66,137,32,239,62,99,69,215,52,303,68,259,46,105,21,33,3,89,48,134,39,180,59,118,19,93,23,116,51,116,41,124,39,40,4,169,70,129,30,222,66,91,9,26,3,74,19,628,34,1036,6016,Grade 2
Lateral Tibia of G2_21.jpg,409,117,55,3,147,69,81,198,58,84,62,257,86,7,131,82,46,100,50,161,59,86,74,75,73,215,59,152,44,178,47,8,172,67,67,165,108,300,53,164,54,130,33,167,74,78,54,262,75,459,86,347,33,119,23,40,1,8,127,63,68,143,128,411,96,234,55,122,22,168,48,89,53,208,54,238,53,316,39,114,14,34,1,102,45,153,40,156,45,107,22,68,20,212,67,192,50,133,42,45,5,216,50,123,26,159,32,90,14,26,5,74,21,550,52,859,6193,Grade 2
Lateral Tibia of G2_3.jpg,461,115,63,8,137,97,74,205,64,112,47,222,43,7,163,84,58,82,65,120,41,118,68,70,91,267,74,170,60,164,30,9,162,99,56,152,150,412,82,205,68,137,24,210,48,85,58,199,51,193,52,286,32,138,20,25,1,11,160,92,73,146,120,243,65,169,63,132,34,153,42,73,70,271,73,374,93,276,35,118,20,35,4,95,63,166,55,210,57,134,22,118,24,132,48,145,34,116,29,30,1,167,58,142,37,152,47,109,32,35,6,87,20,583,54,923,6019,Grade 2
Lateral Tibia of G2_4.jpg,638,88,43,6,243,65,107,156,39,79,66,292,55,7,207,84,59,109,102,242,48,93,43,69,81,276,32,230,48,203,18,0,275,78,75,182,163,333,46,191,37,133,10,160,30,72,58,248,53,490,56,309,17,122,10,38,1,4,215,72,57,163,151,501,56,243,45,127,17,127,17,78,46,204,24,302,42,306,12,90,10,32,0,103,92,212,36,174,51,97,14,67,15,240,26,204,22,95,21,31,1,214,48,105,6,119,22,105,7,32,0,60,18,453,14,662,6056,Grade 2
Lateral Tibia of G2_5.jpg,577,106,67,5,172,66,56,159,70,70,63,264,58,7,172,77,64,80,62,152,46,115,60,62,82,240,71,180,47,188,27,4,191,57,86,150,143,389,63,203,44,129,21,169,63,69,73,250,44,417,56,351,31,132,18,28,3,5,144,77,66,153,125,446,91,188,35,102,19,121,34,67,66,251,49,450,67,330,39,126,17,34,1,79,54,170,53,197,45,133,16,68,18,197,46,205,30,125,12,36,2,167,51,132,17,132,27,111,15,35,0,79,13,501,29,740,6090,Grade 2
Lateral Tibia of G2_6.jpg,378,145,69,4,162,72,81,207,71,89,65,223,54,10,140,80,56,89,75,107,54,155,59,80,61,227,63,136,44,159,37,4,141,70,57,126,139,284,69,174,53,120,41,193,60,82,58,236,54,272,71,293,34,129,20,41,3,5,176,74,74,132,113,297,56,142,74,167,29,175,40,98,67,222,67,274,72,289,47,139,22,35,4,66,81,118,52,172,55,123,24,116,23,178,53,171,54,137,26,43,1,185,48,107,36,179,55,128,33,33,1,99,32,659,73,1039,6044,Grade 2
Lateral Tibia of G2_7.jpg,420,181,47,16,179,118,81,129,47,92,72,216,46,6,212,74,92,127,119,192,50,194,54,117,72,265,58,208,40,160,21,7,194,82,60,150,102,245,65,192,65,112,12,138,46,67,67,194,32,199,50,202,38,135,22,23,1,8,214,103,59,159,108,249,45,160,57,121,21,127,24,81,77,266,51,296,59,215,46,133,28,38,1,114,116,232,47,216,62,134,18,195,32,168,50,184,14,109,14,24,0,146,46,99,13,116,27,137,22,30,1,168,46,590,42,950,6097,Grade 2
Lateral Tibia of G2_8.jpg,512,103,62,20,179,55,83,504,109,123,57,154,52,20,173,106,37,63,49,54,37,83,59,66,67,127,44,58,37,100,51,19,189,43,78,83,181,187,73,98,63,130,54,448,82,93,40,142,43,170,71,158,20,81,15,27,5,18,201,58,97,98,153,216,59,119,56,129,58,468,175,94,53,149,57,225,81,211,15,72,16,38,9,46,27,46,31,135,50,74,7,71,18,59,29,69,34,113,49,38,5,105,66,138,49,443,170,82,14,33,3,64,17,937,126,1562,5653,Grade 2
Lateral Tibia of G2_9.jpg,460,134,80,10,139,64,63,287,80,85,70,217,65,5,165,102,53,63,52,114,41,146,98,56,70,194,76,114,45,123,49,8,148,59,77,120,112,202,65,152,60,141,44,315,91,85,57,219,70,216,67,216,42,82,24,33,8,12,162,66,72,106,113,253,81,152,56,123,47,293,98,99,77,195,69,216,71,221,33,108,29,37,3,62,70,142,49,143,67,112,22,104,19,110,36,176,36,144,40,44,6,154,72,137,49,270,94,118,22,51,5,113,22,786,91,1225,5719,Grade 2
Lateral Tibia of G3_1.jpg,421,115,71,11,175,73,73,169,57,93,50,268,72,5,181,91,76,91,65,169,48,142,45,76,73,248,47,153,56,178,27,6,178,71,82,136,131,244,52,168,61,138,28,193,58,63,67,254,55,325,65,299,36,120,30,39,1,7,141,90,72,132,141,379,79,167,79,131,20,160,49,86,61,211,49,279,61,329,35,136,18,39,1,85,71,132,45,159,58,129,20,85,37,172,44,168,18,150,29,49,0,196,66,122,17,142,44,121,19,40,0,118,25,605,52,944,6069,Grade 3
Lateral Tibia of G3_10.jpg,455,109,39,13,189,82,75,216,60,115,52,216,44,18,190,122,45,83,54,119,35,104,61,73,73,219,43,113,41,144,24,13,208,93,89,151,158,246,55,184,65,130,32,249,43,105,41,174,46,273,65,258,21,89,21,36,4,14,194,91,63,169,159,286,75,195,72,146,34,208,68,98,56,223,57,301,68,266,27,118,15,24,3,80,52,131,33,197,59,114,25,69,22,100,48,133,37,132,26,34,6,192,56,131,29,224,62,97,14,27,2,79,22,637,58,1048,6031,Grade 3
Lateral Tibia of G3_11.jpg,498,111,58,9,190,76,82,136,63,69,63,269,50,7,159,65,66,93,65,206,42,129,67,86,79,220,56,169,38,176,25,15,175,78,104,183,118,298,70,188,34,114,25,149,65,74,68,272,54,460,79,327,28,105,25,34,0,6,164,87,60,204,132,433,84,226,54,117,27,113,26,74,50,207,45,334,50,343,37,121,19,24,2,97,71,178,54,157,51,107,15,99,15,215,46,178,33,124,26,38,3,209,53,117,16,130,24,110,11,23,3,76,17,474,34,781,6133,Grade 3
Lateral Tibia of G3_12.jpg,387,121,76,6,171,68,80,256,60,102,50,227,80,13,143,77,49,73,58,104,42,110,53,74,72,228,41,127,47,117,43,13,175,77,100,162,168,288,70,167,60,137,31,241,74,105,54,239,62,352,77,284,36,107,25,31,4,18,148,69,72,162,160,369,102,202,47,139,48,236,58,104,42,195,38,255,70,284,30,96,25,24,2,68,40,90,43,145,67,116,14,82,20,120,32,136,33,133,46,26,3,199,78,123,24,229,63,114,24,29,3,75,24,633,65,1026,5992,Grade 3
Lateral Tibia of G3_13.jpg,558,87,62,7,203,61,85,274,52,80,56,233,70,10,174,90,44,61,45,130,36,86,50,61,80,178,32,91,38,116,28,6,201,64,90,162,175,290,55,166,41,131,39,260,52,83,44,251,74,507,89,284,21,78,12,37,1,16,159,67,62,152,197,548,98,200,70,141,24,226,49,114,29,184,45,289,51,288,25,94,10,24,0,57,52,85,38,159,52,89,15,79,10,119,42,103,37,153,42,35,5,226,67,126,18,215,60,85,9,23,2,85,13,549,35,996,5978,Grade 3
Lateral Tibia of G3_14.jpg,471,99,31,7,234,59,72,202,38,90,48,242,40,4,227,93,61,102,90,177,28,100,18,80,68,255,24,179,41,166,23,6,192,69,83,156,179,323,68,160,55,136,15,193,32,82,59,276,53,372,54,299,24,106,7,34,0,10,213,75,47,174,161,368,69,189,57,106,26,188,46,100,51,205,28,298,35,327,30,109,17,26,0,79,75,150,34,142,40,111,12,92,17,169,52,143,23,133,19,35,0,205,58,127,16,158,46,99,11,33,0,78,22,572,33,907,6228,Grade 3
Lateral Tibia of G3_15.jpg,509,94,59,7,179,60,77,150,47,101,56,234,45,4,192,61,53,80,80,181,39,114,53,75,103,281,63,207,48,206,34,4,162,66,59,115,108,414,72,232,48,123,10,166,48,58,65,225,56,292,47,307,23,110,9,27,1,9,188,61,91,152,143,329,64,172,44,131,28,126,35,86,57,284,51,472,71,372,22,109,20,55,2,89,79,203,34,216,51,120,17,84,19,202,38,207,35,150,22,34,2,146,38,127,23,119,33,113,18,43,3,84,18,495,23,767,6187,Grade 3
Lateral Tibia of G3_16.jpg,492,134,45,7,225,55,82,168,57,64,69,277,64,11,234,88,68,85,90,180,46,127,50,64,61,218,59,191,34,210,24,6,215,65,91,127,149,291,51,178,61,135,26,161,44,80,76,299,50,410,72,329,22,125,13,35,4,5,200,61,66,121,120,389,58,208,56,130,22,154,29,64,79,244,45,253,45,276,27,118,13,35,0,82,69,205,38,160,61,120,11,91,23,203,35,209,39,141,15,34,0,185,60,136,27,119,34,126,13,27,1,79,18,584,39,858,5984,Grade 3
Lateral Tibia of G3_17.jpg,451,157,71,9,165,90,66,171,62,81,59,235,63,8,171,77,72,87,84,172,68,182,58,90,71,249,41,185,50,167,31,11,169,110,68,133,99,261,63,191,66,139,13,144,62,94,67,199,50,246,69,265,47,119,23,35,3,4,154,86,71,172,125,307,70,206,50,118,22,150,27,86,65,215,53,279,62,282,45,135,21,33,6,82,72,174,39,191,48,126,31,113,52,190,49,177,40,128,31,23,2,188,58,116,16,119,33,112,25,31,4,119,38,577,61,961,6049,Grade 3
Lateral Tibia of G3_18.jpg,672,100,31,1,214,61,72,160,32,64,54,293,32,1,228,74,88,91,114,222,58,102,37,74,89,281,34,235,46,261,22,6,184,58,54,120,141,407,66,225,39,131,16,149,45,64,55,234,28,254,59,334,22,113,13,44,1,2,254,73,85,112,130,277,61,180,45,144,18,128,20,78,51,249,42,443,62,316,11,128,17,60,0,73,92,209,49,215,52,129,8,78,19,199,35,191,26,116,13,37,0,184,53,116,14,96,22,133,14,47,1,75,9,547,28,776,6024,Grade 3
Lateral Tibia of G3_19.jpg,424,118,75,8,123,60,60,140,82,73,50,244,70,4,122,60,46,88,60,206,71,118,85,61,60,297,83,208,67,231,55,3,127,58,60,105,107,406,68,177,56,131,30,161,87,60,48,214,72,326,64,384,50,129,23,45,3,5,120,57,54,131,93,369,76,179,44,140,31,121,26,58,69,256,75,388,74,392,52,129,25,38,5,85,48,190,46,188,48,151,23,76,27,144,49,207,36,118,32,42,5,141,37,131,35,113,31,137,26,41,2,71,15,573,52,801,6217,Grade 3
Lateral Tibia of G3_2.jpg,393,124,67,5,143,54,70,184,53,76,58,280,71,4,134,89,53,94,58,190,57,112,59,73,71,241,55,188,55,168,56,2,185,74,79,131,117,282,63,191,57,140,30,192,44,99,25,248,53,358,64,314,46,119,17,41,2,9,137,73,51,138,120,370,70,158,53,128,26,189,51,67,57,244,58,273,65,293,42,114,15,41,4,98,60,151,55,182,47,123,23,96,26,147,56,176,38,134,32,36,2,175,60,151,37,156,46,105,23,34,3,83,27,547,61,916,6221,Grade 3
Lateral Tibia of G3_20.jpg,397,124,64,8,160,69,73,140,66,80,61,269,68,6,125,73,67,99,82,207,51,130,77,90,68,259,64,234,41,196,38,10,186,64,81,182,105,297,64,199,43,117,30,146,66,62,59,277,82,406,83,338,43,145,25,41,6,9,154,70,64,131,83,372,69,210,57,124,25,141,22,76,54,204,60,296,59,288,35,115,13,27,2,87,67,184,56,161,36,105,18,90,19,194,42,213,37,104,19,37,2,248,38,101,24,130,26,108,30,34,0,99,20,494,61,799,6234,Grade 3
Lateral Tibia of G3_21.jpg,472,156,43,11,226,110,71,164,52,81,81,237,34,14,216,108,63,117,97,230,56,144,42,86,65,225,36,186,65,193,22,4,210,95,79,161,123,259,58,195,52,131,16,160,47,92,66,215,46,280,65,240,20,105,19,35,1,9,246,71,83,162,120,276,74,204,60,111,15,110,27,97,79,232,42,301,69,247,26,127,28,50,3,79,56,167,41,197,52,109,23,136,23,164,43,141,22,127,15,36,1,176,53,112,16,141,29,102,29,30,4,131,22,582,32,945,6025,Grade 3
Lateral Tibia of G3_22.jpg,620,121,31,5,267,92,62,152,32,93,70,258,28,7,247,66,64,62,116,182,39,121,25,77,62,235,29,185,41,222,16,7,240,81,52,103,134,289,39,172,65,134,11,171,31,65,54,253,24,274,53,320,17,123,8,32,3,6,245,66,82,121,157,314,37,200,63,149,20,112,36,71,52,265,38,346,43,333,16,116,19,47,0,79,94,171,36,209,53,123,20,112,23,176,40,216,20,114,6,47,0,157,61,133,14,139,34,123,15,42,1,98,27,642,30,905,6039,Grade 3
Lateral Tibia of G3_23.jpg,527,134,96,21,202,75,91,371,87,96,56,188,42,11,187,118,64,65,65,84,29,123,65,80,86,177,49,86,23,89,44,15,199,60,77,127,134,188,63,109,64,143,39,368,73,100,57,165,42,200,57,194,22,118,11,29,4,21,185,76,58,116,144,204,73,115,52,113,48,393,149,84,60,166,48,189,64,191,14,101,15,48,5,53,62,72,36,125,50,71,12,97,21,64,27,83,36,95,37,36,3,127,58,112,40,344,140,80,17,37,3,103,22,888,123,1431,5644,Grade 3
Lateral Tibia of G3_24.jpg,829,108,43,9,239,67,85,163,40,73,70,252,45,6,237,76,67,109,72,237,48,112,26,53,68,251,29,193,44,202,12,4,244,68,64,166,181,308,47,211,40,120,19,169,37,72,62,246,32,463,48,345,21,90,12,25,2,4,245,65,79,150,142,484,62,227,49,113,14,153,24,83,53,234,23,291,50,349,23,113,4,26,1,84,82,177,31,168,41,120,12,72,10,181,29,208,21,117,10,34,1,180,50,116,9,115,34,106,7,36,1,79,17,512,25,749,5889,Grade 3
Lateral Tibia of G3_25.jpg,382,147,71,6,150,89,54,148,50,74,65,237,62,7,141,72,72,82,61,144,55,152,61,78,64,255,81,174,43,142,35,10,141,92,59,145,100,287,59,173,55,110,26,147,57,90,95,250,63,246,56,256,48,115,23,33,3,7,155,105,83,151,78,247,76,178,41,122,24,144,46,83,71,268,64,324,73,272,60,132,31,35,2,92,66,192,53,197,58,157,48,122,39,199,47,181,25,113,28,39,2,170,57,128,32,127,47,117,28,35,6,135,37,638,72,974,6120,Grade 3
Lateral Tibia of G3_26.jpg,610,106,52,4,232,70,82,152,44,77,65,285,52,4,222,96,57,96,76,184,40,83,46,62,86,253,37,181,42,150,36,10,210,68,80,151,148,349,52,207,55,152,22,174,51,82,58,281,41,389,60,302,15,112,15,39,2,8,206,70,70,167,120,388,80,225,52,111,14,153,21,87,79,244,38,316,61,303,16,108,7,31,0,92,85,167,40,195,55,110,10,74,12,191,55,185,16,130,16,44,2,235,48,137,22,140,24,83,11,29,0,79,16,507,26,790,6011,Grade 3
Lateral Tibia of G3_27.jpg,340,132,65,9,140,82,66,206,66,95,52,243,68,10,145,83,66,112,70,176,64,131,57,93,75,254,74,162,67,181,39,11,131,76,60,129,114,267,72,175,64,139,36,184,77,74,48,227,68,273,55,311,44,129,23,45,4,12,154,79,85,139,107,282,62,169,63,123,39,197,42,76,61,254,67,277,65,266,40,126,23,36,5,91,63,162,57,189,40,123,22,103,28,163,47,189,44,116,38,30,3,156,52,116,32,180,64,126,18,27,2,109,29,588,52,963,6147,Grade 3
Lateral Tibia of G3_28.jpg,451,116,50,7,212,80,78,192,41,78,51,244,60,11,180,101,62,85,67,145,51,135,58,81,67,211,40,130,53,161,30,15,204,81,72,157,159,279,54,178,66,139,24,205,31,90,63,264,43,338,80,278,34,127,26,30,3,6,209,68,81,156,133,344,64,199,56,112,21,180,42,106,66,219,38,239,56,254,39,121,26,31,1,75,56,124,27,168,61,124,21,110,27,163,53,155,32,131,22,47,2,204,62,147,17,164,53,112,12,35,3,122,37,616,54,1033,6119,Grade 3
Lateral Tibia of G3_29.jpg,475,127,39,9,198,81,96,221,42,84,56,242,43,9,214,81,83,92,66,147,40,133,43,76,100,255,56,162,56,164,22,7,215,76,87,139,134,333,56,211,66,148,16,218,39,93,69,248,47,293,63,273,20,130,15,25,0,11,269,65,71,135,137,316,50,167,78,165,32,177,44,95,56,195,42,290,58,252,22,127,14,41,1,74,76,154,37,174,76,110,16,92,14,126,35,142,34,118,28,27,3,163,62,130,11,176,36,126,16,44,0,99,22,610,37,954,5968,Grade 3
Lateral Tibia of G3_3.jpg,410,127,70,3,135,67,72,210,53,84,62,235,48,4,167,84,52,63,79,138,53,141,60,83,83,221,74,150,48,147,32,7,155,74,102,138,138,324,77,162,58,126,19,218,59,74,62,242,55,299,66,305,47,137,28,28,3,8,172,72,100,141,142,309,60,152,67,117,22,180,47,65,64,232,70,385,70,328,38,107,26,35,3,88,58,121,61,184,39,108,22,89,31,132,43,187,30,123,29,34,2,172,55,121,28,187,47,103,23,51,5,121,26,640,60,1004,5994,Grade 3
Lateral Tibia of G3_30.jpg,626,94,31,3,226,63,88,156,41,65,54,316,44,10,195,83,64,94,112,239,41,113,32,64,67,261,27,212,44,243,18,3,242,68,82,137,131,295,47,172,44,138,22,146,39,71,66,284,29,360,55,315,23,135,13,46,2,6,212,67,60,122,144,396,54,196,58,137,22,124,27,82,62,232,38,289,41,332,26,115,17,32,1,87,79,187,30,186,47,101,4,73,18,234,51,236,20,134,18,49,2,198,60,142,11,115,26,118,13,37,2,85,19,508,24,761,6110,Grade 3
Lateral Tibia of G3_31.jpg,576,120,52,6,182,71,76,158,37,79,65,256,64,6,234,75,50,93,77,240,45,117,53,62,69,226,50,196,42,224,19,5,180,65,68,99,125,308,46,169,65,134,27,162,47,78,45,228,45,265,56,281,20,101,14,34,1,6,228,79,88,138,134,362,66,214,52,138,20,117,32,80,70,282,44,398,59,357,31,133,19,52,2,81,75,213,57,202,51,128,12,90,21,188,36,193,28,127,17,43,4,176,47,134,16,140,33,79,18,33,2,78,28,559,30,847,6051,Grade 3
Lateral Tibia of G3_32.jpg,635,126,41,15,238,69,73,341,59,114,61,183,33,7,239,79,60,84,80,121,42,105,48,60,76,233,35,122,48,168,26,9,250,64,80,99,161,230,68,173,59,140,34,339,64,87,51,141,26,189,48,204,21,117,16,43,3,4,271,73,95,104,170,232,46,150,55,153,31,291,112,78,58,209,31,214,66,240,17,109,19,41,2,67,64,101,37,161,59,109,10,89,23,102,28,147,28,125,19,50,2,125,45,129,20,281,103,91,16,33,4,102,28,773,71,1249,5596,Grade 3
Lateral Tibia of G3_33.jpg,445,179,46,5,214,79,71,147,37,89,68,241,46,5,233,94,46,79,96,139,45,165,40,91,69,220,42,149,43,168,15,9,213,90,69,168,153,267,65,175,67,122,15,172,48,83,52,250,26,260,60,277,25,120,23,23,1,7,186,93,79,136,149,245,64,158,54,138,15,121,41,64,82,242,37,284,62,261,35,130,21,32,0,70,92,174,58,200,61,124,22,132,42,171,51,145,26,105,22,40,2,154,85,138,33,152,38,147,21,31,2,143,37,659,40,1052,5971,Grade 3
Lateral Tibia of G3_34.jpg,566,73,42,6,232,54,85,274,29,72,47,198,23,9,248,102,49,43,48,81,28,74,42,62,87,208,24,100,31,116,24,7,237,43,91,197,215,492,70,191,55,111,22,308,33,86,51,220,45,453,54,380,23,96,8,37,0,8,254,67,91,155,194,352,39,147,45,108,24,254,62,101,34,224,41,416,47,378,16,101,5,27,0,60,40,109,26,166,66,93,12,56,18,93,31,108,19,154,23,20,0,185,43,139,22,249,59,90,10,38,1,88,19,540,27,869,6024,Grade 3
Lateral Tibia of G3_35.jpg,444,134,65,8,136,73,83,293,70,83,60,234,67,8,135,87,50,66,39,143,46,128,62,62,90,210,66,120,30,144,54,11,158,72,83,136,154,293,70,146,62,133,36,257,76,98,51,222,64,288,74,254,49,111,35,32,4,7,142,74,77,122,146,305,73,191,51,119,39,198,68,92,61,206,73,279,61,263,37,102,25,34,6,64,40,116,44,166,47,106,27,99,33,105,40,110,53,146,58,40,6,167,58,141,34,210,58,121,18,36,5,113,26,739,84,1082,5898,Grade 3
Lateral Tibia of G3_36.jpg,472,142,37,4,224,69,69,206,28,97,65,210,36,7,257,85,72,74,71,144,41,122,45,85,80,266,59,192,26,178,30,15,216,74,77,135,157,402,65,215,76,115,18,174,43,98,58,200,26,220,29,280,23,94,12,39,2,10,247,92,78,134,135,253,54,159,63,129,16,167,33,92,57,276,57,373,60,271,20,102,19,41,0,78,60,168,49,215,78,119,16,102,16,170,42,151,23,150,11,33,1,134,71,132,26,147,47,105,13,42,3,106,20,610,38,948,6034,Grade 3
Lateral Tibia of G3_37.jpg,513,134,38,7,242,75,76,207,41,90,59,243,43,14,203,91,60,85,82,144,41,135,29,79,71,214,37,149,31,172,28,4,253,66,81,125,173,267,47,176,52,157,17,202,33,81,53,234,41,360,74,321,18,130,15,34,2,9,225,78,65,163,157,376,73,198,55,120,23,171,45,95,56,211,28,249,44,322,23,112,9,37,3,73,69,121,39,157,58,107,15,92,22,155,42,141,26,131,24,42,3,176,61,127,17,170,48,113,15,26,0,100,19,609,39,972,6045,Grade 3
Lateral Tibia of G3_38.jpg,551,134,43,5,211,58,70,192,45,95,51,221,39,9,236,126,42,93,74,161,46,124,44,64,96,243,40,175,43,180,24,9,200,65,71,140,147,315,62,201,60,137,19,207,43,97,48,226,42,302,58,281,17,114,15,35,1,10,235,69,81,120,159,282,55,169,68,146,14,185,53,78,51,218,32,282,48,265,26,103,12,32,1,98,76,162,47,186,62,96,7,82,17,149,33,188,25,131,30,24,1,200,53,115,19,196,51,119,16,32,3,76,27,610,44,1025,6017,Grade 3
Lateral Tibia of G3_39.jpg,519,98,50,8,221,69,88,198,46,79,59,275,71,12,174,92,58,90,62,159,47,100,46,78,72,221,45,121,37,134,27,10,209,78,86,172,133,244,57,153,60,120,35,177,49,81,58,265,73,406,80,276,20,123,17,45,2,14,196,94,62,173,159,411,85,195,69,133,20,158,47,102,53,210,40,250,56,301,26,109,17,32,1,83,69,138,41,159,57,134,16,86,15,164,37,135,22,178,26,37,3,207,72,115,19,175,34,112,12,22,2,93,15,585,52,959,5977,Grade 3
Lateral Tibia of G3_4.jpg,517,96,57,8,190,85,73,224,57,111,60,190,39,12,200,82,56,86,62,96,35,119,60,82,88,264,67,124,48,123,26,10,181,89,65,157,145,308,81,186,61,133,28,222,53,102,59,221,58,247,50,285,27,108,20,30,2,14,228,72,78,142,139,270,59,166,54,130,42,198,49,86,51,250,63,371,75,256,27,127,16,42,2,76,67,135,30,165,73,100,17,92,24,115,23,128,41,132,25,28,2,153,74,103,32,217,55,118,20,34,3,104,22,664,52,1101,5893,Grade 3
Lateral Tibia of G3_40.jpg,540,105,23,7,251,76,80,166,41,83,56,263,36,7,244,75,67,91,81,191,51,89,25,84,65,236,28,172,44,177,30,7,243,101,67,131,141,267,42,207,58,156,23,193,31,85,70,251,26,340,47,306,17,115,10,36,2,10,192,83,81,142,153,320,64,241,65,129,13,127,25,62,43,253,32,262,54,278,19,100,9,17,0,104,86,186,30,186,57,116,16,95,26,198,52,196,38,140,19,36,4,222,60,131,19,137,36,124,14,32,1,92,30,545,32,887,6092,Grade 3
Lateral Tibia of G3_41.jpg,453,127,47,9,204,92,65,185,43,96,70,251,45,8,217,88,76,91,92,165,48,152,53,94,76,228,46,173,51,177,24,9,190,106,62,134,127,256,76,179,63,111,25,178,47,97,81,229,33,235,56,268,28,132,16,31,5,9,210,101,69,128,112,245,61,173,62,128,18,147,41,84,77,242,50,244,60,226,29,134,23,44,5,94,92,201,57,171,66,137,20,122,27,148,52,173,37,120,17,32,3,175,77,147,20,160,41,117,28,39,0,113,22,642,56,1018,5950,Grade 3
Lateral Tibia of G3_42.jpg,324,123,72,11,131,69,90,199,45,107,47,228,55,10,165,114,76,82,51,124,47,115,66,72,68,237,62,165,54,128,40,13,135,84,71,174,120,340,83,194,56,135,40,195,55,70,64,243,75,301,60,282,54,129,28,30,3,10,129,72,69,161,109,289,63,177,56,138,37,180,51,112,53,237,62,326,78,276,36,98,28,30,2,90,61,139,56,197,60,129,17,88,26,134,45,140,33,124,34,31,3,191,67,122,37,167,42,109,24,35,7,115,18,576,68,948,6193,Grade 3
Lateral Tibia of G3_43.jpg,489,72,56,6,154,65,77,247,64,97,38,228,50,5,139,106,46,80,33,121,49,79,49,53,87,252,42,110,43,146,50,5,163,57,90,159,228,443,59,208,47,122,27,216,44,99,42,225,61,520,67,365,29,93,13,25,0,9,146,62,76,153,208,557,70,166,52,123,26,234,28,87,55,188,56,390,69,344,24,89,7,28,1,65,33,146,31,186,38,77,7,46,6,100,40,123,46,118,14,18,1,187,54,152,24,206,44,83,7,23,2,46,7,501,27,811,6266,Grade 3
Lateral Tibia of G3_44.jpg,429,153,47,11,175,81,90,161,54,75,81,242,44,4,183,90,64,72,97,133,40,149,56,75,66,216,63,157,47,177,27,6,195,80,72,124,108,262,66,186,58,127,27,191,56,77,70,231,49,232,60,216,39,129,29,42,2,10,187,90,88,132,111,246,67,132,75,124,30,163,33,84,69,256,59,269,71,258,37,126,30,41,7,73,83,187,58,179,71,119,25,150,32,143,49,188,28,138,20,51,2,176,57,144,20,149,40,136,27,35,3,120,36,715,67,1080,5925,Grade 3
Lateral Tibia of G3_5.jpg,414,97,39,7,226,70,69,230,31,80,62,224,41,11,200,96,55,66,82,122,44,99,35,68,79,219,33,120,37,141,31,4,208,63,89,140,205,324,50,183,59,155,17,224,35,99,53,259,47,352,64,292,17,97,16,37,2,11,232,80,91,173,162,342,85,206,52,134,17,178,35,83,54,212,38,320,54,289,26,112,13,25,1,78,81,140,42,187,53,99,7,84,17,148,42,162,22,153,28,44,1,225,82,139,19,190,34,110,14,38,0,87,20,591,32,921,6107,Grade 3
Lateral Tibia of G3_6.jpg,474,142,59,10,181,93,67,181,62,90,69,232,50,8,192,91,67,88,68,152,56,156,50,93,75,251,57,143,42,170,26,12,199,83,68,107,126,241,66,185,70,158,33,177,51,95,70,217,50,215,62,241,34,148,30,35,7,10,195,68,84,123,118,221,60,164,71,129,22,161,46,72,68,239,52,288,54,230,32,133,20,51,6,82,77,118,50,155,64,118,26,123,36,166,52,183,38,137,25,41,2,179,55,115,28,159,47,127,22,38,3,121,44,709,78,1146,5865,Grade 3
Lateral Tibia of G3_7.jpg,357,145,73,11,123,68,69,196,67,99,59,233,82,12,146,79,53,89,53,142,45,131,72,90,69,224,62,176,62,145,36,9,132,85,82,119,80,296,76,186,56,133,31,215,68,94,61,212,77,239,59,248,47,112,20,40,8,5,129,79,74,136,95,236,70,159,52,142,43,177,54,98,68,264,92,282,69,231,43,114,32,39,3,66,54,152,44,191,58,113,32,125,37,133,41,151,38,123,40,36,4,163,64,131,36,190,58,122,36,47,5,122,35,664,79,1080,6091,Grade 3
Lateral Tibia of G3_8.jpg,448,84,49,14,190,90,87,221,48,102,55,222,41,9,190,99,56,117,49,133,38,105,50,90,94,255,57,137,38,152,35,10,168,90,77,207,158,370,64,210,75,124,24,211,51,99,56,244,50,313,72,263,35,116,26,28,2,8,207,81,80,183,138,337,90,174,55,126,31,202,53,112,59,214,56,276,55,266,23,104,17,31,0,74,63,133,31,178,63,94,13,93,20,124,42,109,26,123,32,24,1,173,61,116,32,174,42,102,20,33,2,97,13,561,41,955,6052,Grade 3
Lateral Tibia of G3_9.jpg,359,117,65,11,140,75,82,203,67,94,56,267,85,13,165,103,52,103,56,150,50,95,54,83,62,206,53,148,56,149,33,13,163,67,73,167,137,231,52,181,52,124,37,215,60,115,55,242,79,378,103,224,39,124,24,30,5,11,124,97,82,142,115,398,105,215,68,126,25,166,41,103,74,230,69,253,54,225,31,104,18,23,0,119,54,164,57,167,55,102,27,107,18,140,47,145,42,136,39,32,5,203,68,120,35,197,43,89,21,29,2,95,12,581,53,956,6103,Grade 3
Lateral Tibia of G4_1.jpg,405,159,42,20,211,95,82,220,47,91,71,214,51,6,227,106,63,83,80,132,55,132,45,88,81,196,46,113,50,125,21,9,226,93,79,133,127,187,59,161,64,139,25,233,50,98,48,188,52,284,74,235,20,117,15,43,2,13,221,83,74,157,129,265,86,197,69,130,25,181,59,109,60,219,44,214,72,221,27,125,15,37,3,78,83,109,49,164,63,122,22,116,30,118,47,152,25,119,17,24,2,179,61,121,27,181,53,101,25,31,3,133,27,713,75,1200,5890,Grade 4
Lateral Tibia of G4_2.jpg,402,140,46,14,229,103,97,168,41,83,68,276,53,16,184,112,41,89,62,175,71,141,66,69,58,211,50,125,51,146,28,12,210,86,88,162,114,220,61,155,58,151,28,221,58,85,66,241,64,332,82,226,27,125,18,35,2,10,171,76,71,144,116,337,68,239,46,100,23,172,44,96,50,207,46,245,65,241,36,105,17,27,4,84,61,138,33,158,62,123,26,114,24,147,49,181,33,138,25,39,4,215,48,102,30,161,43,112,23,20,0,115,28,598,55,1012,6077,Grade 4
Lateral Tibia of G4_3.jpg,498,102,28,5,266,46,88,206,26,64,46,278,46,7,194,85,72,59,92,186,38,107,19,55,62,244,12,143,33,216,10,4,289,70,102,118,205,251,38,141,58,142,22,202,22,53,44,281,45,435,67,348,23,118,9,67,2,7,207,72,63,116,218,443,70,209,68,114,13,173,38,90,45,224,26,230,33,352,16,111,11,38,1,51,91,136,26,150,48,118,9,76,14,198,31,159,19,160,13,66,0,198,65,126,8,146,41,104,3,39,1,80,19,634,18,882,6130,Grade 4
Lateral Tibia of G4_4.jpg,431,117,68,2,134,70,79,189,65,99,62,242,87,10,139,80,70,72,61,130,54,131,84,67,56,234,64,163,38,147,49,5,134,67,71,146,101,251,83,179,47,111,35,207,79,101,64,275,103,316,77,266,43,122,19,24,5,14,140,84,71,140,101,364,76,181,51,138,33,172,48,93,64,229,59,258,62,292,43,110,32,34,6,80,50,140,48,173,54,118,20,95,26,163,50,137,53,121,34,36,5,214,60,135,47,162,54,112,20,40,5,107,22,649,81,1015,5984,Grade 4
Lateral Tibia of G4_5.jpg,395,120,60,14,160,87,77,205,59,90,58,239,61,7,149,76,59,72,78,134,54,115,67,86,72,236,44,139,37,173,48,5,166,87,76,141,107,242,59,161,60,122,34,201,57,83,50,244,64,313,83,254,31,134,35,37,5,8,160,76,73,137,105,346,92,202,47,108,22,176,66,90,66,243,66,264,63,296,38,132,25,31,2,86,73,131,45,176,46,120,26,111,28,174,58,177,35,135,35,44,2,172,53,140,22,161,58,124,27,30,5,99,32,651,68,1002,6058,Grade 4
Lateral Tibia of G4_6.jpg,553,96,44,6,206,63,88,213,34,123,55,246,51,15,191,118,66,73,65,132,46,110,44,74,92,226,61,138,39,123,25,12,223,77,85,167,181,346,54,196,59,138,31,219,49,102,58,216,57,381,77,265,18,108,17,44,1,18,204,66,75,161,168,361,72,192,69,144,22,177,52,96,71,224,36,338,70,283,14,96,12,36,0,73,54,133,31,186,79,111,11,73,18,130,45,124,35,143,15,25,0,213,54,124,21,207,43,97,17,32,1,72,14,561,44,929,5884,Grade 4
Lateral Tibia of G4_7.jpg,502,96,52,16,224,82,80,197,48,103,55,247,57,12,196,109,65,82,85,143,48,115,40,97,58,170,43,115,36,121,17,12,209,73,88,148,159,181,41,140,61,129,26,249,55,80,71,231,74,400,88,232,25,134,11,35,2,24,178,94,68,145,145,397,79,194,82,129,24,207,52,108,53,171,34,245,48,242,19,109,14,28,4,83,69,94,43,156,54,71,18,96,22,161,43,126,32,121,43,27,5,218,57,126,21,216,55,103,10,23,4,85,24,662,51,1097,5934,Grade 4
Lateral Tibia of G4_8.jpg,477,129,67,13,182,71,78,288,53,101,47,201,49,15,168,97,57,74,60,72,49,157,69,86,92,221,63,102,45,119,32,22,187,80,100,139,144,279,90,184,54,145,28,274,59,88,57,185,54,234,88,269,36,113,17,37,1,14,153,78,68,126,147,221,54,150,73,148,41,259,69,76,61,176,39,215,68,248,32,77,24,29,2,79,54,71,42,128,50,106,14,91,31,88,32,129,37,137,41,26,1,152,74,118,31,240,84,87,19,39,9,127,36,817,95,1239,5817,Grade 4
Lateral Tibia of Nor_1.jpg,578,136,29,4,247,50,71,251,33,84,54,234,28,5,253,98,62,65,82,131,34,116,36,52,81,225,36,159,44,163,17,9,252,62,57,126,171,326,46,138,59,148,32,256,28,85,49,225,39,247,31,322,12,135,12,42,0,7,259,70,71,93,148,251,41,149,62,142,25,243,82,70,54,229,39,268,45,306,12,132,13,44,2,64,61,139,34,145,60,116,13,83,15,132,31,165,14,134,22,51,2,138,49,131,21,214,83,117,10,50,0,79,23,750,55,1036,5982,Normal
Lateral Tibia of Nor_10.jpg,418,97,43,14,178,92,84,242,59,98,56,250,36,12,193,93,52,90,61,140,49,108,47,74,80,195,42,124,49,144,30,12,233,87,101,176,151,311,53,191,54,107,23,188,47,100,49,225,46,352,65,278,29,92,14,25,3,7,196,92,75,164,175,347,73,223,57,124,29,177,42,99,49,199,41,303,57,295,23,101,14,29,4,98,64,166,58,200,66,117,9,88,26,144,47,158,34,149,19,17,1,232,70,131,22,188,42,93,17,25,2,101,27,535,37,978,6179,Normal
Lateral Tibia of Nor_11.jpg,443,110,55,7,175,85,74,231,45,98,57,221,40,20,206,96,46,88,65,126,56,115,49,80,77,217,42,118,45,114,35,16,174,73,73,154,138,306,79,163,69,152,41,215,43,85,53,200,32,253,71,259,25,109,13,33,1,13,196,92,85,155,145,279,66,172,63,155,32,210,64,113,67,222,39,325,75,293,24,115,20,37,1,102,73,128,42,183,73,117,12,90,22,111,29,142,37,142,30,21,1,146,69,148,39,213,68,111,15,20,0,88,26,599,54,1078,6012,Normal
Lateral Tibia of Nor_12.jpg,531,100,54,9,211,70,84,374,70,111,66,185,54,8,180,102,70,67,62,81,32,127,59,62,87,202,44,78,31,132,29,14,192,77,83,113,175,253,68,160,51,115,39,371,76,89,54,173,43,216,73,216,22,108,24,48,3,10,206,68,83,105,171,234,56,133,54,148,52,347,110,99,57,172,50,224,71,206,21,107,10,36,2,62,55,72,29,136,52,103,5,85,25,76,35,110,38,131,35,43,3,135,48,135,37,319,127,94,14,40,7,95,18,820,109,1336,5753,Normal
Lateral Tibia of Nor_13.jpg,375,172,69,7,111,100,63,211,73,80,72,253,62,10,131,97,74,98,69,179,55,171,62,87,69,220,67,207,57,181,66,8,134,78,76,121,112,191,50,172,62,170,38,203,71,68,64,215,75,251,54,225,47,117,36,35,7,9,138,76,67,124,106,261,72,184,69,126,26,165,58,77,49,210,71,240,65,261,55,113,42,42,4,86,49,127,48,164,58,101,27,144,33,145,35,120,43,135,37,33,3,134,69,113,30,188,55,123,31,29,5,124,34,697,103,1133,6018,Normal
Lateral Tibia of Nor_14.jpg,415,86,69,9,169,69,84,253,76,118,42,212,70,11,139,105,52,86,44,107,43,101,55,69,81,211,60,112,40,149,53,8,141,78,102,162,165,341,76,136,56,154,50,228,67,94,57,253,58,408,105,296,26,102,12,32,5,4,139,62,85,141,170,390,74,186,56,140,32,210,50,95,49,191,50,341,70,294,32,100,16,31,5,79,52,103,39,167,55,112,19,64,15,131,50,123,43,157,39,36,2,234,51,145,32,198,47,104,15,25,2,70,16,563,47,944,6037,Normal
Lateral Tibia of Nor_15.jpg,414,107,48,11,160,68,76,219,73,78,54,220,57,11,168,79,57,74,65,129,57,106,48,60,63,205,45,120,40,131,38,4,156,70,90,151,133,319,66,171,68,143,25,257,61,93,56,245,70,454,85,294,26,121,15,39,3,8,151,66,69,164,127,407,99,219,43,142,33,211,55,93,50,219,42,334,66,308,31,101,17,26,0,62,44,111,54,178,33,101,20,75,20,126,30,119,42,138,38,31,1,163,53,129,30,195,71,114,21,24,3,73,22,566,43,940,6176,Normal
Lateral Tibia of Nor_16.jpg,399,138,34,2,184,70,67,230,42,93,55,228,48,9,160,72,57,70,77,197,49,93,63,80,83,250,47,168,63,204,43,12,193,66,63,124,134,327,61,200,60,155,24,183,52,87,60,217,48,301,69,307,26,114,22,41,1,4,175,61,60,105,128,273,58,177,60,122,34,167,47,67,55,241,48,279,67,306,33,107,17,21,1,95,79,147,51,182,50,101,14,95,23,196,46,221,37,137,28,32,1,187,50,140,25,161,43,126,23,38,0,112,23,605,55,965,6186,Normal
Lateral Tibia of Nor_17.jpg,381,130,51,13,158,72,63,216,55,104,61,222,62,10,181,89,51,89,83,178,56,102,48,75,82,226,67,163,51,198,40,15,181,79,65,160,115,388,85,217,66,132,22,191,61,95,72,205,58,205,56,283,42,122,23,27,2,9,211,79,68,152,111,273,50,204,60,144,37,160,49,74,58,259,76,320,75,275,36,116,18,28,4,80,52,160,55,223,58,119,23,94,26,176,49,174,39,125,28,22,2,202,53,132,29,165,37,105,26,29,2,91,23,563,64,957,6143,Normal
Lateral Tibia of Nor_18.jpg,337,89,70,8,139,81,77,241,62,100,58,223,87,8,140,84,58,84,47,147,44,99,69,76,57,226,63,146,42,143,52,7,155,76,70,133,131,318,67,191,63,111,43,225,62,105,61,205,67,346,78,286,27,95,22,29,3,13,166,70,61,159,142,397,86,197,56,130,47,200,53,80,48,238,64,376,90,285,32,115,21,26,4,83,41,142,42,196,55,85,12,80,18,150,50,156,47,135,29,38,5,180,56,138,28,197,47,113,15,25,4,69,16,550,50,933,6165,Normal
Lateral Tibia of Nor_19.jpg,448,113,58,6,158,69,81,244,54,104,61,196,51,12,172,85,57,68,71,126,27,101,52,68,76,237,55,125,60,124,34,10,157,72,75,161,169,398,90,197,63,131,35,272,63,98,47,209,40,311,64,324,23,112,14,33,4,10,174,58,81,167,165,312,55,140,54,130,26,226,61,93,49,218,66,398,98,309,25,112,13,32,2,64,52,100,37,193,58,97,22,78,15,97,43,122,32,120,34,22,1,158,64,136,35,225,65,108,28,35,4,62,21,616,54,978,6008,Normal
Lateral Tibia of Nor_2.jpg,493,100,55,12,199,92,62,197,38,100,65,239,37,11,198,88,49,88,72,144,35,109,40,69,73,295,50,156,50,145,31,6,206,85,53,155,163,350,79,208,69,122,19,179,34,104,80,238,42,271,56,303,19,118,13,37,0,10,235,64,67,165,151,292,44,191,59,134,21,169,47,91,69,237,37,362,68,313,25,107,16,36,1,84,74,132,31,199,68,117,11,94,19,135,43,174,32,110,11,34,0,167,64,151,18,156,37,107,13,32,1,82,20,580,35,927,6104,Normal
Lateral Tibia of Nor_20.jpg,349,115,49,14,172,86,69,151,48,89,42,229,62,13,154,93,74,103,72,175,57,146,55,72,63,225,48,193,53,174,37,12,149,83,74,106,110,238,59,189,80,146,45,179,58,85,64,220,54,280,74,214,36,130,20,33,1,12,148,82,79,142,122,303,71,216,66,135,37,134,50,110,51,226,52,232,56,264,29,111,18,24,2,104,74,196,53,180,75,107,33,116,32,161,56,179,42,147,37,37,5,177,64,121,26,156,43,143,20,28,3,110,22,597,57,1048,6150,Normal
Lateral Tibia of Nor_21.jpg,431,111,63,14,169,110,71,180,59,76,58,256,59,14,127,89,64,125,100,188,58,145,59,87,62,241,53,167,63,201,34,9,166,101,69,151,119,229,55,196,64,141,23,147,77,78,48,240,70,282,78,273,43,114,18,37,3,4,160,84,61,141,103,284,69,205,66,116,22,144,39,90,54,216,49,213,57,239,54,132,18,31,4,100,80,160,37,204,56,120,22,114,23,207,56,196,34,126,31,29,4,174,61,119,28,143,38,137,22,38,3,111,37,577,42,954,6108,Normal
Lateral Tibia of Nor_22.jpg,593,92,45,8,210,62,90,245,43,75,74,234,44,5,219,83,49,65,59,129,27,105,52,79,63,219,31,122,28,138,24,8,243,58,101,148,205,364,57,169,62,137,25,222,33,83,43,193,31,417,63,341,11,96,7,30,0,10,246,70,86,167,198,485,71,179,71,130,20,200,51,85,48,216,37,378,50,318,14,121,13,36,1,54,54,115,29,146,45,128,7,74,21,128,26,125,19,142,10,40,4,184,49,121,18,152,50,83,11,29,1,73,21,606,34,939,5964,Normal
Lateral Tibia of Nor_23.jpg,523,138,25,4,257,61,75,264,24,65,73,235,30,9,226,76,66,64,82,142,31,123,32,59,74,245,31,151,38,175,21,9,261,42,73,116,164,314,54,195,62,146,18,257,34,75,55,256,34,257,46,274,16,136,11,45,3,5,236,52,69,106,139,277,55,173,64,143,25,209,58,65,64,243,36,222,51,286,13,129,7,43,0,71,79,138,32,176,69,123,12,106,18,161,36,159,21,131,20,45,1,165,65,143,22,202,63,129,13,41,0,83,31,701,36,1034,6027,Normal
Lateral Tibia of Nor_24.jpg,355,100,45,11,146,79,97,225,66,101,47,279,69,8,148,114,63,92,64,128,41,93,63,90,79,235,65,148,45,158,43,10,159,87,84,149,119,270,71,176,65,126,41,218,54,109,52,223,57,339,76,255,44,114,24,43,5,8,155,82,69,156,137,343,79,195,70,134,26,194,52,68,57,235,64,309,61,261,34,113,16,36,3,84,59,148,49,159,63,104,24,89,10,120,35,127,43,121,43,49,4,171,66,124,31,204,42,120,13,26,2,85,20,593,54,971,6133,Normal
Lateral Tibia of Nor_25.jpg,380,108,69,6,131,79,75,216,89,106,60,265,66,5,170,105,55,100,44,156,52,103,59,76,60,230,57,149,47,161,57,9,154,60,67,183,105,274,81,186,64,126,39,208,61,82,60,210,59,315,75,264,33,112,26,26,4,12,130,88,72,171,108,353,72,195,70,150,36,193,38,84,54,229,62,325,64,289,41,122,22,27,6,88,53,143,41,172,62,108,27,104,20,143,49,132,51,140,33,33,1,199,49,125,30,184,40,92,22,24,6,87,19,539,65,943,6159,Normal
Lateral Tibia of Nor_26.jpg,422,107,46,6,171,89,60,226,56,108,54,211,44,11,189,97,60,70,59,137,38,106,44,75,85,266,61,136,61,132,29,7,170,83,62,140,151,338,71,197,66,124,30,240,55,89,60,217,36,295,61,280,33,106,15,23,4,9,189,80,95,149,155,270,67,154,53,119,29,220,55,91,62,257,54,370,68,301,33,143,18,34,0,85,68,133,41,189,78,104,14,63,19,125,37,126,30,154,26,27,4,149,62,131,21,185,55,109,22,31,2,89,15,612,53,1020,6083,Normal
Lateral Tibia of Nor_27.jpg,496,126,53,8,174,84,85,299,62,76,92,218,72,11,127,72,56,67,50,149,32,136,62,81,70,186,53,108,41,137,25,8,178,79,94,131,110,253,68,127,40,138,39,260,54,86,64,248,78,333,87,289,41,105,26,43,1,6,142,70,74,128,117,351,71,158,49,120,42,222,92,71,51,202,43,217,60,269,37,111,27,40,8,69,74,116,27,127,46,102,26,121,30,138,33,135,32,110,24,50,5,169,49,125,30,232,80,123,24,37,4,112,32,705,103,1095,5939,Normal
Lateral Tibia of Nor_28.jpg,320,214,69,5,154,92,56,116,83,80,72,242,74,8,135,71,59,108,100,217,58,210,80,109,53,221,70,227,63,229,37,4,137,105,58,125,64,190,56,173,69,129,17,132,83,77,79,235,48,214,69,247,65,159,46,34,4,6,129,106,46,110,71,252,66,194,60,105,25,124,32,68,73,220,70,175,47,240,55,140,32,41,6,105,91,174,55,145,63,131,39,163,39,228,66,203,39,110,21,38,5,180,61,104,18,104,35,157,43,34,1,169,50,631,78,992,6107,Normal
Lateral Tibia of Nor_29.jpg,442,257,49,10,173,86,68,176,55,67,75,209,41,6,202,78,75,77,119,154,49,260,68,101,83,217,40,168,53,176,28,13,200,98,70,106,68,137,48,144,69,104,14,173,59,76,69,215,55,160,55,172,37,167,44,48,4,8,192,108,52,101,79,153,50,155,74,105,14,129,39,79,73,192,52,135,44,155,42,143,29,29,1,91,112,195,46,124,59,159,34,222,84,154,64,163,34,102,18,40,2,157,60,102,19,158,30,147,32,46,6,223,82,768,91,1269,5875,Normal
Lateral Tibia of Nor_3.jpg,369,108,66,6,157,69,90,268,62,64,77,241,89,9,144,94,68,74,49,166,40,92,62,81,64,221,62,111,40,137,43,5,166,63,85,118,131,295,73,172,69,181,41,230,45,66,53,245,79,410,77,284,31,123,20,38,4,5,136,72,67,143,156,383,89,182,53,135,37,194,56,97,43,206,55,259,55,292,36,111,22,38,0,69,45,119,39,180,56,108,26,95,17,146,51,125,46,115,36,33,5,169,51,148,36,199,58,108,16,35,4,75,25,646,48,961,6081,Normal
Lateral Tibia of Nor_30.jpg,460,134,74,9,150,88,75,325,61,76,73,242,86,10,142,91,57,77,59,150,52,124,78,62,81,205,64,114,46,145,47,12,167,60,79,109,138,200,64,155,58,136,39,299,64,81,49,188,71,206,74,230,31,113,16,37,6,5,159,65,79,125,150,286,95,148,60,132,47,293,109,84,69,197,65,249,62,268,41,136,28,45,4,54,42,110,40,113,54,120,22,115,23,102,35,109,37,137,38,36,2,145,45,100,42,256,84,102,20,39,4,102,24,783,105,1220,5755,Normal
Lateral Tibia of Nor_31.jpg,361,117,71,26,159,82,73,380,120,107,73,151,59,31,153,106,51,56,56,74,42,114,88,75,71,119,56,90,38,89,54,16,173,69,84,100,111,147,73,105,52,122,50,431,129,93,53,148,58,172,65,141,24,72,21,37,11,24,170,59,65,99,99,155,74,101,53,134,54,389,144,104,43,134,40,173,75,126,26,95,29,32,10,73,39,64,30,96,48,84,22,95,31,68,31,86,43,112,47,48,11,102,54,137,63,386,142,72,18,36,7,102,28,961,178,1610,5698,Normal
Lateral Tibia of Nor_32.jpg,554,133,60,11,186,79,70,325,74,107,70,188,46,5,204,91,65,77,65,113,38,118,67,74,66,181,45,122,29,150,38,11,187,67,93,112,154,185,56,129,59,144,42,415,82,83,56,195,48,171,62,169,19,95,19,33,0,17,183,49,91,90,113,200,63,122,54,137,39,290,138,105,84,175,40,177,62,189,25,105,17,36,9,67,55,101,34,126,59,86,19,88,25,152,43,146,43,146,25,39,8,137,56,143,56,359,130,89,16,39,2,90,18,844,98,1335,5642,Normal
Lateral Tibia of Nor_33.jpg,424,245,74,9,176,69,62,158,79,68,65,251,84,14,159,76,85,106,101,189,62,219,70,86,48,175,42,163,51,162,25,8,176,111,71,119,83,169,60,161,54,103,30,152,76,54,64,234,48,214,65,216,58,125,33,32,2,13,159,122,57,156,92,272,71,182,68,124,20,127,28,84,53,171,56,168,47,258,63,140,34,31,6,82,99,177,48,163,60,148,35,192,38,184,55,151,23,102,30,35,6,166,62,101,19,130,36,152,31,30,2,183,64,707,80,1108,5932,Normal
Lateral Tibia of Nor_34.jpg,445,108,76,9,148,61,61,388,78,99,56,180,47,18,187,95,70,67,47,100,41,93,68,80,88,217,68,115,40,110,41,8,169,56,77,124,156,255,83,176,68,163,33,373,74,85,54,168,36,213,79,223,27,106,18,55,4,13,193,56,94,125,151,208,60,117,58,134,41,312,119,67,59,197,44,325,63,223,30,109,7,27,5,74,38,79,44,154,54,87,16,75,27,63,38,104,33,130,34,29,5,125,64,141,34,322,105,96,19,32,4,93,35,781,90,1239,5798,Normal
Lateral Tibia of Nor_35.jpg,376,103,59,11,139,86,96,251,55,107,50,234,66,14,131,111,53,84,59,158,60,111,68,86,69,233,57,158,54,195,51,14,136,75,63,163,130,315,73,205,64,133,42,239,69,76,52,182,58,291,86,316,45,103,16,37,3,15,159,55,65,163,130,338,86,219,66,146,37,199,43,76,55,191,53,309,73,295,44,110,25,35,6,74,42,141,51,175,54,104,15,83,19,101,37,136,43,112,38,25,3,157,62,120,34,192,29,100,20,19,4,87,20,596,60,965,6148,Normal
Lateral Tibia of Nor_36.jpg,431,130,67,13,188,88,73,217,46,95,55,273,70,11,146,108,45,72,79,159,47,119,56,76,64,212,45,145,40,149,28,10,166,66,78,148,128,289,54,160,66,129,36,200,51,87,54,260,46,332,72,263,39,104,22,36,1,13,157,74,59,143,141,394,86,230,60,148,36,193,47,95,53,233,41,272,56,309,29,108,20,31,1,94,51,147,49,178,51,97,24,99,23,209,48,166,27,132,34,26,1,204,65,118,24,159,44,97,16,24,2,112,21,580,46,933,6295,Normal
Lateral Tibia of Nor_37.jpg,391,95,60,7,149,73,86,224,45,111,66,255,57,9,171,115,48,88,53,130,42,94,62,83,88,249,54,142,43,144,37,8,166,78,79,177,149,368,67,170,74,142,33,231,53,99,67,221,48,297,71,308,23,112,15,34,3,6,177,77,88,159,147,333,67,192,60,126,36,200,49,109,42,209,55,339,78,295,29,103,16,34,0,67,55,86,38,176,56,96,11,77,19,130,59,138,31,120,24,29,5,160,65,124,23,210,56,105,22,39,2,74,16,591,40,970,6135,Normal
Lateral Tibia of Nor_38.jpg,408,108,73,9,145,73,91,229,81,116,44,224,53,11,144,95,61,76,41,105,46,115,65,84,68,201,66,126,57,143,44,5,185,73,63,155,117,319,78,193,69,139,30,252,69,74,44,199,58,317,101,244,39,97,24,37,6,14,165,87,85,151,111,312,77,197,63,145,41,202,49,94,58,219,53,305,68,281,46,106,23,29,1,77,51,104,55,185,75,96,23,84,23,102,42,125,42,148,47,46,4,192,65,119,34,223,53,109,14,28,3,103,26,623,69,1044,5965,Normal
Lateral Tibia of Nor_39.jpg,370,126,86,8,141,86,69,208,76,118,59,228,53,9,150,84,57,93,61,145,44,153,65,79,76,257,61,154,49,162,56,10,155,80,66,164,133,264,65,180,64,136,44,206,68,90,65,208,38,221,54,245,41,111,22,31,2,8,168,88,60,150,132,286,83,171,75,157,31,174,59,99,52,209,57,253,74,245,38,131,33,31,2,68,47,136,38,181,56,115,27,122,32,114,38,151,51,94,24,22,3,152,70,137,30,206,48,106,30,37,2,106,39,656,80,1101,6032,Normal
Lateral Tibia of Nor_4.jpg,392,124,70,11,159,75,66,187,61,90,54,217,55,8,155,78,57,89,83,146,48,148,64,92,82,265,70,177,46,205,42,8,166,68,88,147,90,272,78,184,58,117,27,205,64,86,59,246,59,245,65,306,46,152,15,38,4,6,181,89,68,98,104,257,44,168,55,143,41,149,55,94,48,232,55,281,73,242,32,105,22,33,1,88,66,157,52,175,61,126,29,113,26,176,51,193,54,136,38,34,1,164,42,130,32,189,45,125,33,38,5,120,28,625,74,983,6062,Normal
Lateral Tibia of Nor_5.jpg,420,142,48,15,175,73,58,170,45,102,60,211,38,11,199,97,85,97,94,181,51,160,42,86,81,269,64,253,60,183,31,15,150,81,68,155,119,314,86,245,65,109,25,169,38,79,61,210,48,226,48,243,38,107,21,30,2,10,225,70,72,135,122,182,44,182,54,137,23,144,27,90,48,252,50,312,70,204,32,132,19,31,3,104,74,163,48,212,52,100,23,130,23,205,44,166,30,122,22,29,5,168,60,122,27,138,42,121,16,28,6,119,16,582,54,963,6150,Normal
Lateral Tibia of Nor_6.jpg,468,119,35,15,197,88,89,221,41,87,59,208,30,10,241,72,67,87,68,155,47,121,44,70,83,258,52,144,52,135,20,13,201,84,70,157,178,395,67,218,69,126,28,215,57,94,47,202,33,252,56,270,18,119,9,29,2,15,224,79,84,134,167,242,48,182,59,123,35,202,33,86,72,246,47,446,53,245,23,137,17,37,0,83,80,150,39,211,56,122,11,86,14,101,28,140,30,110,20,19,3,180,61,145,29,187,48,118,13,32,1,71,15,565,41,963,6022,Normal
Lateral Tibia of Nor_7.jpg,455,124,61,7,159,80,107,213,52,84,62,260,72,9,171,94,68,96,79,167,54,111,62,88,54,211,55,128,48,151,41,11,208,77,79,148,138,276,55,167,52,155,39,194,57,103,53,228,55,331,59,263,24,119,16,25,4,10,186,89,59,169,155,377,79,220,55,125,26,202,41,114,61,218,50,262,59,295,46,108,19,31,2,68,54,104,41,171,67,121,22,118,20,152,51,164,41,141,26,51,1,204,73,144,31,169,47,99,19,16,3,89,36,550,60,929,5932,Normal
Lateral Tibia of Nor_8.jpg,412,85,63,14,107,76,81,278,63,108,57,201,49,8,166,112,61,77,57,85,46,84,69,66,77,244,71,140,47,122,29,8,124,84,77,174,152,465,112,193,59,133,38,278,67,122,54,176,37,240,60,246,27,94,14,22,1,6,200,63,85,179,160,271,67,148,79,153,31,223,51,90,43,221,80,437,99,267,20,108,17,29,8,83,44,101,41,190,55,91,19,95,22,91,47,114,40,117,31,23,0,156,54,159,35,238,54,93,17,27,1,80,29,614,46,977,6049,Normal
Lateral Tibia of Nor_9.jpg,447,115,34,5,160,79,89,233,49,108,60,223,39,7,218,105,45,57,58,111,44,134,44,60,89,221,44,93,34,135,27,5,200,59,72,139,179,376,60,163,63,160,33,245,58,99,57,229,39,306,65,272,22,95,15,30,1,10,211,62,75,140,191,306,75,180,60,126,21,236,77,100,57,215,50,361,67,278,20,104,15,23,1,56,50,99,32,163,50,102,12,76,30,79,27,119,31,133,19,23,2,159,57,124,28,236,75,113,16,33,0,100,20,684,57,1087,6030,Normal
