File,LCP_1,LCP_2,LCP_3,LCP_4,LCP_5,LCP_6,LCP_7,LCP_8,LCP_9,LCP_10,LCP_11,LCP_12,LCP_13,LCP_14,LCP_15,LCP_16,LCP_17,LCP_18,LCP_19,LCP_20,LCP_21,LCP_22,LCP_23,LCP_24,LCP_25,LCP_26,LCP_27,LCP_28,LCP_29,LCP_30,LCP_31,LCP_32,LCP_33,LCP_34,LCP_35,LCP_36,LCP_37,LCP_38,LCP_39,LCP_40,LCP_41,LCP_42,LCP_43,LCP_44,LCP_45,LCP_46,LCP_47,LCP_48,LCP_49,LCP_50,LCP_51,LCP_52,LCP_53,LCP_54,LCP_55,LCP_56,LCP_57,LCP_58,LCP_59,LCP_60,LCP_61,LCP_62,LCP_63,LCP_64,LCP_65,LCP_66,LCP_67,LCP_68,LCP_69,LCP_70,LCP_71,LCP_72,LCP_73,LCP_74,LCP_75,LCP_76,LCP_77,LCP_78,LCP_79,LCP_80,LCP_81,class
Literal Femur of Normal_1.jpg,1.03E+00,7.51E-02,2.98E-01,8.74E-02,1.89E-01,8.74E-02,2.98E-01,7.51E-02,636,1.02E+00,3.55E-02,1.27E-01,3.29E-02,2.53E-01,3.29E-02,1.27E-01,3.55E-02,841,1.01E+00,1.68E-02,1.11E-01,2.07E-01,1.89E-01,2.07E-01,1.11E-01,1.68E-02,700,1.01E+00,6.23E-03,1.30E-01,8.39E-02,1.50E-01,8.39E-02,1.30E-01,6.23E-03,775,1.00E+00,9.33E-03,2.60E-01,3.97E-02,7.09E-02,3.97E-02,2.60E-01,9.33E-03,811,9.95E-01,1.91E-02,1.61E-01,1.34E-01,1.62E-01,1.34E-01,1.61E-01,1.91E-02,927,9.90E-01,3.61E-02,1.46E-01,5.91E-02,2.31E-01,5.91E-02,1.46E-01,3.61E-02,868,9.85E-01,4.49E-02,2.44E-01,9.65E-02,2.85E-01,9.65E-02,2.44E-01,4.49E-02,915,9.76E-01,2.11E-02,3.56E-01,1.20E-01,2.10E-01,1.20E-01,3.56E-01,2.11E-02,910,Nor
Literal Femur of Normal_10.jpg,1.05E+00,1.05E-01,5.23E-01,2.23E-02,5.99E-02,2.23E-02,5.23E-01,1.05E-01,837,1.04E+00,8.56E-02,3.10E-01,3.51E-02,1.53E-01,3.51E-02,3.10E-01,8.56E-02,945,1.02E+00,1.06E-01,1.14E-01,3.86E-02,1.92E-01,3.86E-02,1.14E-01,1.06E-01,634,1.01E+00,2.82E-02,1.47E-01,6.97E-02,2.76E-03,6.97E-02,1.47E-01,2.82E-02,602,1.00E+00,5.74E-02,2.64E-01,3.96E-02,1.25E-01,3.96E-02,2.64E-01,5.74E-02,636,9.89E-01,2.18E-02,1.40E-01,1.85E-02,1.38E-01,1.85E-02,1.40E-01,2.18E-02,669,9.78E-01,8.47E-02,1.44E-01,1.06E-01,7.64E-02,1.06E-01,1.44E-01,8.47E-02,808,9.69E-01,1.11E-01,4.36E-01,1.12E-01,5.03E-02,1.12E-01,4.36E-01,1.11E-01,959,9.50E-01,1.84E-02,6.52E-01,1.23E-01,2.27E-01,1.23E-01,6.52E-01,1.84E-02,1003,Nor
Literal Femur of Normal_11.jpg,1.04E+00,7.34E-02,3.60E-01,6.54E-02,2.18E-01,6.54E-02,3.60E-01,7.34E-02,848,1.03E+00,1.05E-01,1.97E-01,1.54E-01,2.04E-01,1.54E-01,1.97E-01,1.05E-01,895,1.02E+00,5.81E-02,7.84E-02,1.17E-01,1.63E-02,1.17E-01,7.84E-02,5.81E-02,664,1.01E+00,2.30E-02,9.13E-02,1.03E-01,5.46E-02,1.03E-01,9.13E-02,2.30E-02,589,1.00E+00,2.34E-02,2.23E-01,4.21E-02,8.75E-02,4.21E-02,2.23E-01,2.34E-02,618,9.93E-01,4.01E-02,1.07E-01,2.33E-02,1.42E-01,2.33E-02,1.07E-01,4.01E-02,622,9.83E-01,5.11E-02,1.08E-01,3.68E-02,1.81E-02,3.68E-02,1.08E-01,5.11E-02,783,9.75E-01,3.55E-02,2.36E-01,1.49E-02,7.77E-02,1.49E-02,2.36E-01,3.55E-02,971,9.60E-01,9.42E-02,2.72E-01,4.17E-02,1.54E-01,4.17E-02,2.72E-01,9.42E-02,1060,Nor
Literal Femur of Normal_12.jpg,1.05E+00,9.90E-02,5.55E-01,3.75E-02,2.70E-01,3.75E-02,5.55E-01,9.90E-02,758,1.03E+00,6.88E-02,3.75E-01,2.35E-02,8.45E-02,2.35E-02,3.75E-01,6.88E-02,917,1.03E+00,4.23E-02,1.71E-01,9.83E-02,4.64E-02,9.83E-02,1.71E-01,4.23E-02,608,1.02E+00,2.64E-03,2.16E-01,7.60E-02,1.05E-01,7.60E-02,2.16E-01,2.64E-03,650,1.00E+00,9.38E-03,4.27E-01,9.20E-02,1.96E-01,9.20E-02,4.27E-01,9.38E-03,898,9.87E-01,3.05E-02,2.77E-01,4.70E-02,1.92E-01,4.70E-02,2.77E-01,3.05E-02,831,9.77E-01,7.14E-02,1.98E-01,7.96E-02,8.65E-02,7.96E-02,1.98E-01,7.14E-02,831,9.67E-01,6.64E-03,3.40E-01,2.07E-02,2.62E-01,2.07E-02,3.40E-01,6.64E-03,910,9.53E-01,3.61E-02,6.75E-01,5.35E-02,2.43E-01,5.35E-02,6.75E-01,3.61E-02,874,Nor
Literal Femur of Normal_13.jpg,1.06E+00,9.84E-02,6.46E-01,3.49E-02,4.59E-01,3.49E-02,6.46E-01,9.84E-02,910,1.04E+00,6.79E-02,4.67E-01,1.03E-02,5.42E-01,1.03E-02,4.67E-01,6.79E-02,999,1.03E+00,7.07E-02,2.01E-01,1.32E-01,1.12E-01,1.32E-01,2.01E-01,7.07E-02,605,1.02E+00,4.87E-02,1.76E-01,1.34E-02,3.25E-02,1.34E-02,1.76E-01,4.87E-02,488,1.00E+00,2.37E-02,2.93E-01,9.86E-02,5.28E-03,9.86E-02,2.93E-01,2.37E-02,555,9.88E-01,2.19E-02,1.87E-01,2.06E-02,2.14E-01,2.06E-02,1.87E-01,2.19E-02,582,9.77E-01,9.39E-02,2.22E-01,1.94E-02,9.07E-02,1.94E-02,2.22E-01,9.39E-02,647,9.66E-01,2.27E-02,4.74E-01,6.03E-02,4.00E-01,6.03E-02,4.74E-01,2.27E-02,1114,9.45E-01,6.96E-02,7.07E-01,9.94E-02,3.13E-01,9.94E-02,7.07E-01,6.96E-02,1032,Nor
Literal Femur of Normal_14.jpg,1.04E+00,8.84E-02,3.86E-01,3.07E-02,1.28E-01,3.07E-02,3.86E-01,8.84E-02,863,1.03E+00,7.00E-03,2.84E-01,4.19E-02,6.12E-02,4.19E-02,2.84E-01,7.00E-03,883,1.02E+00,5.31E-02,9.43E-02,8.64E-02,6.01E-02,8.64E-02,9.43E-02,5.31E-02,669,1.01E+00,1.97E-02,1.05E-01,2.16E-02,1.81E-01,2.16E-02,1.05E-01,1.97E-02,587,1.00E+00,1.94E-02,2.21E-01,3.68E-02,9.69E-02,3.68E-02,2.21E-01,1.94E-02,623,9.92E-01,2.98E-02,7.11E-02,2.08E-02,1.53E-01,2.08E-02,7.11E-02,2.98E-02,681,9.81E-01,4.02E-02,1.24E-01,8.35E-02,2.72E-01,8.35E-02,1.24E-01,4.02E-02,826,9.72E-01,3.32E-02,2.81E-01,6.50E-02,9.69E-04,6.50E-02,2.81E-01,3.32E-02,979,9.56E-01,6.03E-02,4.78E-01,1.08E-01,2.81E-02,1.08E-01,4.78E-01,6.03E-02,969,Nor
Literal Femur of Normal_15.jpg,1.05E+00,7.22E-02,3.22E-01,7.38E-02,4.18E-01,7.38E-02,3.22E-01,7.22E-02,912,1.03E+00,3.47E-02,1.63E-01,8.97E-02,3.37E-02,8.97E-02,1.63E-01,3.47E-02,897,1.02E+00,1.68E-02,8.28E-02,2.63E-02,6.37E-02,2.63E-02,8.28E-02,1.68E-02,722,1.01E+00,9.46E-03,5.43E-02,9.99E-02,4.92E-02,9.99E-02,5.43E-02,9.46E-03,569,1.00E+00,2.46E-02,1.34E-01,4.29E-02,7.68E-02,4.29E-02,1.34E-01,2.46E-02,546,9.92E-01,2.02E-02,8.11E-02,3.55E-02,5.58E-02,3.55E-02,8.11E-02,2.02E-02,630,9.79E-01,2.65E-02,1.19E-01,1.09E-01,2.32E-01,1.09E-01,1.19E-01,2.65E-02,796,9.68E-01,4.23E-02,1.94E-01,5.59E-02,1.08E-01,5.59E-02,1.94E-01,4.23E-02,1000,9.51E-01,6.58E-02,3.96E-01,1.64E-01,3.69E-01,1.64E-01,3.96E-01,6.58E-02,1051,Nor
Literal Femur of Normal_16.jpg,1.06E+00,8.80E-02,2.62E-01,9.76E-02,3.36E-01,9.76E-02,2.62E-01,8.80E-02,882,1.04E+00,5.38E-03,1.15E-01,1.47E-01,1.85E-02,1.47E-01,1.15E-01,5.38E-03,888,1.03E+00,6.72E-02,6.42E-02,4.92E-02,7.23E-02,4.92E-02,6.42E-02,6.72E-02,697,1.02E+00,3.72E-02,1.06E-01,1.46E-01,1.62E-01,1.46E-01,1.06E-01,3.72E-02,603,1.00E+00,2.34E-02,2.21E-01,2.81E-02,2.33E-01,2.81E-02,2.21E-01,2.34E-02,645,9.88E-01,2.01E-02,1.24E-01,1.12E-01,2.79E-01,1.12E-01,1.24E-01,2.01E-02,628,9.74E-01,1.86E-02,6.64E-02,5.61E-02,2.34E-01,5.61E-02,6.64E-02,1.86E-02,796,9.60E-01,1.71E-02,2.39E-01,7.33E-02,5.49E-02,7.33E-02,2.39E-01,1.71E-02,928,9.36E-01,9.11E-02,3.96E-01,1.91E-02,2.38E-01,1.91E-02,3.96E-01,9.11E-02,1001,Nor
Literal Femur of Normal_17.jpg,1.07E+00,4.35E-02,4.70E-01,7.32E-02,2.64E-01,7.32E-02,4.70E-01,4.35E-02,913,1.05E+00,4.90E-02,3.19E-01,5.92E-02,2.29E-01,5.92E-02,3.19E-01,4.90E-02,944,1.03E+00,5.86E-02,1.31E-01,6.62E-02,6.64E-03,6.62E-02,1.31E-01,5.86E-02,606,1.02E+00,2.92E-02,5.26E-02,4.64E-02,2.86E-02,4.64E-02,5.26E-02,2.92E-02,547,1.00E+00,1.32E-02,1.62E-01,1.03E-01,4.00E-02,1.03E-01,1.62E-01,1.32E-02,537,9.87E-01,4.52E-02,2.19E-02,3.32E-02,2.28E-01,3.32E-02,2.19E-02,4.52E-02,582,9.70E-01,1.38E-02,1.06E-01,1.09E-01,2.68E-02,1.09E-01,1.06E-01,1.38E-02,717,9.55E-01,6.80E-02,3.12E-01,6.49E-02,1.77E-01,6.49E-02,3.12E-01,6.80E-02,1011,9.33E-01,1.13E-01,5.99E-01,1.58E-01,5.71E-01,1.58E-01,5.99E-01,1.13E-01,1083,Nor
Literal Femur of Normal_18.jpg,1.05E+00,7.61E-02,3.51E-01,2.60E-02,4.02E-01,2.60E-02,3.51E-01,7.61E-02,968,1.03E+00,8.57E-02,1.89E-01,3.35E-02,7.70E-03,3.35E-02,1.89E-01,8.57E-02,976,1.02E+00,4.70E-02,7.29E-02,7.28E-02,2.40E-02,7.28E-02,7.29E-02,4.70E-02,628,1.01E+00,3.45E-02,6.05E-02,2.10E-02,5.20E-02,2.10E-02,6.05E-02,3.45E-02,453,1.00E+00,2.88E-02,1.39E-01,3.10E-02,3.10E-02,3.10E-02,1.39E-01,2.88E-02,464,9.93E-01,2.68E-02,1.04E-02,3.94E-02,1.71E-01,3.94E-02,1.04E-02,2.68E-02,509,9.82E-01,3.64E-02,6.85E-02,1.23E-01,2.50E-01,1.23E-01,6.85E-02,3.64E-02,746,9.71E-01,4.55E-02,1.30E-01,6.94E-02,1.55E-01,6.94E-02,1.30E-01,4.55E-02,957,9.53E-01,8.97E-02,2.57E-01,7.39E-02,1.22E-01,7.39E-02,2.57E-01,8.97E-02,1146,Nor
Literal Femur of Normal_19.jpg,1.07E+00,1.05E-01,3.70E-01,9.31E-02,4.50E-01,9.31E-02,3.70E-01,1.05E-01,865,1.05E+00,6.24E-02,2.51E-01,1.74E-01,2.61E-01,1.74E-01,2.51E-01,6.24E-02,890,1.04E+00,5.99E-02,7.89E-02,3.80E-02,5.92E-02,3.80E-02,7.89E-02,5.99E-02,706,1.02E+00,5.13E-02,8.60E-02,7.71E-02,1.51E-01,7.71E-02,8.60E-02,5.13E-02,651,1.00E+00,2.32E-02,2.87E-01,6.24E-02,9.30E-02,6.24E-02,2.87E-01,2.32E-02,693,9.85E-01,1.86E-02,1.63E-01,7.30E-02,6.33E-02,7.30E-02,1.63E-01,1.86E-02,699,9.68E-01,4.08E-02,9.50E-02,1.16E-01,2.34E-01,1.16E-01,9.50E-02,4.08E-02,800,9.52E-01,8.09E-02,2.14E-01,8.69E-02,3.57E-01,8.69E-02,2.14E-01,8.09E-02,873,9.26E-01,9.50E-02,3.89E-01,1.25E-01,5.98E-02,1.25E-01,3.89E-01,9.50E-02,950,Nor
Literal Femur of Normal_2.jpg,1.05E+00,7.04E-02,1.62E-01,9.64E-02,3.44E-02,9.64E-02,1.62E-01,7.04E-02,873,1.03E+00,9.80E-03,1.18E-01,4.90E-02,1.60E-01,4.90E-02,1.18E-01,9.80E-03,944,1.02E+00,4.63E-03,1.04E-01,6.79E-02,2.39E-01,6.79E-02,1.04E-01,4.63E-03,585,1.01E+00,1.49E-02,1.37E-01,7.38E-02,1.56E-01,7.38E-02,1.37E-01,1.49E-02,522,1.00E+00,3.44E-02,1.69E-01,2.47E-02,2.99E-01,2.47E-02,1.69E-01,3.44E-02,562,9.90E-01,3.31E-02,1.19E-01,5.54E-02,1.18E-02,5.54E-02,1.19E-01,3.31E-02,639,9.79E-01,1.91E-02,1.17E-01,4.31E-02,6.90E-02,4.31E-02,1.17E-01,1.91E-02,766,9.68E-01,2.94E-02,1.33E-01,8.49E-03,1.83E-01,8.49E-03,1.33E-01,2.94E-02,992,9.51E-01,4.50E-02,2.72E-01,1.30E-01,1.96E-01,1.30E-01,2.72E-01,4.50E-02,1008,Nor
Literal Femur of Normal_20.jpg,1.05E+00,9.33E-02,6.96E-01,2.58E-01,1.08E-02,2.58E-01,6.96E-01,9.33E-02,868,1.03E+00,4.12E-02,4.56E-01,8.50E-02,4.88E-02,8.50E-02,4.56E-01,4.12E-02,889,1.02E+00,5.39E-02,2.40E-01,7.42E-02,8.97E-02,7.42E-02,2.40E-01,5.39E-02,626,1.02E+00,5.20E-02,3.04E-01,1.81E-01,2.87E-01,1.81E-01,3.04E-01,5.20E-02,598,1.00E+00,2.37E-02,4.00E-01,1.01E-01,9.36E-02,1.01E-01,4.00E-01,2.37E-02,675,9.91E-01,2.56E-02,2.29E-01,8.54E-02,7.98E-02,8.54E-02,2.29E-01,2.56E-02,760,9.78E-01,9.50E-03,2.37E-01,1.13E-01,4.43E-01,1.13E-01,2.37E-01,9.50E-03,760,9.69E-01,7.58E-02,5.35E-01,1.27E-01,2.33E-01,1.27E-01,5.35E-01,7.58E-02,1000,9.51E-01,3.24E-02,8.11E-01,1.17E-01,1.30E-01,1.17E-01,8.11E-01,3.24E-02,939,Nor
Literal Femur of Normal_21.jpg,1.08E+00,2.94E-02,6.14E-01,1.19E-01,4.43E-02,1.19E-01,6.14E-01,2.94E-02,949,1.06E+00,4.00E-02,4.06E-01,4.40E-02,1.09E-01,4.40E-02,4.06E-01,4.00E-02,995,1.04E+00,2.29E-02,1.10E-01,7.00E-02,1.48E-03,7.00E-02,1.10E-01,2.29E-02,659,1.02E+00,3.99E-02,6.03E-02,1.82E-01,3.76E-02,1.82E-01,6.03E-02,3.99E-02,513,1.00E+00,1.98E-02,2.11E-01,5.58E-02,1.87E-02,5.58E-02,2.11E-01,1.98E-02,547,9.85E-01,5.19E-02,5.23E-02,1.96E-01,4.49E-03,1.96E-01,5.23E-02,5.19E-02,596,9.65E-01,5.21E-02,1.41E-01,5.38E-02,2.10E-01,5.38E-02,1.41E-01,5.21E-02,712,9.46E-01,5.71E-02,3.51E-01,6.58E-02,3.42E-02,6.58E-02,3.51E-01,5.71E-02,1008,9.14E-01,1.20E-02,5.86E-01,3.99E-02,2.31E-01,3.99E-02,5.86E-01,1.20E-02,1012,Nor
Literal Femur of Normal_22.jpg,1.05E+00,5.03E-02,6.01E-01,1.29E-01,7.28E-02,1.29E-01,6.01E-01,5.03E-02,891,1.03E+00,4.40E-02,4.51E-01,4.95E-02,3.37E-02,4.95E-02,4.51E-01,4.40E-02,970,1.02E+00,7.98E-02,1.95E-01,8.15E-02,2.13E-01,8.15E-02,1.95E-01,7.98E-02,625,1.01E+00,6.02E-02,1.36E-01,1.50E-02,6.66E-02,1.50E-02,1.36E-01,6.02E-02,537,1.00E+00,4.17E-02,4.05E-01,8.68E-02,8.09E-02,8.68E-02,4.05E-01,4.17E-02,616,9.90E-01,5.63E-03,1.48E-01,8.27E-02,1.05E-02,8.27E-02,1.48E-01,5.63E-03,625,9.79E-01,6.16E-02,2.15E-01,6.23E-02,7.96E-02,6.23E-02,2.15E-01,6.16E-02,752,9.69E-01,3.93E-02,4.47E-01,6.74E-02,6.14E-02,6.74E-02,4.47E-01,3.93E-02,936,9.53E-01,1.26E-01,8.16E-01,1.21E-01,8.76E-02,1.21E-01,8.16E-01,1.26E-01,1044,Nor
Literal Femur of Normal_23.jpg,1.04E+00,8.33E-02,4.01E-01,1.53E-01,5.64E-02,1.53E-01,4.01E-01,8.33E-02,914,1.03E+00,1.32E-02,2.16E-01,5.30E-02,2.06E-01,5.30E-02,2.16E-01,1.32E-02,941,1.02E+00,3.13E-02,5.76E-02,5.60E-02,9.97E-03,5.60E-02,5.76E-02,3.13E-02,589,1.01E+00,2.99E-02,6.27E-02,9.85E-02,9.38E-02,9.85E-02,6.27E-02,2.99E-02,525,1.00E+00,1.23E-02,1.52E-01,7.45E-02,9.53E-02,7.45E-02,1.52E-01,1.23E-02,477,9.92E-01,6.57E-02,3.96E-02,1.36E-01,7.96E-03,1.36E-01,3.96E-02,6.57E-02,562,9.84E-01,6.46E-02,6.35E-02,1.11E-01,1.11E-01,1.11E-01,6.35E-02,6.46E-02,730,9.74E-01,4.78E-02,1.70E-01,5.90E-02,1.10E-02,5.90E-02,1.70E-01,4.78E-02,1009,9.59E-01,7.30E-02,3.73E-01,8.19E-02,6.94E-02,8.19E-02,3.73E-01,7.30E-02,1130,Nor
Literal Femur of Normal_24.jpg,1.05E+00,4.72E-02,6.14E-01,1.96E-02,3.71E-01,1.96E-02,6.14E-01,4.72E-02,850,1.04E+00,4.17E-02,4.60E-01,8.87E-02,1.39E-01,8.87E-02,4.60E-01,4.17E-02,939,1.03E+00,3.55E-02,1.86E-01,1.42E-02,4.90E-02,1.42E-02,1.86E-01,3.55E-02,661,1.02E+00,5.83E-02,1.56E-01,9.54E-02,4.03E-02,9.54E-02,1.56E-01,5.83E-02,602,1.00E+00,5.12E-02,3.64E-01,1.18E-01,2.98E-01,1.18E-01,3.64E-01,5.12E-02,797,9.89E-01,2.93E-02,1.74E-01,8.85E-03,2.59E-02,8.85E-03,1.74E-01,2.93E-02,730,9.74E-01,1.35E-02,1.90E-01,5.79E-02,2.32E-01,5.79E-02,1.90E-01,1.35E-02,776,9.64E-01,5.71E-02,5.14E-01,3.37E-02,2.85E-01,3.37E-02,5.14E-01,5.71E-02,940,9.46E-01,1.17E-01,9.01E-01,1.17E-01,4.50E-01,1.17E-01,9.01E-01,1.17E-01,966,Nor
Literal Femur of Normal_25.jpg,1.06E+00,1.23E-01,5.73E-01,1.38E-01,5.86E-01,1.38E-01,5.73E-01,1.23E-01,854,1.04E+00,5.43E-02,3.65E-01,7.53E-02,3.78E-01,7.53E-02,3.65E-01,5.43E-02,922,1.03E+00,3.78E-02,1.21E-01,8.51E-02,1.32E-01,8.51E-02,1.21E-01,3.78E-02,629,1.02E+00,3.77E-02,1.23E-01,1.19E-01,5.96E-02,1.19E-01,1.23E-01,3.77E-02,621,1.00E+00,2.96E-02,3.49E-01,5.34E-02,1.01E-01,5.34E-02,3.49E-01,2.96E-02,778,9.87E-01,3.18E-02,1.17E-01,8.28E-02,1.19E-01,8.28E-02,1.17E-01,3.18E-02,631,9.73E-01,6.47E-02,1.74E-01,1.22E-01,3.74E-01,1.22E-01,1.74E-01,6.47E-02,845,9.61E-01,3.33E-02,4.19E-01,1.12E-01,1.15E-01,1.12E-01,4.19E-01,3.33E-02,962,9.39E-01,6.45E-02,6.39E-01,1.69E-01,6.50E-01,1.69E-01,6.39E-01,6.45E-02,927,Nor
Literal Femur of Normal_26.jpg,1.07E+00,1.09E-01,4.13E-01,9.88E-02,2.87E-01,9.88E-02,4.13E-01,1.09E-01,1006,1.04E+00,4.00E-02,3.05E-01,4.54E-02,2.14E-01,4.54E-02,3.05E-01,4.00E-02,964,1.03E+00,4.26E-02,8.47E-02,6.32E-02,1.44E-01,6.32E-02,8.47E-02,4.26E-02,621,1.01E+00,4.04E-02,3.44E-02,6.55E-02,9.80E-02,6.55E-02,3.44E-02,4.04E-02,479,1.00E+00,1.87E-02,6.78E-03,5.39E-02,2.67E-01,5.39E-02,6.78E-03,1.87E-02,463,9.88E-01,3.38E-02,8.05E-02,1.41E-01,1.27E-02,1.41E-01,8.05E-02,3.38E-02,530,9.74E-01,6.10E-02,8.21E-02,7.36E-03,2.22E-01,7.36E-03,8.21E-02,6.10E-02,739,9.60E-01,4.03E-02,2.74E-01,2.45E-02,3.98E-02,2.45E-02,2.74E-01,4.03E-02,1011,9.35E-01,1.16E-01,4.73E-01,6.24E-02,3.61E-01,6.24E-02,4.73E-01,1.16E-01,1077,Nor
Literal Femur of Normal_27.jpg,1.04E+00,1.78E-01,5.92E-01,1.26E-01,1.24E-01,1.26E-01,5.92E-01,1.78E-01,892,1.03E+00,8.88E-02,3.43E-01,1.21E-01,1.64E-01,1.21E-01,3.43E-01,8.88E-02,903,1.02E+00,7.40E-02,1.53E-01,9.93E-02,1.79E-01,9.93E-02,1.53E-01,7.40E-02,625,1.01E+00,4.04E-02,1.08E-01,1.05E-01,4.54E-02,1.05E-01,1.08E-01,4.04E-02,556,1.00E+00,2.39E-02,2.09E-01,5.18E-02,5.19E-02,5.18E-02,2.09E-01,2.39E-02,571,9.92E-01,8.39E-03,7.64E-02,5.07E-02,1.92E-01,5.07E-02,7.64E-02,8.39E-03,626,9.83E-01,5.04E-02,1.21E-01,5.35E-02,3.72E-01,5.35E-02,1.21E-01,5.04E-02,753,9.73E-01,1.35E-01,3.67E-01,7.72E-02,1.60E-01,7.72E-02,3.67E-01,1.35E-01,1001,9.58E-01,1.05E-01,6.34E-01,4.91E-02,4.11E-02,4.91E-02,6.34E-01,1.05E-01,1080,Nor
Literal Femur of Normal_28.jpg,1.05E+00,4.90E-02,6.38E-01,1.54E-01,2.15E-01,1.54E-01,6.38E-01,4.90E-02,929,1.04E+00,4.36E-02,4.19E-01,7.83E-02,1.29E-01,7.83E-02,4.19E-01,4.36E-02,984,1.03E+00,2.74E-02,1.63E-01,7.06E-02,1.29E-02,7.06E-02,1.63E-01,2.74E-02,604,1.01E+00,3.25E-02,1.19E-01,2.47E-02,4.67E-02,2.47E-02,1.19E-01,3.25E-02,486,1.00E+00,1.71E-02,2.16E-01,7.29E-02,1.93E-01,7.29E-02,2.16E-01,1.71E-02,582,9.90E-01,4.35E-02,1.24E-01,6.43E-02,7.52E-03,6.43E-02,1.24E-01,4.35E-02,575,9.78E-01,2.07E-02,1.97E-01,7.76E-02,1.42E-02,7.76E-02,1.97E-01,2.07E-02,754,9.67E-01,3.91E-02,4.34E-01,1.35E-01,2.75E-01,1.35E-01,4.34E-01,3.91E-02,986,9.45E-01,1.29E-01,6.62E-01,9.00E-02,9.34E-02,9.00E-02,6.62E-01,1.29E-01,1038,Nor
Literal Femur of Normal_29.jpg,1.05E+00,1.71E-01,6.76E-01,1.32E-01,3.04E-04,1.32E-01,6.76E-01,1.71E-01,856,1.04E+00,6.09E-02,3.76E-01,6.87E-02,2.56E-01,6.87E-02,3.76E-01,6.09E-02,960,1.03E+00,3.51E-02,1.80E-01,1.25E-01,5.14E-02,1.25E-01,1.80E-01,3.51E-02,610,1.02E+00,3.88E-02,3.14E-01,4.20E-02,2.19E-02,4.20E-02,3.14E-01,3.88E-02,559,1.00E+00,9.77E-03,4.27E-01,7.91E-02,5.33E-02,7.91E-02,4.27E-01,9.77E-03,671,9.90E-01,4.33E-02,2.04E-01,1.26E-01,2.23E-02,1.26E-01,2.04E-01,4.33E-02,657,9.76E-01,4.80E-02,1.82E-01,4.65E-02,2.17E-01,4.65E-02,1.82E-01,4.80E-02,692,9.68E-01,5.87E-02,4.77E-01,3.61E-02,7.49E-03,3.61E-02,4.77E-01,5.87E-02,1031,9.49E-01,9.70E-02,7.08E-01,9.79E-02,1.51E-01,9.79E-02,7.08E-01,9.70E-02,990,Nor
Literal Femur of Normal_3.jpg,1.06E+00,1.03E-01,1.61E-01,9.28E-02,1.67E-01,9.28E-02,1.61E-01,1.03E-01,869,1.04E+00,2.92E-02,1.31E-01,2.46E-02,2.49E-01,2.46E-02,1.31E-01,2.92E-02,973,1.03E+00,8.42E-03,3.97E-02,2.81E-02,8.50E-02,2.81E-02,3.97E-02,8.42E-03,559,1.01E+00,4.45E-02,8.91E-02,1.24E-01,1.08E-01,1.24E-01,8.91E-02,4.45E-02,574,1.00E+00,2.81E-02,3.01E-01,2.34E-02,8.88E-02,2.34E-02,3.01E-01,2.81E-02,602,9.88E-01,2.95E-02,1.66E-01,8.98E-02,4.17E-02,8.98E-02,1.66E-01,2.95E-02,621,9.76E-01,4.53E-02,8.97E-02,9.05E-03,2.19E-01,9.05E-03,8.97E-02,4.53E-02,587,9.64E-01,5.00E-02,1.50E-01,8.32E-02,2.30E-02,8.32E-02,1.50E-01,5.00E-02,1040,9.44E-01,8.37E-02,1.77E-01,1.75E-01,1.04E-01,1.75E-01,1.77E-01,8.37E-02,1039,Nor
Literal Femur of Normal_30.jpg,1.08E+00,8.20E-02,5.86E-01,1.10E-01,2.67E-01,1.10E-01,5.86E-01,8.20E-02,814,1.05E+00,4.69E-02,3.53E-01,8.93E-02,6.88E-02,8.93E-02,3.53E-01,4.69E-02,876,1.04E+00,5.47E-02,1.92E-01,9.69E-02,1.77E-01,9.69E-02,1.92E-01,5.47E-02,724,1.02E+00,8.43E-03,1.02E-01,6.06E-02,8.10E-02,6.06E-02,1.02E-01,8.43E-03,651,1.00E+00,6.88E-03,1.92E-01,9.32E-02,7.90E-02,9.32E-02,1.92E-01,6.88E-03,765,9.82E-01,2.34E-02,6.28E-02,9.51E-02,1.65E-01,9.51E-02,6.28E-02,2.34E-02,736,9.64E-01,1.84E-02,1.30E-01,2.76E-02,1.46E-01,2.76E-02,1.30E-01,1.84E-02,823,9.49E-01,4.61E-02,3.50E-01,1.07E-01,1.08E-01,1.07E-01,3.50E-01,4.61E-02,866,9.22E-01,5.38E-02,5.85E-01,1.30E-01,1.04E-01,1.30E-01,5.85E-01,5.38E-02,957,Nor
Literal Femur of Normal_31.jpg,1.05E+00,6.97E-03,5.28E-01,6.36E-02,3.45E-02,6.36E-02,5.28E-01,6.97E-03,863,1.04E+00,6.80E-02,3.87E-01,7.15E-02,3.39E-01,7.15E-02,3.87E-01,6.80E-02,904,1.02E+00,9.03E-02,1.23E-01,5.21E-02,9.61E-02,5.21E-02,1.23E-01,9.03E-02,624,1.01E+00,2.18E-02,1.12E-01,7.54E-02,1.05E-01,7.54E-02,1.12E-01,2.18E-02,615,1.00E+00,2.18E-02,2.65E-01,2.91E-02,2.64E-01,2.91E-02,2.65E-01,2.18E-02,657,9.90E-01,3.55E-02,7.40E-02,7.26E-02,8.74E-02,7.26E-02,7.40E-02,3.55E-02,716,9.78E-01,2.35E-02,1.28E-01,1.40E-01,4.50E-02,1.40E-01,1.28E-01,2.35E-02,805,9.68E-01,5.73E-02,3.09E-01,1.21E-01,6.61E-03,1.21E-01,3.09E-01,5.73E-02,958,9.48E-01,2.81E-02,5.31E-01,6.11E-02,1.80E-02,6.11E-02,5.31E-01,2.81E-02,983,Nor
Literal Femur of Normal_32.jpg,1.04E+00,1.49E-01,6.03E-01,1.11E-01,5.66E-01,1.11E-01,6.03E-01,1.49E-01,795,1.03E+00,9.83E-02,4.80E-01,3.12E-02,2.06E-01,3.12E-02,4.80E-01,9.83E-02,915,1.02E+00,4.08E-02,1.37E-01,5.60E-02,5.32E-02,5.60E-02,1.37E-01,4.08E-02,661,1.01E+00,2.82E-02,1.70E-01,7.49E-02,2.12E-01,7.49E-02,1.70E-01,2.82E-02,621,1.00E+00,6.39E-03,3.46E-01,1.00E-01,2.23E-01,1.00E-01,3.46E-01,6.39E-03,758,9.91E-01,3.42E-02,1.77E-01,9.37E-02,6.24E-02,9.37E-02,1.77E-01,3.42E-02,769,9.82E-01,7.76E-02,1.48E-01,6.04E-02,3.11E-01,6.04E-02,1.48E-01,7.76E-02,866,9.75E-01,8.04E-02,4.73E-01,2.12E-02,1.00E-02,2.12E-02,4.73E-01,8.04E-02,925,9.63E-01,7.33E-02,7.54E-01,6.11E-02,2.84E-01,6.11E-02,7.54E-01,7.33E-02,949,Nor
Literal Femur of Normal_33.jpg,1.04E+00,4.95E-02,6.30E-01,7.97E-02,2.24E-01,7.97E-02,6.30E-01,4.95E-02,833,1.02E+00,4.30E-02,4.97E-01,3.33E-02,6.30E-02,3.33E-02,4.97E-01,4.30E-02,925,1.02E+00,2.37E-02,1.55E-01,2.42E-02,5.72E-02,2.42E-02,1.55E-01,2.37E-02,590,1.01E+00,4.60E-02,1.70E-01,6.00E-02,4.33E-02,6.00E-02,1.70E-01,4.60E-02,613,1.00E+00,2.64E-02,3.97E-01,1.20E-02,2.36E-01,1.20E-02,3.97E-01,2.64E-02,701,9.93E-01,2.97E-02,1.30E-01,1.08E-01,4.93E-02,1.08E-01,1.30E-01,2.97E-02,685,9.85E-01,3.16E-02,1.74E-01,1.21E-01,4.46E-02,1.21E-01,1.74E-01,3.16E-02,806,9.79E-01,5.45E-02,4.50E-01,6.33E-02,2.02E-01,6.33E-02,4.50E-01,5.45E-02,1031,9.65E-01,6.89E-02,7.33E-01,1.44E-01,2.45E-01,1.44E-01,7.33E-01,6.89E-02,951,Nor
Literal Femur of Normal_34.jpg,1.07E+00,8.89E-02,6.46E-01,1.10E-01,6.46E-01,1.10E-01,6.46E-01,8.89E-02,842,1.05E+00,6.95E-02,4.50E-01,9.04E-02,3.35E-01,9.04E-02,4.50E-01,6.95E-02,971,1.03E+00,5.87E-02,1.93E-01,1.48E-01,8.10E-02,1.48E-01,1.93E-01,5.87E-02,611,1.02E+00,4.76E-02,1.46E-01,7.03E-02,1.45E-01,7.03E-02,1.46E-01,4.76E-02,594,1.00E+00,2.16E-02,3.09E-01,2.61E-02,1.41E-01,2.61E-02,3.09E-01,2.16E-02,725,9.86E-01,4.34E-02,1.33E-01,3.23E-02,2.06E-01,3.23E-02,1.33E-01,4.34E-02,707,9.70E-01,2.53E-02,2.28E-01,1.03E-01,3.10E-01,1.03E-01,2.28E-01,2.53E-02,828,9.59E-01,6.76E-02,5.69E-01,9.30E-02,2.19E-01,9.30E-02,5.69E-01,6.76E-02,957,9.34E-01,9.24E-02,7.26E-01,1.93E-01,4.52E-01,1.93E-01,7.26E-01,9.24E-02,951,Nor
Literal Femur of Normal_35.jpg,1.06E+00,9.77E-02,6.31E-01,7.30E-02,1.49E-01,7.30E-02,6.31E-01,9.77E-02,934,1.04E+00,6.85E-02,4.51E-01,7.17E-02,2.02E-01,7.17E-02,4.51E-01,6.85E-02,986,1.03E+00,1.21E-01,1.66E-01,9.65E-02,8.64E-02,9.65E-02,1.66E-01,1.21E-01,588,1.02E+00,6.54E-02,1.09E-01,9.03E-02,2.42E-02,9.03E-02,1.09E-01,6.54E-02,512,1.00E+00,3.12E-02,2.75E-01,4.19E-02,9.87E-02,4.19E-02,2.75E-01,3.12E-02,544,9.88E-01,4.72E-02,1.34E-01,1.82E-01,2.54E-02,1.82E-01,1.34E-01,4.72E-02,544,9.76E-01,8.13E-02,2.12E-01,1.54E-01,2.16E-02,1.54E-01,2.12E-01,8.13E-02,690,9.63E-01,3.46E-02,4.61E-01,4.39E-03,2.06E-01,4.39E-03,4.61E-01,3.46E-02,1027,9.42E-01,1.60E-01,8.03E-01,8.86E-02,1.13E-01,8.86E-02,8.03E-01,1.60E-01,1062,Nor
Literal Femur of Normal_36.jpg,1.06E+00,8.18E-02,7.91E-01,8.46E-02,5.22E-01,8.46E-02,7.91E-01,8.18E-02,791,1.05E+00,6.20E-02,5.27E-01,1.23E-01,4.34E-01,1.23E-01,5.27E-01,6.20E-02,950,1.04E+00,3.90E-02,1.89E-01,1.07E-01,1.34E-01,1.07E-01,1.89E-01,3.90E-02,615,1.02E+00,6.88E-03,1.99E-01,6.50E-02,5.59E-02,6.50E-02,1.99E-01,6.88E-03,616,1.00E+00,3.97E-03,5.01E-01,2.08E-02,3.07E-01,2.08E-02,5.01E-01,3.97E-03,897,9.81E-01,1.63E-02,2.68E-01,1.30E-01,1.88E-01,1.30E-01,2.68E-01,1.63E-02,740,9.66E-01,4.53E-02,3.36E-01,1.16E-01,7.42E-02,1.16E-01,3.36E-01,4.53E-02,795,9.54E-01,2.23E-02,6.05E-01,5.95E-03,1.64E-01,5.95E-03,6.05E-01,2.23E-02,967,9.32E-01,8.22E-02,9.05E-01,1.81E-01,5.61E-01,1.81E-01,9.05E-01,8.22E-02,869,Nor
Literal Femur of Normal_37.jpg,1.07E+00,5.39E-02,4.38E-01,8.70E-02,2.02E-01,8.70E-02,4.38E-01,5.39E-02,935,1.05E+00,3.33E-02,2.27E-01,8.69E-02,3.86E-01,8.69E-02,2.27E-01,3.33E-02,1031,1.03E+00,5.47E-02,1.18E-01,9.20E-02,1.26E-02,9.20E-02,1.18E-01,5.47E-02,600,1.02E+00,2.29E-02,3.50E-02,5.27E-02,1.07E-01,5.27E-02,3.50E-02,2.29E-02,434,1.00E+00,1.99E-02,1.30E-01,1.61E-02,1.84E-01,1.61E-02,1.30E-01,1.99E-02,483,9.86E-01,8.79E-03,1.17E-01,5.04E-02,5.07E-02,5.04E-02,1.17E-01,8.79E-03,504,9.70E-01,3.88E-02,1.33E-01,4.56E-02,1.01E-01,4.56E-02,1.33E-01,3.88E-02,713,9.56E-01,1.16E-02,3.23E-01,4.76E-02,2.44E-01,4.76E-02,3.23E-01,1.16E-02,1029,9.29E-01,2.63E-02,5.38E-01,8.13E-02,2.85E-01,8.13E-02,5.38E-01,2.63E-02,1085,Nor
Literal Femur of Normal_38.jpg,1.05E+00,1.03E-01,6.57E-01,1.14E-01,9.26E-02,1.14E-01,6.57E-01,1.03E-01,793,1.04E+00,1.67E-02,3.80E-01,3.24E-02,2.84E-01,3.24E-02,3.80E-01,1.67E-02,883,1.03E+00,4.95E-02,1.86E-01,6.85E-02,2.36E-01,6.85E-02,1.86E-01,4.95E-02,708,1.02E+00,8.45E-03,2.38E-01,1.32E-02,1.06E-01,1.32E-02,2.38E-01,8.45E-03,656,1.00E+00,3.50E-03,3.98E-01,9.22E-02,1.13E-01,9.22E-02,3.98E-01,3.50E-03,856,9.87E-01,4.49E-02,2.03E-01,1.87E-01,8.53E-03,1.87E-01,2.03E-01,4.49E-02,769,9.73E-01,2.86E-02,2.77E-01,9.74E-02,2.88E-01,9.74E-02,2.77E-01,2.86E-02,816,9.63E-01,1.05E-01,4.06E-01,2.16E-01,1.07E-01,2.16E-01,4.06E-01,1.05E-01,868,9.44E-01,7.33E-02,6.99E-01,1.33E-01,4.46E-01,1.33E-01,6.99E-01,7.33E-02,924,Nor
Literal Femur of Normal_39.jpg,1.05E+00,7.07E-02,3.80E-01,1.04E-01,1.04E-01,1.04E-01,3.80E-01,7.07E-02,866,1.04E+00,2.53E-02,2.68E-01,1.75E-02,2.86E-02,1.75E-02,2.68E-01,2.53E-02,865,1.03E+00,5.62E-02,1.51E-01,8.09E-03,4.79E-02,8.09E-03,1.51E-01,5.62E-02,667,1.01E+00,2.37E-02,1.35E-01,1.91E-02,1.13E-01,1.91E-02,1.35E-01,2.37E-02,617,1.00E+00,9.23E-03,2.87E-01,3.65E-02,1.49E-01,3.65E-02,2.87E-01,9.23E-03,674,9.90E-01,2.43E-02,8.81E-02,6.08E-02,1.47E-01,6.08E-02,8.81E-02,2.43E-02,713,9.77E-01,4.30E-02,8.50E-02,2.61E-02,7.32E-02,2.61E-02,8.50E-02,4.30E-02,835,9.67E-01,5.56E-02,2.66E-01,5.13E-02,1.25E-02,5.13E-02,2.66E-01,5.56E-02,938,9.48E-01,4.90E-02,3.96E-01,2.94E-01,3.02E-03,2.94E-01,3.96E-01,4.90E-02,979,Nor
Literal Femur of Normal_4.jpg,1.03E+00,8.23E-02,5.66E-01,1.15E-01,2.12E-01,1.15E-01,5.66E-01,8.23E-02,624,1.02E+00,6.78E-02,3.13E-01,5.76E-02,2.49E-01,5.76E-02,3.13E-01,6.78E-02,907,1.01E+00,4.33E-02,1.85E-01,6.76E-02,1.99E-01,6.76E-02,1.85E-01,4.33E-02,624,1.01E+00,4.68E-02,2.53E-01,1.20E-01,1.46E-01,1.20E-01,2.53E-01,4.68E-02,735,1.00E+00,3.14E-02,4.68E-01,3.22E-02,8.23E-02,3.22E-02,4.68E-01,3.14E-02,1033,9.93E-01,3.98E-02,2.64E-01,9.57E-02,3.89E-02,9.57E-02,2.64E-01,3.98E-02,974,9.87E-01,2.86E-02,1.89E-01,2.96E-02,1.32E-03,2.96E-02,1.89E-01,2.86E-02,795,9.82E-01,5.31E-02,3.13E-01,1.10E-01,1.60E-01,1.10E-01,3.13E-01,5.31E-02,869,9.71E-01,7.23E-02,4.34E-01,2.89E-02,8.74E-02,2.89E-02,4.34E-01,7.23E-02,848,Nor
Literal Femur of Normal_40.jpg,1.05E+00,8.94E-02,5.78E-01,4.47E-02,3.98E-01,4.47E-02,5.78E-01,8.94E-02,904,1.04E+00,6.38E-02,3.22E-01,1.44E-01,3.97E-01,1.44E-01,3.22E-01,6.38E-02,893,1.03E+00,2.83E-02,1.27E-01,8.31E-02,6.17E-03,8.31E-02,1.27E-01,2.83E-02,620,1.02E+00,4.73E-02,2.09E-01,6.10E-02,1.56E-01,6.10E-02,2.09E-01,4.73E-02,582,1.00E+00,1.96E-02,2.52E-01,7.85E-02,2.23E-01,7.85E-02,2.52E-01,1.96E-02,622,9.89E-01,1.46E-02,1.45E-01,6.29E-02,1.17E-01,6.29E-02,1.45E-01,1.46E-02,683,9.76E-01,7.71E-02,2.09E-01,1.25E-01,1.02E-01,1.25E-01,2.09E-01,7.71E-02,797,9.66E-01,9.13E-02,3.92E-01,8.68E-02,2.28E-01,8.68E-02,3.92E-01,9.13E-02,940,9.46E-01,2.69E-02,6.39E-01,3.23E-02,2.93E-01,3.23E-02,6.39E-01,2.69E-02,1003,Nor
Literal Femur of Normal_41.jpg,1.08E+00,3.14E-02,3.69E-01,6.33E-02,4.61E-01,6.33E-02,3.69E-01,3.14E-02,857,1.05E+00,4.65E-02,2.55E-01,2.93E-02,2.03E-01,2.93E-02,2.55E-01,4.65E-02,926,1.04E+00,2.87E-02,1.08E-01,8.28E-02,5.29E-02,8.28E-02,1.08E-01,2.87E-02,705,1.02E+00,1.30E-02,1.23E-01,1.97E-01,2.63E-02,1.97E-01,1.23E-01,1.30E-02,582,1.00E+00,2.41E-02,2.19E-01,8.05E-02,4.89E-03,8.05E-02,2.19E-01,2.41E-02,679,9.85E-01,4.12E-02,7.51E-02,8.79E-02,6.24E-03,8.79E-02,7.51E-02,4.12E-02,750,9.68E-01,2.20E-02,8.76E-02,7.18E-02,1.36E-01,7.18E-02,8.76E-02,2.20E-02,783,9.49E-01,2.53E-02,2.71E-01,1.34E-02,1.66E-01,1.34E-02,2.71E-01,2.53E-02,948,9.21E-01,5.81E-02,4.17E-01,9.37E-02,1.88E-01,9.37E-02,4.17E-01,5.81E-02,955,Nor
Literal Femur of Normal_42.jpg,1.05E+00,9.36E-02,4.09E-01,1.28E-02,2.16E-01,1.28E-02,4.09E-01,9.36E-02,932,1.03E+00,9.37E-02,2.92E-01,7.74E-02,6.52E-03,7.74E-02,2.92E-01,9.37E-02,953,1.03E+00,5.04E-02,1.21E-01,1.06E-01,1.11E-01,1.06E-01,1.21E-01,5.04E-02,587,1.01E+00,3.33E-02,1.78E-01,2.34E-02,7.86E-03,2.34E-02,1.78E-01,3.33E-02,521,1.00E+00,1.37E-02,2.41E-01,7.43E-02,1.15E-01,7.43E-02,2.41E-01,1.37E-02,536,9.90E-01,5.96E-02,7.93E-02,4.98E-02,5.85E-02,4.98E-02,7.93E-02,5.96E-02,593,9.78E-01,5.10E-02,8.73E-02,3.32E-02,2.57E-01,3.32E-02,8.73E-02,5.10E-02,748,9.67E-01,1.31E-01,2.19E-01,4.09E-02,2.07E-01,4.09E-02,2.19E-01,1.31E-01,947,9.49E-01,8.81E-02,4.48E-01,1.02E-01,1.27E-01,1.02E-01,4.48E-01,8.81E-02,1070,Nor
Literal Femur of Normal_43.jpg,1.06E+00,3.65E-02,6.74E-01,7.69E-02,1.89E-01,7.69E-02,6.74E-01,3.65E-02,792,1.04E+00,1.06E-01,4.60E-01,6.83E-02,1.79E-02,6.83E-02,4.60E-01,1.06E-01,908,1.03E+00,8.47E-02,2.08E-01,7.94E-02,3.64E-02,7.94E-02,2.08E-01,8.47E-02,667,1.02E+00,4.42E-02,1.95E-01,2.13E-02,4.55E-02,2.13E-02,1.95E-01,4.42E-02,658,1.00E+00,2.43E-02,4.10E-01,1.15E-02,1.84E-01,1.15E-02,4.10E-01,2.43E-02,868,9.86E-01,3.50E-02,1.16E-01,5.76E-02,1.48E-01,5.76E-02,1.16E-01,3.50E-02,759,9.70E-01,4.06E-02,2.35E-01,1.97E-01,1.93E-01,1.97E-01,2.35E-01,4.06E-02,741,9.60E-01,6.36E-02,5.31E-01,1.08E-01,1.05E-01,1.08E-01,5.31E-01,6.36E-02,911,9.42E-01,8.20E-02,9.05E-01,7.36E-02,8.88E-02,7.36E-02,9.05E-01,8.20E-02,923,Nor
Literal Femur of Normal_44.jpg,1.06E+00,5.60E-02,3.87E-01,1.92E-01,1.73E-01,1.92E-01,3.87E-01,5.60E-02,762,1.04E+00,3.62E-02,2.91E-01,5.09E-02,2.49E-01,5.09E-02,2.91E-01,3.62E-02,913,1.03E+00,1.51E-02,1.08E-01,3.81E-02,3.54E-02,3.81E-02,1.08E-01,1.51E-02,686,1.02E+00,4.30E-02,1.35E-01,4.59E-02,8.44E-02,4.59E-02,1.35E-01,4.30E-02,652,1.00E+00,2.28E-02,2.80E-01,6.23E-02,1.14E-02,6.23E-02,2.80E-01,2.28E-02,786,9.87E-01,4.48E-02,1.47E-01,9.26E-02,1.38E-01,9.26E-02,1.47E-01,4.48E-02,846,9.73E-01,4.04E-02,1.87E-01,1.15E-01,9.01E-02,1.15E-01,1.87E-01,4.04E-02,841,9.61E-01,6.26E-02,2.98E-01,5.86E-02,2.40E-01,5.86E-02,2.98E-01,6.26E-02,875,9.43E-01,4.35E-02,5.51E-01,1.21E-01,1.27E-01,1.21E-01,5.51E-01,4.35E-02,898,Nor
Literal Femur of Normal_45.jpg,1.05E+00,4.60E-02,5.98E-01,4.76E-02,3.66E-01,4.76E-02,5.98E-01,4.60E-02,749,1.04E+00,1.01E-02,3.67E-01,5.60E-02,2.86E-01,5.60E-02,3.67E-01,1.01E-02,891,1.03E+00,5.42E-02,1.10E-01,1.59E-01,3.83E-02,1.59E-01,1.10E-01,5.42E-02,706,1.02E+00,3.86E-02,9.35E-02,9.93E-02,8.72E-02,9.93E-02,9.35E-02,3.86E-02,677,1.00E+00,8.04E-03,1.92E-01,9.94E-02,2.17E-02,9.94E-02,1.92E-01,8.04E-03,808,9.88E-01,3.50E-02,1.12E-01,4.54E-02,7.79E-03,4.54E-02,1.12E-01,3.50E-02,809,9.74E-01,3.13E-02,1.17E-01,1.24E-02,9.19E-02,1.24E-02,1.17E-01,3.13E-02,885,9.63E-01,7.33E-02,3.41E-01,1.25E-01,3.29E-01,1.25E-01,3.41E-01,7.33E-02,857,9.42E-01,4.90E-02,6.16E-01,6.48E-02,5.21E-01,6.48E-02,6.16E-01,4.90E-02,905,Nor
Literal Femur of Normal_46.jpg,1.05E+00,3.57E-02,5.05E-01,7.36E-02,4.71E-02,7.36E-02,5.05E-01,3.57E-02,805,1.03E+00,4.70E-02,3.43E-01,5.06E-02,7.64E-02,5.06E-02,3.43E-01,4.70E-02,920,1.03E+00,5.48E-02,1.44E-01,6.58E-02,1.46E-01,6.58E-02,1.44E-01,5.48E-02,671,1.01E+00,3.92E-02,1.45E-01,1.37E-01,3.16E-02,1.37E-01,1.45E-01,3.92E-02,594,1.00E+00,6.89E-03,4.05E-01,4.15E-02,1.49E-01,4.15E-02,4.05E-01,6.89E-03,769,9.91E-01,1.30E-02,1.80E-01,4.83E-02,1.02E-03,4.83E-02,1.80E-01,1.30E-02,736,9.78E-01,4.51E-02,1.33E-01,7.42E-02,9.07E-02,7.42E-02,1.33E-01,4.51E-02,810,9.67E-01,5.52E-02,3.66E-01,9.45E-02,3.71E-02,9.45E-02,3.66E-01,5.52E-02,948,9.51E-01,3.96E-02,6.44E-01,4.69E-02,9.19E-02,4.69E-02,6.44E-01,3.96E-02,957,Nor
Literal Femur of Normal_47.jpg,1.04E+00,6.24E-02,2.53E-01,1.00E-01,2.07E-01,1.00E-01,2.53E-01,6.24E-02,908,1.03E+00,3.49E-02,1.19E-01,8.56E-02,4.86E-02,8.56E-02,1.19E-01,3.49E-02,881,1.02E+00,2.10E-02,4.93E-02,9.27E-02,1.40E-01,9.27E-02,4.93E-02,2.10E-02,686,1.01E+00,2.57E-02,7.07E-02,6.58E-02,1.36E-01,6.58E-02,7.07E-02,2.57E-02,533,1.00E+00,4.41E-02,1.96E-01,1.04E-01,8.91E-02,1.04E-01,1.96E-01,4.41E-02,555,9.94E-01,1.45E-02,1.07E-01,1.10E-01,2.27E-02,1.10E-01,1.07E-01,1.45E-02,609,9.84E-01,2.59E-02,6.53E-02,1.44E-03,1.30E-02,1.44E-03,6.53E-02,2.59E-02,825,9.76E-01,7.03E-02,1.42E-01,2.26E-02,9.49E-02,2.26E-02,1.42E-01,7.03E-02,1005,9.61E-01,8.21E-02,3.15E-01,9.17E-02,5.70E-02,9.17E-02,3.15E-01,8.21E-02,1066,Nor
Literal Femur of Normal_48.jpg,1.06E+00,2.46E-02,4.46E-01,5.46E-02,1.67E-01,5.46E-02,4.46E-01,2.46E-02,769,1.04E+00,4.68E-02,2.40E-01,9.77E-03,2.22E-01,9.77E-03,2.40E-01,4.68E-02,821,1.03E+00,4.30E-02,4.96E-02,2.91E-02,2.61E-01,2.91E-02,4.96E-02,4.30E-02,773,1.01E+00,3.69E-02,5.75E-02,5.91E-02,1.44E-01,5.91E-02,5.75E-02,3.69E-02,658,1.00E+00,1.37E-02,1.93E-01,5.12E-02,8.20E-02,5.12E-02,1.93E-01,1.37E-02,802,9.88E-01,2.84E-02,7.16E-02,6.63E-02,1.67E-01,6.63E-02,7.16E-02,2.84E-02,803,9.73E-01,1.67E-02,1.12E-01,3.34E-02,7.73E-03,3.34E-02,1.12E-01,1.67E-02,889,9.62E-01,7.26E-02,3.26E-01,1.46E-01,9.16E-02,1.46E-01,3.26E-01,7.26E-02,874,9.43E-01,5.92E-02,5.44E-01,1.77E-01,3.31E-02,1.77E-01,5.44E-01,5.92E-02,892,Nor
Literal Femur of Normal_49.jpg,1.06E+00,9.73E-02,6.36E-01,2.34E-01,2.30E-01,2.34E-01,6.36E-01,9.73E-02,901,1.04E+00,7.97E-02,4.27E-01,6.28E-02,1.05E-01,6.28E-02,4.27E-01,7.97E-02,958,1.03E+00,3.04E-02,1.13E-01,9.99E-02,2.31E-03,9.99E-02,1.13E-01,3.04E-02,578,1.02E+00,6.10E-02,1.98E-01,1.54E-01,8.43E-02,1.54E-01,1.98E-01,6.10E-02,563,1.00E+00,4.03E-03,3.30E-01,2.11E-02,2.70E-03,2.11E-02,3.30E-01,4.03E-03,700,9.87E-01,2.20E-02,1.92E-01,1.18E-01,1.75E-01,1.18E-01,1.92E-01,2.20E-02,577,9.72E-01,5.91E-02,2.17E-01,1.10E-01,2.62E-01,1.10E-01,2.17E-01,5.91E-02,671,9.59E-01,5.95E-02,3.86E-01,3.89E-02,2.71E-01,3.89E-02,3.86E-01,5.95E-02,1021,9.38E-01,9.46E-02,6.82E-01,8.81E-02,4.56E-01,8.81E-02,6.82E-01,9.46E-02,1012,Nor
Literal Femur of Normal_5.jpg,1.04E+00,6.72E-02,3.11E-01,7.43E-02,2.65E-01,7.43E-02,3.11E-01,6.72E-02,885,1.03E+00,7.55E-03,1.46E-01,7.35E-02,1.94E-01,7.35E-02,1.46E-01,7.55E-03,965,1.02E+00,1.86E-02,9.73E-02,4.77E-02,1.04E-01,4.77E-02,9.73E-02,1.86E-02,544,1.01E+00,1.03E-02,5.03E-02,8.86E-02,9.79E-02,8.86E-02,5.03E-02,1.03E-02,499,1.00E+00,2.08E-02,3.43E-01,8.83E-02,7.75E-02,8.83E-02,3.43E-01,2.08E-02,583,9.92E-01,9.37E-03,1.96E-01,7.71E-02,7.29E-02,7.71E-02,1.96E-01,9.37E-03,617,9.84E-01,5.51E-02,7.47E-02,8.58E-02,1.40E-01,8.58E-02,7.47E-02,5.51E-02,671,9.74E-01,1.36E-02,1.84E-01,5.22E-02,7.38E-02,5.22E-02,1.84E-01,1.36E-02,994,9.59E-01,1.96E-02,2.31E-01,1.17E-02,1.34E-01,1.17E-02,2.31E-01,1.96E-02,1055,Nor
Literal Femur of Normal_50.jpg,1.06E+00,7.37E-02,6.83E-01,5.65E-02,3.42E-01,5.65E-02,6.83E-01,7.37E-02,912,1.04E+00,9.99E-02,4.44E-01,7.19E-02,3.90E-02,7.19E-02,4.44E-01,9.99E-02,970,1.03E+00,8.05E-02,1.61E-01,9.77E-02,1.58E-01,9.77E-02,1.61E-01,8.05E-02,630,1.02E+00,4.83E-02,5.49E-02,1.33E-01,7.90E-02,1.33E-01,5.49E-02,4.83E-02,531,1.00E+00,2.85E-02,1.97E-01,1.18E-01,4.30E-01,1.18E-01,1.97E-01,2.85E-02,592,9.90E-01,2.55E-02,8.44E-02,8.73E-02,1.85E-01,8.73E-02,8.44E-02,2.55E-02,596,9.76E-01,1.02E-01,1.09E-01,4.44E-02,3.37E-01,4.44E-02,1.09E-01,1.02E-01,750,9.63E-01,5.78E-02,4.59E-01,6.17E-02,3.63E-02,6.17E-02,4.59E-01,5.78E-02,999,9.43E-01,1.01E-01,7.18E-01,1.40E-01,3.71E-01,1.40E-01,7.18E-01,1.01E-01,1045,Nor
Literal Femur of Normal_51.jpg,1.03E+00,1.37E-02,4.26E-01,7.38E-02,2.18E-01,7.38E-02,4.26E-01,1.37E-02,760,1.02E+00,5.89E-02,1.40E-01,4.97E-02,3.16E-02,4.97E-02,1.40E-01,5.89E-02,844,1.02E+00,2.38E-02,6.13E-02,2.59E-02,1.36E-01,2.59E-02,6.13E-02,2.38E-02,611,1.01E+00,2.59E-02,1.90E-01,5.79E-02,7.56E-02,5.79E-02,1.90E-01,2.59E-02,763,1.00E+00,1.62E-02,4.13E-01,3.89E-02,1.42E-01,3.89E-02,4.13E-01,1.62E-02,886,9.93E-01,1.58E-02,2.68E-01,4.02E-02,4.37E-02,4.02E-02,2.68E-01,1.58E-02,910,9.86E-01,3.32E-02,1.09E-01,5.06E-02,8.82E-02,5.06E-02,1.09E-01,3.32E-02,773,9.79E-01,5.38E-02,2.41E-01,3.85E-02,1.36E-02,3.85E-02,2.41E-01,5.38E-02,970,9.68E-01,3.09E-02,3.67E-01,1.39E-01,7.99E-02,1.39E-01,3.67E-01,3.09E-02,885,Nor
Literal Femur of Normal_52.jpg,1.04E+00,5.09E-02,1.94E-01,6.60E-02,9.11E-02,6.60E-02,1.94E-01,5.09E-02,800,1.03E+00,5.40E-02,1.19E-01,1.09E-01,6.61E-02,1.09E-01,1.19E-01,5.40E-02,885,1.02E+00,2.06E-02,8.10E-02,7.24E-02,8.47E-02,7.24E-02,8.10E-02,2.06E-02,593,1.01E+00,2.41E-02,9.32E-02,8.55E-02,1.26E-01,8.55E-02,9.32E-02,2.41E-02,647,1.00E+00,2.93E-02,2.62E-01,9.51E-02,1.34E-02,9.51E-02,2.62E-01,2.93E-02,795,9.91E-01,1.30E-02,1.55E-01,1.23E-01,1.71E-01,1.23E-01,1.55E-01,1.30E-02,852,9.80E-01,8.11E-03,1.11E-01,7.42E-02,4.25E-02,7.42E-02,1.11E-01,8.11E-03,899,9.71E-01,4.45E-02,1.77E-01,9.41E-02,1.02E-02,9.41E-02,1.77E-01,4.45E-02,880,9.57E-01,9.85E-03,2.99E-01,1.39E-01,5.69E-02,1.39E-01,2.99E-01,9.85E-03,909,Nor
Literal Femur of Normal_53.jpg,1.05E+00,1.03E-01,1.80E-01,1.13E-01,2.19E-02,1.13E-01,1.80E-01,1.03E-01,947,1.04E+00,3.88E-02,1.07E-01,5.85E-02,8.38E-02,5.85E-02,1.07E-01,3.88E-02,967,1.02E+00,5.01E-02,2.58E-02,7.94E-02,1.48E-01,7.94E-02,2.58E-02,5.01E-02,553,1.01E+00,7.65E-02,1.27E-01,2.33E-02,5.11E-02,2.33E-02,1.27E-01,7.65E-02,439,1.00E+00,5.38E-02,1.79E-01,5.11E-02,7.56E-02,5.11E-02,1.79E-01,5.38E-02,516,9.90E-01,6.26E-02,1.69E-01,7.95E-02,8.37E-02,7.95E-02,1.69E-01,6.26E-02,545,9.79E-01,8.56E-02,3.10E-02,1.40E-01,2.13E-01,1.40E-01,3.10E-02,8.56E-02,671,9.67E-01,5.04E-02,1.17E-01,5.60E-02,4.31E-02,5.60E-02,1.17E-01,5.04E-02,1014,9.47E-01,3.41E-02,1.88E-01,6.68E-02,1.10E-01,6.68E-02,1.88E-01,3.41E-02,1117,Nor
Literal Femur of Normal_54.jpg,1.05E+00,7.13E-02,3.70E-01,1.67E-01,3.03E-01,1.67E-01,3.70E-01,7.13E-02,794,1.03E+00,3.58E-02,2.15E-01,4.08E-02,2.50E-01,4.08E-02,2.15E-01,3.58E-02,859,1.02E+00,4.10E-02,3.00E-02,1.39E-01,7.76E-02,1.39E-01,3.00E-02,4.10E-02,715,1.01E+00,4.06E-02,6.63E-02,2.81E-02,4.83E-02,2.81E-02,6.63E-02,4.06E-02,718,1.00E+00,2.94E-02,2.73E-01,6.25E-02,9.62E-02,6.25E-02,2.73E-01,2.94E-02,692,9.90E-01,3.31E-02,5.74E-02,6.48E-02,1.78E-01,6.48E-02,5.74E-02,3.31E-02,738,9.80E-01,3.65E-02,8.90E-02,8.90E-02,6.61E-02,8.90E-02,8.90E-02,3.65E-02,856,9.69E-01,5.38E-02,2.33E-01,1.17E-01,2.42E-01,1.17E-01,2.33E-01,5.38E-02,906,9.53E-01,2.13E-02,4.41E-01,1.47E-01,3.28E-01,1.47E-01,4.41E-01,2.13E-02,957,Nor
Literal Femur of Normal_55.jpg,1.05E+00,7.84E-02,1.11E-01,3.98E-02,2.78E-01,3.98E-02,1.11E-01,7.84E-02,1027,1.03E+00,1.23E-01,9.96E-02,5.80E-02,7.45E-02,5.80E-02,9.96E-02,1.23E-01,979,1.02E+00,1.57E-02,3.05E-02,1.30E-01,2.52E-01,1.30E-01,3.05E-02,1.57E-02,521,1.01E+00,3.54E-02,5.09E-02,9.47E-02,2.57E-02,9.47E-02,5.09E-02,3.54E-02,379,1.00E+00,1.58E-02,6.07E-02,3.21E-02,2.15E-01,3.21E-02,6.07E-02,1.58E-02,408,9.92E-01,2.53E-02,5.53E-02,1.82E-01,8.09E-02,1.82E-01,5.53E-02,2.53E-02,425,9.82E-01,6.68E-02,4.45E-02,9.34E-02,3.28E-01,9.34E-02,4.45E-02,6.68E-02,614,9.71E-01,4.97E-02,1.22E-01,5.48E-02,5.87E-02,5.48E-02,1.22E-01,4.97E-02,1050,9.51E-01,5.85E-02,1.65E-01,7.69E-02,3.08E-01,7.69E-02,1.65E-01,5.85E-02,1232,Nor
Literal Femur of Normal_56.jpg,1.03E+00,3.58E-02,3.44E-01,3.96E-02,4.90E-02,3.96E-02,3.44E-01,3.58E-02,896,1.02E+00,1.63E-02,1.53E-01,4.68E-02,1.42E-01,4.68E-02,1.53E-01,1.63E-02,930,1.02E+00,3.43E-02,4.50E-02,4.19E-02,7.45E-02,4.19E-02,4.50E-02,3.43E-02,569,1.01E+00,4.27E-02,2.19E-01,6.58E-02,1.19E-01,6.58E-02,2.19E-01,4.27E-02,516,1.00E+00,3.38E-02,2.96E-01,6.17E-02,2.21E-02,6.17E-02,2.96E-01,3.38E-02,578,9.94E-01,9.99E-03,1.37E-01,3.90E-02,7.98E-02,3.90E-02,1.37E-01,9.99E-03,668,9.87E-01,3.13E-02,9.07E-02,1.26E-02,3.93E-02,1.26E-02,9.07E-02,3.13E-02,686,9.79E-01,7.28E-02,1.94E-01,1.75E-02,9.19E-02,1.75E-02,1.94E-01,7.28E-02,978,9.67E-01,8.17E-03,3.01E-01,1.51E-01,1.53E-01,1.51E-01,3.01E-01,8.17E-03,1051,Nor
Literal Femur of Normal_57.jpg,1.07E+00,2.09E-02,1.67E-01,4.27E-02,3.51E-01,4.27E-02,1.67E-01,2.09E-02,972,1.05E+00,3.43E-02,6.62E-02,6.91E-02,1.62E-02,6.91E-02,6.62E-02,3.43E-02,972,1.03E+00,3.47E-02,6.52E-02,6.53E-02,2.68E-01,6.53E-02,6.52E-02,3.47E-02,542,1.02E+00,1.06E-02,9.02E-02,5.07E-02,1.35E-01,5.07E-02,9.02E-02,1.06E-02,498,1.00E+00,2.45E-02,1.39E-01,8.86E-02,1.03E-01,8.86E-02,1.39E-01,2.45E-02,506,9.87E-01,1.13E-02,1.01E-01,1.85E-02,5.00E-02,1.85E-02,1.01E-01,1.13E-02,545,9.73E-01,8.35E-03,7.49E-02,1.05E-01,6.38E-02,1.05E-01,7.49E-02,8.35E-03,674,9.57E-01,9.10E-03,1.05E-01,1.27E-01,2.08E-01,1.27E-01,1.05E-01,9.10E-03,1034,9.29E-01,1.24E-01,2.26E-01,5.03E-02,1.39E-01,5.03E-02,2.26E-01,1.24E-01,1019,Nor
Literal Femur of Normal_58.jpg,1.05E+00,3.69E-02,5.91E-01,9.66E-02,1.48E-01,9.66E-02,5.91E-01,3.69E-02,790,1.03E+00,6.63E-02,5.39E-01,1.32E-01,1.34E-01,1.32E-01,5.39E-01,6.63E-02,944,1.02E+00,5.93E-02,2.56E-01,6.17E-02,1.75E-02,6.17E-02,2.56E-01,5.93E-02,595,1.02E+00,6.69E-02,2.44E-01,1.39E-01,5.07E-02,1.39E-01,2.44E-01,6.69E-02,611,1.00E+00,8.11E-03,4.32E-01,6.80E-02,4.02E-01,6.80E-02,4.32E-01,8.11E-03,854,9.88E-01,2.77E-02,3.08E-01,1.05E-01,5.84E-02,1.05E-01,3.08E-01,2.77E-02,760,9.77E-01,6.86E-02,2.38E-01,1.54E-01,1.51E-01,1.54E-01,2.38E-01,6.86E-02,783,9.69E-01,9.79E-02,5.08E-01,1.88E-02,1.30E-01,1.88E-02,5.08E-01,9.79E-02,948,9.53E-01,9.96E-02,8.18E-01,9.34E-02,2.73E-01,9.34E-02,8.18E-01,9.96E-02,896,Nor
Literal Femur of Normal_59.jpg,1.05E+00,1.07E-01,2.69E-01,7.10E-02,2.97E-01,7.10E-02,2.69E-01,1.07E-01,851,1.04E+00,7.70E-02,8.05E-02,5.18E-02,1.73E-01,5.18E-02,8.05E-02,7.70E-02,943,1.02E+00,1.66E-02,1.11E-01,5.30E-02,1.53E-01,5.30E-02,1.11E-01,1.66E-02,603,1.01E+00,1.97E-02,8.75E-02,3.42E-02,2.23E-02,3.42E-02,8.75E-02,1.97E-02,565,1.00E+00,2.96E-02,1.29E-01,8.85E-02,2.77E-02,8.85E-02,1.29E-01,2.96E-02,562,9.90E-01,1.47E-02,5.67E-02,5.95E-02,2.85E-02,5.95E-02,5.67E-02,1.47E-02,606,9.79E-01,4.76E-02,6.22E-02,9.72E-02,7.08E-02,9.72E-02,6.22E-02,4.76E-02,765,9.67E-01,5.99E-02,1.78E-01,1.80E-02,2.61E-01,1.80E-02,1.78E-01,5.99E-02,1027,9.48E-01,9.59E-02,2.13E-01,9.53E-02,2.91E-01,9.53E-02,2.13E-01,9.59E-02,976,Nor
Literal Femur of Normal_6.jpg,1.05E+00,4.40E-02,6.24E-01,8.23E-02,3.01E-01,8.23E-02,6.24E-01,4.40E-02,835,1.03E+00,9.19E-02,3.33E-01,6.93E-02,4.26E-01,6.93E-02,3.33E-01,9.19E-02,967,1.02E+00,5.70E-02,1.34E-01,2.18E-02,7.26E-02,2.18E-02,1.34E-01,5.70E-02,634,1.01E+00,1.59E-02,1.01E-01,9.74E-02,6.24E-02,9.74E-02,1.01E-01,1.59E-02,621,1.00E+00,9.28E-03,3.12E-01,3.59E-02,2.00E-02,3.59E-02,3.12E-01,9.28E-03,667,9.89E-01,1.36E-02,1.12E-01,8.71E-02,1.41E-01,8.71E-02,1.12E-01,1.36E-02,708,9.78E-01,6.95E-02,1.46E-01,1.86E-01,9.72E-02,1.86E-01,1.46E-01,6.95E-02,736,9.68E-01,8.94E-02,3.77E-01,1.31E-01,3.68E-01,1.31E-01,3.77E-01,8.94E-02,949,9.51E-01,6.46E-02,6.57E-01,1.87E-01,2.11E-01,1.87E-01,6.57E-01,6.46E-02,997,Nor
Literal Femur of Normal_60.jpg,1.06E+00,5.66E-02,2.01E-01,1.99E-01,7.50E-01,1.99E-01,2.01E-01,5.66E-02,745,1.04E+00,2.92E-02,1.88E-01,6.09E-02,7.84E-01,6.09E-02,1.88E-01,2.92E-02,863,1.03E+00,6.44E-02,2.80E-02,1.29E-01,7.48E-02,1.29E-01,2.80E-02,6.44E-02,737,1.01E+00,2.53E-02,4.88E-02,5.93E-02,8.27E-02,5.93E-02,4.88E-02,2.53E-02,759,1.00E+00,2.48E-02,2.53E-01,7.05E-02,3.65E-02,7.05E-02,2.53E-01,2.48E-02,789,9.87E-01,1.46E-02,8.83E-02,1.98E-01,9.12E-02,1.98E-01,8.83E-02,1.46E-02,829,9.73E-01,2.79E-02,8.36E-02,1.39E-01,2.88E-02,1.39E-01,8.36E-02,2.79E-02,823,9.62E-01,7.56E-02,7.63E-02,4.16E-02,3.39E-01,4.16E-02,7.63E-02,7.56E-02,873,9.40E-01,7.88E-02,1.11E-01,7.38E-02,4.35E-01,7.38E-02,1.11E-01,7.88E-02,887,Nor
Literal Femur of Normal_61.jpg,1.04E+00,6.84E-02,1.57E-01,2.22E-01,1.91E-01,2.22E-01,1.57E-01,6.84E-02,887,1.03E+00,8.27E-02,1.02E-01,8.79E-02,1.41E-01,8.79E-02,1.02E-01,8.27E-02,864,1.02E+00,3.50E-02,1.82E-02,4.86E-02,2.21E-01,4.86E-02,1.82E-02,3.50E-02,655,1.01E+00,7.34E-02,9.64E-02,1.34E-01,2.18E-01,1.34E-01,9.64E-02,7.34E-02,562,1.00E+00,3.40E-02,2.06E-01,8.94E-02,3.55E-02,8.94E-02,2.06E-01,3.40E-02,610,9.92E-01,3.70E-02,8.10E-02,3.67E-02,6.56E-02,3.67E-02,8.10E-02,3.70E-02,600,9.82E-01,9.77E-02,6.42E-02,5.86E-02,7.90E-02,5.86E-02,6.42E-02,9.77E-02,787,9.72E-01,5.30E-02,1.44E-01,6.36E-02,1.58E-01,6.36E-02,1.44E-01,5.30E-02,967,9.56E-01,1.35E-01,3.53E-01,8.93E-02,3.09E-01,8.93E-02,3.53E-01,1.35E-01,1069,Nor
Literal Femur of Normal_62.jpg,1.05E+00,6.62E-02,6.35E-01,1.30E-01,1.90E-01,1.30E-01,6.35E-01,6.62E-02,754,1.04E+00,2.41E-02,3.93E-01,3.93E-02,2.79E-01,3.93E-02,3.93E-01,2.41E-02,864,1.03E+00,5.69E-02,1.43E-01,1.12E-01,2.51E-02,1.12E-01,1.43E-01,5.69E-02,665,1.02E+00,5.25E-02,2.27E-01,9.76E-02,3.75E-02,9.76E-02,2.27E-01,5.25E-02,717,1.00E+00,3.14E-02,4.39E-01,7.98E-02,1.65E-02,7.98E-02,4.39E-01,3.14E-02,848,9.88E-01,3.71E-02,1.74E-01,9.57E-02,3.00E-01,9.57E-02,1.74E-01,3.71E-02,820,9.75E-01,4.09E-02,2.01E-01,3.18E-02,9.98E-02,3.18E-02,2.01E-01,4.09E-02,821,9.64E-01,7.13E-02,3.63E-01,7.45E-02,2.03E-01,7.45E-02,3.63E-01,7.13E-02,923,9.46E-01,7.86E-02,5.49E-01,5.49E-02,1.37E-01,5.49E-02,5.49E-01,7.86E-02,874,Nor
Literal Femur of Normal_63.jpg,1.07E+00,9.74E-02,2.05E-01,1.29E-01,5.17E-02,1.29E-01,2.05E-01,9.74E-02,932,1.04E+00,4.68E-02,9.10E-02,1.03E-01,1.36E-01,1.03E-01,9.10E-02,4.68E-02,943,1.03E+00,4.31E-02,8.89E-02,2.13E-02,1.57E-01,2.13E-02,8.89E-02,4.31E-02,673,1.02E+00,2.38E-02,7.23E-02,1.56E-02,1.29E-01,1.56E-02,7.23E-02,2.38E-02,539,1.00E+00,1.85E-02,1.78E-01,6.98E-02,1.04E-01,6.98E-02,1.78E-01,1.85E-02,485,9.88E-01,2.96E-02,1.73E-02,9.76E-02,9.54E-02,9.76E-02,1.73E-02,2.96E-02,573,9.73E-01,1.09E-02,3.18E-02,4.08E-02,1.66E-01,4.08E-02,3.18E-02,1.09E-02,801,9.60E-01,4.46E-02,1.26E-01,1.50E-02,1.92E-01,1.50E-02,1.26E-01,4.46E-02,923,9.35E-01,3.28E-02,2.79E-01,2.03E-01,9.12E-02,2.03E-01,2.79E-01,3.28E-02,1104,Nor
Literal Femur of Normal_7.jpg,1.05E+00,6.83E-02,6.35E-01,1.37E-01,9.33E-02,1.37E-01,6.35E-01,6.83E-02,879,1.03E+00,6.26E-02,4.47E-01,8.12E-02,1.96E-01,8.12E-02,4.47E-01,6.26E-02,1024,1.03E+00,2.73E-02,1.73E-01,1.21E-01,6.77E-03,1.21E-01,1.73E-01,2.73E-02,556,1.01E+00,3.43E-02,2.75E-01,6.15E-02,8.34E-02,6.15E-02,2.75E-01,3.43E-02,494,1.00E+00,8.68E-03,3.39E-01,1.44E-02,2.08E-01,1.44E-02,3.39E-01,8.68E-03,656,9.90E-01,2.17E-02,1.18E-01,9.61E-02,7.60E-02,9.61E-02,1.18E-01,2.17E-02,586,9.79E-01,4.21E-02,1.85E-01,5.83E-03,5.10E-02,5.83E-03,1.85E-01,4.21E-02,737,9.69E-01,8.10E-02,4.10E-01,1.81E-01,3.03E-01,1.81E-01,4.10E-01,8.10E-02,1017,9.54E-01,8.28E-02,7.78E-01,1.55E-01,5.12E-01,1.55E-01,7.78E-01,8.28E-02,998,Nor
Literal Femur of Normal_8.jpg,1.05E+00,1.16E-01,8.11E-01,7.52E-02,5.00E-01,7.52E-02,8.11E-01,1.16E-01,849,1.04E+00,8.78E-02,5.45E-01,6.98E-02,7.39E-02,6.98E-02,5.45E-01,8.78E-02,1037,1.03E+00,9.94E-03,1.50E-01,7.07E-02,2.17E-01,7.07E-02,1.50E-01,9.94E-03,597,1.02E+00,8.75E-02,9.84E-02,2.40E-01,7.77E-02,2.40E-01,9.84E-02,8.75E-02,533,1.00E+00,7.38E-03,3.19E-01,5.08E-02,2.63E-01,5.08E-02,3.19E-01,7.38E-03,659,9.87E-01,4.39E-02,1.07E-01,1.39E-01,9.51E-02,1.39E-01,1.07E-01,4.39E-02,650,9.75E-01,5.43E-02,2.42E-01,1.25E-01,6.04E-02,1.25E-01,2.42E-01,5.43E-02,803,9.65E-01,6.83E-02,5.28E-01,1.01E-01,2.38E-01,1.01E-01,5.28E-01,6.83E-02,971,9.47E-01,1.07E-01,9.59E-01,1.04E-01,4.59E-01,1.04E-01,9.59E-01,1.07E-01,978,Nor
Literal Femur of Normal_9.jpg,1.06E+00,2.05E-02,6.22E-01,8.82E-02,5.51E-01,8.82E-02,6.22E-01,2.05E-02,913,1.04E+00,6.71E-02,3.83E-01,1.20E-01,7.20E-02,1.20E-01,3.83E-01,6.71E-02,957,1.03E+00,8.40E-02,1.29E-01,4.75E-02,3.21E-01,4.75E-02,1.29E-01,8.40E-02,691,1.02E+00,4.97E-02,4.73E-02,1.23E-01,1.60E-01,1.23E-01,4.73E-02,4.97E-02,503,1.00E+00,3.49E-02,1.83E-01,9.27E-02,1.21E-01,9.27E-02,1.83E-01,3.49E-02,536,9.89E-01,4.49E-02,1.10E-01,7.34E-02,1.54E-01,7.34E-02,1.10E-01,4.49E-02,565,9.76E-01,2.92E-02,1.26E-01,9.17E-02,3.30E-01,9.17E-02,1.26E-01,2.92E-02,738,9.63E-01,5.52E-02,3.78E-01,3.19E-02,1.43E-01,3.19E-02,3.78E-01,5.52E-02,958,9.41E-01,7.37E-02,6.37E-01,1.58E-01,5.04E-01,1.58E-01,6.37E-01,7.37E-02,1099,Nor
Literal Femur of OA_1.jpg,1.04E+00,4.34E-02,4.46E-01,1.61E-01,1.23E-01,1.61E-01,4.46E-01,4.34E-02,810,1.03E+00,6.63E-02,2.96E-01,4.29E-02,1.44E-01,4.29E-02,2.96E-01,6.63E-02,880,1.02E+00,6.25E-02,1.83E-01,1.35E-01,2.06E-01,1.35E-01,1.83E-01,6.25E-02,743,1.01E+00,2.50E-02,8.81E-02,5.82E-02,9.80E-02,5.82E-02,8.81E-02,2.50E-02,626,1.00E+00,1.23E-02,3.30E-01,5.39E-02,3.23E-02,5.39E-02,3.30E-01,1.23E-02,667,9.93E-01,3.91E-02,1.41E-01,7.61E-02,2.43E-02,7.61E-02,1.41E-01,3.91E-02,739,9.83E-01,2.89E-02,1.08E-01,3.87E-02,4.43E-02,3.87E-02,1.08E-01,2.89E-02,800,9.75E-01,2.87E-02,2.63E-01,1.83E-02,1.14E-01,1.83E-02,2.63E-01,2.87E-02,935,9.63E-01,8.09E-02,5.90E-01,1.28E-01,5.48E-03,1.28E-01,5.90E-01,8.09E-02,975,OA
Literal Femur of OA_10.jpg,1.06E+00,5.68E-02,3.20E-01,1.59E-01,7.83E-03,1.59E-01,3.20E-01,5.68E-02,732,1.04E+00,1.64E-02,1.51E-01,6.70E-02,2.17E-01,6.70E-02,1.51E-01,1.64E-02,798,1.03E+00,3.24E-02,8.94E-02,1.07E-01,4.64E-03,1.07E-01,8.94E-02,3.24E-02,757,1.01E+00,1.43E-02,7.35E-02,1.22E-01,1.05E-03,1.22E-01,7.35E-02,1.43E-02,791,1.00E+00,8.25E-03,1.73E-01,1.51E-02,1.24E-01,1.51E-02,1.73E-01,8.25E-03,787,9.90E-01,2.66E-02,6.23E-02,4.86E-02,8.91E-02,4.86E-02,6.23E-02,2.66E-02,870,9.77E-01,2.94E-02,3.78E-02,6.73E-02,1.60E-01,6.73E-02,3.78E-02,2.94E-02,900,9.66E-01,6.40E-02,1.45E-01,1.20E-01,2.14E-01,1.20E-01,1.45E-01,6.40E-02,833,9.47E-01,7.10E-02,1.98E-01,1.49E-01,3.94E-02,1.49E-01,1.98E-01,7.10E-02,921,OA
Literal Femur of OA_11.jpg,1.09E+00,4.60E-02,6.23E-01,1.49E-01,1.37E-02,1.49E-01,6.23E-01,4.60E-02,981,1.06E+00,6.64E-02,3.79E-01,8.51E-02,9.37E-02,8.51E-02,3.79E-01,6.64E-02,984,1.04E+00,4.33E-02,1.83E-01,2.81E-02,7.31E-02,2.81E-02,1.83E-01,4.33E-02,577,1.02E+00,3.85E-02,1.84E-01,7.33E-02,4.10E-03,7.33E-02,1.84E-01,3.85E-02,485,1.00E+00,2.36E-02,3.55E-01,7.49E-02,2.51E-01,7.49E-02,3.55E-01,2.36E-02,658,9.81E-01,2.69E-02,1.97E-01,4.56E-02,6.92E-03,4.56E-02,1.97E-01,2.69E-02,555,9.62E-01,6.62E-02,1.45E-01,1.18E-01,2.86E-01,1.18E-01,1.45E-01,6.62E-02,633,9.43E-01,4.96E-02,4.06E-01,6.36E-02,2.45E-02,6.36E-02,4.06E-01,4.96E-02,956,9.11E-01,6.58E-02,5.74E-01,1.66E-01,1.46E-01,1.66E-01,5.74E-01,6.58E-02,1061,OA
Literal Femur of OA_12.jpg,1.07E+00,9.30E-02,3.24E-01,1.32E-01,2.59E-01,1.32E-01,3.24E-01,9.30E-02,841,1.05E+00,3.59E-02,2.07E-01,1.81E-02,8.04E-02,1.81E-02,2.07E-01,3.59E-02,927,1.04E+00,5.26E-02,1.15E-01,8.50E-02,7.00E-03,8.50E-02,1.15E-01,5.26E-02,700,1.02E+00,3.81E-02,1.07E-01,6.70E-02,1.40E-01,6.70E-02,1.07E-01,3.81E-02,651,1.00E+00,2.15E-02,1.91E-01,2.39E-02,3.36E-02,2.39E-02,1.91E-01,2.15E-02,776,9.85E-01,8.29E-03,9.95E-02,8.28E-02,3.64E-02,8.28E-02,9.95E-02,8.29E-03,724,9.67E-01,3.64E-02,9.29E-02,3.03E-02,6.89E-02,3.03E-02,9.29E-02,3.64E-02,845,9.52E-01,3.02E-02,2.23E-01,8.05E-02,1.62E-01,8.05E-02,2.23E-01,3.02E-02,831,9.28E-01,5.32E-02,3.95E-01,1.19E-01,1.14E-01,1.19E-01,3.95E-01,5.32E-02,977,OA
Literal Femur of OA_13.jpg,1.05E+00,5.52E-02,5.23E-01,2.53E-01,3.87E-01,2.53E-01,5.23E-01,5.52E-02,782,1.04E+00,4.61E-02,3.53E-01,2.01E-02,1.47E-01,2.01E-02,3.53E-01,4.61E-02,844,1.03E+00,4.47E-02,1.10E-01,1.24E-01,1.60E-02,1.24E-01,1.10E-01,4.47E-02,694,1.01E+00,3.88E-02,1.38E-01,1.71E-02,6.08E-03,1.71E-02,1.38E-01,3.88E-02,713,1.00E+00,1.92E-02,3.89E-01,9.29E-02,1.15E-02,9.29E-02,3.89E-01,1.92E-02,871,9.89E-01,2.69E-02,1.42E-01,1.60E-01,4.60E-02,1.60E-01,1.42E-01,2.69E-02,811,9.76E-01,5.79E-02,1.45E-01,1.69E-01,6.94E-02,1.69E-01,1.45E-01,5.79E-02,801,9.67E-01,2.96E-02,3.87E-01,6.53E-02,1.52E-01,6.53E-02,3.87E-01,2.96E-02,922,9.49E-01,8.13E-02,5.76E-01,2.48E-02,2.54E-01,2.48E-02,5.76E-01,8.13E-02,891,OA
Literal Femur of OA_14.jpg,1.12E+00,8.18E-02,4.56E-01,1.15E-01,1.08E-01,1.15E-01,4.56E-01,8.18E-02,880,1.08E+00,5.82E-02,2.88E-01,6.78E-02,2.27E-01,6.78E-02,2.88E-01,5.82E-02,951,1.05E+00,5.11E-02,1.42E-01,3.36E-02,2.03E-02,3.36E-02,1.42E-01,5.11E-02,670,1.03E+00,1.87E-02,1.20E-01,3.89E-02,6.55E-02,3.89E-02,1.20E-01,1.87E-02,589,1.00E+00,2.58E-02,3.24E-01,1.06E-02,1.13E-01,1.06E-02,3.24E-01,2.58E-02,679,9.75E-01,1.79E-02,1.47E-01,2.41E-02,8.91E-02,2.41E-02,1.47E-01,1.79E-02,662,9.48E-01,4.40E-02,1.10E-01,3.85E-02,1.29E-01,3.85E-02,1.10E-01,4.40E-02,661,9.25E-01,2.85E-02,3.18E-01,3.72E-03,1.72E-01,3.72E-03,3.18E-01,2.85E-02,1004,8.89E-01,9.78E-02,5.46E-01,1.50E-01,3.61E-01,1.50E-01,5.46E-01,9.78E-02,996,OA
Literal Femur of OA_15.jpg,1.03E+00,9.68E-02,5.81E-01,1.38E-01,1.07E-01,1.38E-01,5.81E-01,9.68E-02,850,1.02E+00,9.39E-02,3.45E-01,1.04E-01,2.67E-01,1.04E-01,3.45E-01,9.39E-02,945,1.02E+00,6.05E-02,1.23E-01,1.41E-01,1.51E-01,1.41E-01,1.23E-01,6.05E-02,595,1.01E+00,5.27E-02,2.02E-01,1.74E-01,1.58E-01,1.74E-01,2.02E-01,5.27E-02,548,1.00E+00,4.30E-02,4.23E-01,2.45E-02,1.11E-02,2.45E-02,4.23E-01,4.30E-02,775,9.93E-01,1.86E-02,1.51E-01,1.62E-01,2.74E-02,1.62E-01,1.51E-01,1.86E-02,681,9.85E-01,5.96E-02,1.68E-01,7.24E-02,2.24E-01,7.24E-02,1.68E-01,5.96E-02,780,9.78E-01,5.30E-02,3.88E-01,6.33E-03,1.97E-01,6.33E-03,3.88E-01,5.30E-02,921,9.66E-01,1.29E-01,6.52E-01,9.91E-02,1.74E-01,9.91E-02,6.52E-01,1.29E-01,1004,OA
Literal Femur of OA_16.jpg,1.06E+00,2.57E-02,6.34E-01,1.81E-01,1.57E-01,1.81E-01,6.34E-01,2.57E-02,942,1.04E+00,9.88E-02,4.22E-01,6.66E-02,1.46E-01,6.66E-02,4.22E-01,9.88E-02,996,1.03E+00,9.59E-02,1.74E-01,1.31E-01,1.20E-01,1.31E-01,1.74E-01,9.59E-02,644,1.02E+00,5.47E-02,1.83E-01,3.05E-02,2.66E-02,3.05E-02,1.83E-01,5.47E-02,502,1.00E+00,1.20E-02,2.99E-01,7.84E-02,8.51E-02,7.84E-02,2.99E-01,1.20E-02,585,9.87E-01,2.26E-02,5.01E-02,5.99E-02,7.59E-02,5.99E-02,5.01E-02,2.26E-02,577,9.71E-01,9.90E-02,1.28E-01,8.04E-02,8.61E-02,8.04E-02,1.28E-01,9.90E-02,760,9.58E-01,1.26E-01,3.68E-01,3.36E-02,2.95E-02,3.36E-02,3.68E-01,1.26E-01,967,9.34E-01,6.87E-02,6.98E-01,1.84E-01,5.51E-02,1.84E-01,6.98E-01,6.87E-02,1028,OA
Literal Femur of OA_17.jpg,1.11E+00,3.60E-02,4.03E-01,2.79E-01,1.13E-01,2.79E-01,4.03E-01,3.60E-02,617,1.08E+00,2.52E-02,3.06E-01,1.54E-01,1.79E-01,1.54E-01,3.06E-01,2.52E-02,731,1.06E+00,1.49E-02,1.01E-01,1.14E-01,7.70E-02,1.14E-01,1.01E-01,1.49E-02,849,1.03E+00,6.83E-03,1.98E-01,3.21E-02,1.84E-01,3.21E-02,1.98E-01,6.83E-03,991,1.00E+00,7.34E-03,3.34E-01,4.49E-02,1.53E-01,4.49E-02,3.34E-01,7.34E-03,1141,9.67E-01,8.38E-03,2.19E-01,3.29E-02,3.37E-01,3.29E-02,2.19E-01,8.38E-03,1009,9.40E-01,7.15E-03,1.33E-01,1.11E-01,3.37E-02,1.11E-01,1.33E-01,7.15E-03,887,9.22E-01,2.71E-02,3.08E-01,7.24E-02,9.47E-03,7.24E-02,3.08E-01,2.71E-02,771,8.85E-01,5.15E-02,4.32E-01,4.17E-02,5.44E-03,4.17E-02,4.32E-01,5.15E-02,721,OA
Literal Femur of OA_18.jpg,1.07E+00,3.88E-02,4.39E-01,9.94E-02,3.15E-01,9.94E-02,4.39E-01,3.88E-02,930,1.05E+00,4.43E-02,3.10E-01,5.98E-02,1.22E-01,5.98E-02,3.10E-01,4.43E-02,951,1.03E+00,1.80E-02,1.06E-01,3.93E-02,5.25E-02,3.93E-02,1.06E-01,1.80E-02,678,1.02E+00,3.86E-02,1.38E-01,7.26E-02,5.63E-02,7.26E-02,1.38E-01,3.86E-02,558,1.00E+00,1.75E-02,3.14E-01,6.08E-02,1.61E-01,6.08E-02,3.14E-01,1.75E-02,586,9.86E-01,4.68E-02,1.14E-01,3.37E-02,9.76E-02,3.37E-02,1.14E-01,4.68E-02,551,9.68E-01,6.18E-02,1.49E-01,1.44E-02,1.80E-01,1.44E-02,1.49E-01,6.18E-02,734,9.53E-01,9.75E-03,3.24E-01,5.66E-02,1.31E-02,5.66E-02,3.24E-01,9.75E-03,951,9.25E-01,5.49E-02,4.46E-01,2.49E-02,5.61E-01,2.49E-02,4.46E-01,5.49E-02,1050,OA
Literal Femur of OA_19.jpg,1.05E+00,2.16E-02,5.12E-01,3.35E-02,5.81E-02,3.35E-02,5.12E-01,2.16E-02,811,1.04E+00,2.95E-02,2.97E-01,5.45E-02,7.87E-03,5.45E-02,2.97E-01,2.95E-02,884,1.03E+00,5.37E-02,1.59E-01,3.25E-02,3.08E-01,3.25E-02,1.59E-01,5.37E-02,644,1.02E+00,2.34E-02,1.98E-01,1.09E-01,1.13E-01,1.09E-01,1.98E-01,2.34E-02,647,1.00E+00,3.85E-02,4.65E-01,6.49E-02,1.99E-01,6.49E-02,4.65E-01,3.85E-02,797,9.88E-01,1.55E-02,1.44E-01,7.66E-02,5.04E-02,7.66E-02,1.44E-01,1.55E-02,747,9.77E-01,3.50E-02,1.84E-01,1.91E-01,3.18E-01,1.91E-01,1.84E-01,3.50E-02,773,9.66E-01,5.82E-02,3.49E-01,8.15E-02,1.56E-01,8.15E-02,3.49E-01,5.82E-02,886,9.49E-01,8.76E-02,6.33E-01,2.15E-02,4.21E-01,2.15E-02,6.33E-01,8.76E-02,973,OA
Literal Femur of OA_2.jpg,1.03E+00,1.06E-01,4.18E-01,1.68E-01,4.40E-02,1.68E-01,4.18E-01,1.06E-01,694,1.02E+00,4.67E-02,2.71E-01,9.95E-02,7.29E-02,9.95E-02,2.71E-01,4.67E-02,855,1.02E+00,4.20E-02,1.19E-01,1.23E-01,1.52E-01,1.23E-01,1.19E-01,4.20E-02,650,1.01E+00,3.04E-02,1.84E-01,4.05E-02,2.06E-01,4.05E-02,1.84E-01,3.04E-02,717,1.00E+00,1.14E-02,3.55E-01,8.49E-02,8.64E-02,8.49E-02,3.55E-01,1.14E-02,931,9.92E-01,1.45E-02,1.78E-01,4.32E-02,2.86E-01,4.32E-02,1.78E-01,1.45E-02,1011,9.84E-01,4.52E-02,9.10E-02,7.80E-02,8.42E-02,7.80E-02,9.10E-02,4.52E-02,889,9.78E-01,7.90E-02,2.99E-01,1.69E-02,1.80E-01,1.69E-02,2.99E-01,7.90E-02,909,9.66E-01,9.78E-02,4.86E-01,1.35E-01,4.24E-01,1.35E-01,4.86E-01,9.78E-02,828,OA
Literal Femur of OA_20.jpg,1.06E+00,5.66E-02,3.86E-01,5.51E-02,6.44E-02,5.51E-02,3.86E-01,5.66E-02,796,1.04E+00,5.35E-02,1.97E-01,1.27E-01,1.00E-01,1.27E-01,1.97E-01,5.35E-02,881,1.03E+00,7.77E-03,8.49E-02,6.48E-02,2.54E-02,6.48E-02,8.49E-02,7.77E-03,702,1.02E+00,1.97E-02,4.26E-02,3.34E-02,1.28E-01,3.34E-02,4.26E-02,1.97E-02,673,1.00E+00,3.15E-02,2.07E-01,4.10E-02,3.31E-03,4.10E-02,2.07E-01,3.15E-02,763,9.87E-01,2.64E-03,1.92E-02,6.54E-02,9.10E-02,6.54E-02,1.92E-02,2.64E-03,801,9.73E-01,2.32E-02,6.48E-02,7.34E-02,5.28E-02,7.34E-02,6.48E-02,2.32E-02,813,9.61E-01,8.37E-02,2.08E-01,6.96E-02,6.10E-03,6.96E-02,2.08E-01,8.37E-02,876,9.40E-01,3.42E-02,3.84E-01,1.43E-01,1.49E-01,1.43E-01,3.84E-01,3.42E-02,951,OA
Literal Femur of OA_21.jpg,1.09E+00,3.88E-02,5.58E-01,1.28E-01,6.60E-01,1.28E-01,5.58E-01,3.88E-02,554,1.07E+00,7.38E-02,3.22E-01,8.63E-02,3.82E-01,8.63E-02,3.22E-01,7.38E-02,935,1.05E+00,6.87E-02,2.01E-01,4.15E-02,1.71E-01,4.15E-02,2.01E-01,6.87E-02,501,1.03E+00,1.87E-02,2.84E-01,1.78E-02,2.76E-01,1.78E-02,2.84E-01,1.87E-02,786,1.00E+00,5.85E-03,4.36E-01,2.90E-02,3.83E-01,2.90E-02,4.36E-01,5.85E-03,724,9.76E-01,2.80E-02,2.95E-01,7.38E-02,3.16E-01,7.38E-02,2.95E-01,2.80E-02,825,9.56E-01,5.04E-02,2.32E-01,1.17E-01,4.70E-01,1.17E-01,2.32E-01,5.04E-02,501,9.41E-01,6.27E-02,4.41E-01,2.12E-02,6.41E-01,2.12E-02,4.41E-01,6.27E-02,982,9.17E-01,8.56E-02,6.70E-01,1.11E-01,8.46E-01,1.11E-01,6.70E-01,8.56E-02,656,OA
Literal Femur of OA_22.jpg,1.07E+00,2.47E-02,4.65E-01,3.33E-02,2.26E-02,3.33E-02,4.65E-01,2.47E-02,1048,1.04E+00,4.60E-02,3.29E-01,3.53E-02,1.84E-01,3.53E-02,3.29E-01,4.60E-02,997,1.03E+00,6.47E-02,1.03E-01,6.14E-02,2.59E-01,6.14E-02,1.03E-01,6.47E-02,555,1.02E+00,4.15E-02,1.45E-01,1.48E-02,7.56E-02,1.48E-02,1.45E-01,4.15E-02,419,1.00E+00,2.40E-02,1.83E-01,4.78E-02,1.47E-01,4.78E-02,1.83E-01,2.40E-02,415,9.88E-01,2.63E-02,3.63E-02,8.16E-02,1.52E-01,8.16E-02,3.63E-02,2.63E-02,447,9.73E-01,5.54E-02,1.27E-01,5.33E-02,8.38E-03,5.33E-02,1.27E-01,5.54E-02,610,9.59E-01,6.91E-02,2.53E-01,7.69E-02,1.91E-01,7.69E-02,2.53E-01,6.91E-02,1038,9.33E-01,1.31E-02,4.63E-01,1.12E-01,5.33E-02,1.12E-01,4.63E-01,1.31E-02,1149,OA
Literal Femur of OA_23.jpg,1.05E+00,6.06E-02,4.97E-01,1.26E-01,8.00E-03,1.26E-01,4.97E-01,6.06E-02,860,1.04E+00,7.16E-02,2.53E-01,1.38E-01,7.42E-02,1.38E-01,2.53E-01,7.16E-02,970,1.03E+00,5.79E-02,8.11E-02,1.38E-01,4.73E-03,1.38E-01,8.11E-02,5.79E-02,642,1.01E+00,5.30E-02,5.15E-02,4.32E-02,1.21E-01,4.32E-02,5.15E-02,5.30E-02,558,1.00E+00,3.30E-02,2.32E-01,5.30E-02,1.41E-01,5.30E-02,2.32E-01,3.30E-02,626,9.88E-01,2.88E-02,1.56E-01,9.75E-02,2.48E-02,9.75E-02,1.56E-01,2.88E-02,648,9.76E-01,5.72E-02,1.30E-01,5.47E-02,2.14E-02,5.47E-02,1.30E-01,5.72E-02,805,9.65E-01,3.31E-02,2.97E-01,3.06E-02,9.87E-03,3.06E-02,2.97E-01,3.31E-02,985,9.45E-01,6.35E-02,5.42E-01,1.10E-01,1.13E-01,1.10E-01,5.42E-01,6.35E-02,1003,OA
Literal Femur of OA_24.jpg,1.04E+00,8.04E-02,3.35E-01,7.09E-02,7.95E-02,7.09E-02,3.35E-01,8.04E-02,885,1.03E+00,3.04E-02,2.21E-01,2.40E-02,7.01E-03,2.40E-02,2.21E-01,3.04E-02,949,1.02E+00,5.87E-03,1.34E-01,8.37E-02,1.05E-01,8.37E-02,1.34E-01,5.87E-03,615,1.01E+00,3.09E-02,8.67E-02,8.67E-02,5.66E-02,8.67E-02,8.67E-02,3.09E-02,575,1.00E+00,2.44E-02,2.96E-01,7.93E-02,4.90E-02,7.93E-02,2.96E-01,2.44E-02,592,9.92E-01,1.56E-02,1.08E-01,5.90E-02,7.53E-03,5.90E-02,1.08E-01,1.56E-02,620,9.84E-01,7.27E-03,1.15E-01,7.16E-02,2.69E-01,7.16E-02,1.15E-01,7.27E-03,742,9.75E-01,3.42E-02,2.16E-01,1.97E-02,3.29E-01,1.97E-02,2.16E-01,3.42E-02,1009,9.61E-01,1.18E-01,3.37E-01,4.57E-02,2.92E-02,4.57E-02,3.37E-01,1.18E-01,1016,OA
Literal Femur of OA_25.jpg,1.09E+00,9.52E-02,5.95E-01,5.46E-02,8.33E-02,5.46E-02,5.95E-01,9.52E-02,859,1.06E+00,5.68E-02,3.80E-01,5.82E-02,1.49E-02,5.82E-02,3.80E-01,5.68E-02,983,1.05E+00,4.29E-02,1.55E-01,3.87E-02,1.66E-01,3.87E-02,1.55E-01,4.29E-02,630,1.03E+00,3.06E-02,2.75E-01,5.39E-02,6.03E-02,5.39E-02,2.75E-01,3.06E-02,563,1.00E+00,2.31E-02,3.95E-01,4.03E-02,1.23E-01,4.03E-02,3.95E-01,2.31E-02,779,9.74E-01,2.42E-02,2.08E-01,4.25E-02,6.16E-02,4.25E-02,2.08E-01,2.42E-02,711,9.54E-01,2.33E-02,1.51E-01,3.78E-02,5.29E-02,3.78E-02,1.51E-01,2.33E-02,750,9.36E-01,7.31E-02,4.28E-01,6.07E-02,1.68E-01,6.07E-02,4.28E-01,7.31E-02,969,9.05E-01,5.98E-02,6.63E-01,1.55E-01,3.12E-02,1.55E-01,6.63E-01,5.98E-02,936,OA
Literal Femur of OA_26.jpg,1.06E+00,8.88E-02,3.36E-01,8.56E-02,4.17E-02,8.56E-02,3.36E-01,8.88E-02,645,1.05E+00,3.71E-02,1.62E-01,7.90E-02,9.64E-02,7.90E-02,1.62E-01,3.71E-02,733,1.03E+00,4.77E-02,4.99E-02,7.85E-02,2.05E-01,7.85E-02,4.99E-02,4.77E-02,776,1.02E+00,2.12E-02,1.13E-01,6.67E-02,1.07E-01,6.67E-02,1.13E-01,2.12E-02,943,1.00E+00,2.64E-02,2.12E-01,1.34E-01,1.21E-01,1.34E-01,2.12E-01,2.64E-02,1074,9.85E-01,2.09E-02,1.05E-01,7.09E-02,2.37E-01,7.09E-02,1.05E-01,2.09E-02,973,9.67E-01,1.44E-02,4.84E-02,7.65E-02,8.47E-02,7.65E-02,4.84E-02,1.44E-02,920,9.57E-01,3.91E-03,1.21E-01,6.24E-02,3.02E-01,6.24E-02,1.21E-01,3.91E-03,809,9.35E-01,4.08E-02,3.26E-01,1.32E-01,2.85E-02,1.32E-01,3.26E-01,4.08E-02,757,OA
Literal Femur of OA_27.jpg,1.10E+00,5.61E-02,3.40E-01,9.13E-02,4.52E-01,9.13E-02,3.40E-01,5.61E-02,623,1.07E+00,2.52E-02,1.60E-01,1.10E-01,2.29E-01,1.10E-01,1.60E-01,2.52E-02,788,1.05E+00,4.49E-02,1.37E-01,7.02E-02,1.54E-02,7.02E-02,1.37E-01,4.49E-02,808,1.03E+00,2.68E-02,3.76E-02,5.59E-02,1.07E-01,5.59E-02,3.76E-02,2.68E-02,899,1.00E+00,8.63E-03,9.60E-02,3.28E-02,6.50E-02,3.28E-02,9.60E-02,8.63E-03,1009,9.76E-01,2.43E-02,3.32E-02,9.05E-02,1.28E-01,9.05E-02,3.32E-02,2.43E-02,1037,9.52E-01,2.04E-02,9.24E-02,1.73E-01,1.87E-01,1.73E-01,9.24E-02,2.04E-02,920,9.34E-01,3.76E-02,2.37E-01,4.76E-02,1.50E-01,4.76E-02,2.37E-01,3.76E-02,800,9.03E-01,6.68E-02,4.58E-01,1.83E-01,6.15E-02,1.83E-01,4.58E-01,6.68E-02,788,OA
Literal Femur of OA_28.jpg,1.08E+00,2.31E-02,2.88E-01,1.38E-01,1.49E-01,1.38E-01,2.88E-01,2.31E-02,809,1.05E+00,5.03E-02,2.02E-01,6.99E-02,2.66E-02,6.99E-02,2.02E-01,5.03E-02,856,1.04E+00,4.59E-02,1.35E-01,1.27E-01,4.61E-02,1.27E-01,1.35E-01,4.59E-02,726,1.02E+00,5.21E-03,1.30E-01,7.95E-02,1.11E-01,7.95E-02,1.30E-01,5.21E-03,662,1.00E+00,2.05E-03,3.00E-01,6.18E-02,2.25E-02,6.18E-02,3.00E-01,2.05E-03,771,9.81E-01,8.03E-03,1.50E-01,5.86E-02,4.46E-02,5.86E-02,1.50E-01,8.03E-03,775,9.63E-01,4.02E-02,9.03E-02,1.10E-01,5.26E-02,1.10E-01,9.03E-02,4.02E-02,797,9.50E-01,3.70E-02,1.18E-01,8.94E-02,5.45E-02,8.94E-02,1.18E-01,3.70E-02,869,9.26E-01,3.41E-02,3.63E-01,1.26E-01,2.87E-02,1.26E-01,3.63E-01,3.41E-02,921,OA
Literal Femur of OA_29.jpg,1.08E+00,1.17E-01,4.75E-01,2.15E-01,8.46E-01,2.15E-01,4.75E-01,1.17E-01,588,1.06E+00,2.90E-02,2.40E-01,3.88E-02,3.92E-01,3.88E-02,2.40E-01,2.90E-02,765,1.04E+00,3.53E-02,1.60E-01,6.22E-02,7.78E-02,6.22E-02,1.60E-01,3.53E-02,819,1.02E+00,3.95E-02,1.26E-01,4.22E-02,6.68E-02,4.22E-02,1.26E-01,3.95E-02,946,1.00E+00,4.62E-03,3.56E-01,1.32E-01,2.01E-01,1.32E-01,3.56E-01,4.62E-03,1072,9.79E-01,2.67E-03,1.91E-01,1.16E-01,2.74E-01,1.16E-01,1.91E-01,2.67E-03,1082,9.59E-01,3.86E-02,1.31E-01,1.90E-02,9.97E-02,1.90E-02,1.31E-01,3.86E-02,965,9.43E-01,3.83E-02,2.59E-01,1.78E-01,4.14E-01,1.78E-01,2.59E-01,3.83E-02,790,9.18E-01,1.49E-01,4.80E-01,1.77E-01,1.94E-01,1.77E-01,4.80E-01,1.49E-01,729,OA
Literal Femur of OA_3.jpg,1.04E+00,5.42E-02,2.27E-01,1.79E-01,1.70E-01,1.79E-01,2.27E-01,5.42E-02,772,1.03E+00,4.45E-02,1.57E-01,3.56E-02,5.53E-02,3.56E-02,1.57E-01,4.45E-02,778,1.02E+00,1.12E-02,6.23E-02,5.51E-02,2.69E-01,5.51E-02,6.23E-02,1.12E-02,701,1.01E+00,3.64E-02,6.51E-02,3.06E-02,2.13E-01,3.06E-02,6.51E-02,3.64E-02,707,1.00E+00,2.35E-02,1.30E-01,6.89E-02,5.20E-02,6.89E-02,1.30E-01,2.35E-02,787,9.93E-01,9.11E-03,5.64E-02,9.35E-02,1.19E-01,9.35E-02,5.64E-02,9.11E-03,783,9.84E-01,1.18E-02,4.69E-02,5.39E-02,2.81E-01,5.39E-02,4.69E-02,1.18E-02,900,9.75E-01,4.30E-03,1.40E-01,9.20E-02,3.18E-02,9.20E-02,1.40E-01,4.30E-03,888,9.62E-01,5.08E-02,2.58E-01,2.61E-01,1.02E-02,2.61E-01,2.58E-01,5.08E-02,931,OA
Literal Femur of OA_30.jpg,1.09E+00,5.72E-02,5.02E-01,1.47E-01,4.00E-01,1.47E-01,5.02E-01,5.72E-02,684,1.06E+00,6.41E-02,2.72E-01,8.48E-02,3.46E-01,8.48E-02,2.72E-01,6.41E-02,821,1.04E+00,7.12E-03,7.90E-02,5.62E-02,5.11E-02,5.62E-02,7.90E-02,7.12E-03,740,1.02E+00,2.06E-02,1.63E-01,8.72E-02,7.31E-02,8.72E-02,1.63E-01,2.06E-02,769,1.00E+00,9.28E-03,3.90E-01,2.18E-02,1.18E-01,2.18E-02,3.90E-01,9.28E-03,855,9.81E-01,3.06E-02,1.68E-01,9.97E-03,3.69E-02,9.97E-03,1.68E-01,3.06E-02,928,9.61E-01,1.90E-02,8.87E-02,1.89E-02,1.78E-01,1.89E-02,8.87E-02,1.90E-02,963,9.44E-01,4.13E-02,2.52E-01,6.04E-02,1.74E-01,6.04E-02,2.52E-01,4.13E-02,868,9.13E-01,5.91E-02,3.91E-01,1.76E-01,2.60E-01,1.76E-01,3.91E-01,5.91E-02,863,OA
Literal Femur of OA_31.jpg,1.06E+00,7.32E-02,5.17E-01,1.70E-01,1.27E-01,1.70E-01,5.17E-01,7.32E-02,679,1.04E+00,1.90E-02,4.28E-01,7.03E-02,3.81E-01,7.03E-02,4.28E-01,1.90E-02,859,1.03E+00,4.10E-02,2.25E-01,2.73E-02,3.29E-01,2.73E-02,2.25E-01,4.10E-02,688,1.02E+00,2.77E-02,2.09E-01,1.52E-01,7.79E-02,1.52E-01,2.09E-01,2.77E-02,798,1.00E+00,1.42E-02,4.36E-01,6.02E-02,7.91E-02,6.02E-02,4.36E-01,1.42E-02,1080,9.82E-01,1.25E-02,2.84E-01,1.09E-01,2.97E-01,1.09E-01,2.84E-01,1.25E-02,998,9.68E-01,1.03E-02,2.32E-01,1.25E-01,2.32E-01,1.25E-01,2.32E-01,1.03E-02,849,9.57E-01,5.54E-02,4.69E-01,8.30E-02,8.86E-02,8.30E-02,4.69E-01,5.54E-02,795,9.37E-01,7.09E-02,6.81E-01,7.12E-02,4.79E-01,7.12E-02,6.81E-01,7.09E-02,775,OA
Literal Femur of OA_32.jpg,1.10E+00,8.29E-02,2.14E-01,1.51E-01,3.38E-01,1.51E-01,2.14E-01,8.29E-02,890,1.06E+00,7.32E-02,1.40E-01,5.94E-02,1.69E-01,5.94E-02,1.40E-01,7.32E-02,914,1.05E+00,1.12E-02,8.49E-02,3.99E-02,1.29E-01,3.99E-02,8.49E-02,1.12E-02,668,1.02E+00,3.19E-02,1.78E-01,1.15E-01,9.81E-02,1.15E-01,1.78E-01,3.19E-02,575,1.00E+00,2.15E-02,2.57E-01,9.08E-02,6.62E-02,9.08E-02,2.57E-01,2.15E-02,658,9.79E-01,3.87E-02,1.10E-01,6.89E-02,1.07E-01,6.89E-02,1.10E-01,3.87E-02,710,9.57E-01,1.46E-02,8.52E-02,8.04E-02,7.23E-03,8.04E-02,8.52E-02,1.46E-02,790,9.39E-01,4.04E-02,1.97E-01,7.16E-02,9.24E-02,7.16E-02,1.97E-01,4.04E-02,976,9.06E-01,7.78E-02,2.47E-01,1.72E-01,1.05E-01,1.72E-01,2.47E-01,7.78E-02,949,OA
Literal Femur of OA_33.jpg,1.06E+00,5.45E-02,5.36E-01,2.20E-01,5.08E-01,2.20E-01,5.36E-01,5.45E-02,789,1.04E+00,4.88E-02,3.88E-01,8.11E-02,2.24E-01,8.11E-02,3.88E-01,4.88E-02,903,1.03E+00,2.46E-02,1.33E-01,5.74E-02,8.53E-02,5.74E-02,1.33E-01,2.46E-02,761,1.01E+00,1.20E-02,1.21E-01,8.40E-02,7.68E-02,8.40E-02,1.21E-01,1.20E-02,616,1.00E+00,4.86E-03,2.36E-01,1.97E-02,7.68E-02,1.97E-02,2.36E-01,4.86E-03,769,9.88E-01,2.51E-02,1.49E-01,9.27E-02,2.92E-03,9.27E-02,1.49E-01,2.51E-02,772,9.76E-01,5.16E-02,2.07E-01,5.54E-02,2.59E-01,5.54E-02,2.07E-01,5.16E-02,840,9.64E-01,7.22E-02,4.31E-01,6.16E-02,2.79E-01,6.16E-02,4.31E-01,7.22E-02,909,9.44E-01,7.68E-02,7.01E-01,5.21E-02,3.10E-01,5.21E-02,7.01E-01,7.68E-02,916,OA
Literal Femur of OA_34.jpg,1.04E+00,6.36E-02,2.12E-01,1.07E-01,2.14E-01,1.07E-01,2.12E-01,6.36E-02,787,1.03E+00,3.52E-02,1.38E-01,2.64E-02,1.09E-01,2.64E-02,1.38E-01,3.52E-02,846,1.02E+00,3.66E-02,5.43E-02,9.10E-02,8.16E-02,9.10E-02,5.43E-02,3.66E-02,705,1.01E+00,4.75E-03,6.54E-02,7.01E-02,3.71E-02,7.01E-02,6.54E-02,4.75E-03,679,1.00E+00,2.18E-02,1.70E-01,1.30E-02,1.36E-01,1.30E-02,1.70E-01,2.18E-02,716,9.93E-01,1.81E-02,1.10E-01,9.30E-02,6.46E-02,9.30E-02,1.10E-01,1.81E-02,711,9.83E-01,4.54E-02,2.81E-02,6.77E-02,4.47E-02,6.77E-02,2.81E-02,4.54E-02,844,9.75E-01,5.93E-02,1.37E-01,9.51E-02,1.34E-01,9.51E-02,1.37E-01,5.93E-02,928,9.60E-01,7.10E-02,1.67E-01,1.38E-01,1.17E-01,1.38E-01,1.67E-01,7.10E-02,987,OA
Literal Femur of OA_35.jpg,1.06E+00,7.32E-02,6.05E-01,8.70E-02,4.24E-01,8.70E-02,6.05E-01,7.32E-02,635,1.04E+00,8.34E-02,4.37E-01,7.12E-02,5.85E-01,7.12E-02,4.37E-01,8.34E-02,774,1.03E+00,7.00E-02,2.10E-01,8.56E-02,5.70E-01,8.56E-02,2.10E-01,7.00E-02,775,1.02E+00,2.22E-02,2.54E-01,6.54E-02,2.59E-01,6.54E-02,2.54E-01,2.22E-02,873,1.00E+00,1.71E-02,5.01E-01,6.17E-02,2.40E-01,6.17E-02,5.01E-01,1.71E-02,1075,9.84E-01,1.05E-02,2.27E-01,6.06E-02,4.68E-01,6.06E-02,2.27E-01,1.05E-02,1073,9.68E-01,5.72E-02,1.86E-01,9.00E-02,2.66E-01,9.00E-02,1.86E-01,5.72E-02,849,9.58E-01,1.18E-01,3.90E-01,1.76E-01,5.17E-01,1.76E-01,3.90E-01,1.18E-01,744,9.39E-01,8.12E-02,5.43E-01,1.78E-01,4.10E-01,1.78E-01,5.43E-01,8.12E-02,785,OA
Literal Femur of OA_36.jpg,1.09E+00,8.14E-02,5.54E-01,1.24E-01,6.49E-01,1.24E-01,5.54E-01,8.14E-02,604,1.06E+00,3.52E-02,3.51E-01,1.09E-01,2.64E-01,1.09E-01,3.51E-01,3.52E-02,724,1.05E+00,1.06E-02,2.46E-01,8.56E-02,6.36E-02,8.56E-02,2.46E-01,1.06E-02,800,1.03E+00,2.19E-02,3.26E-01,6.05E-02,1.83E-01,6.05E-02,3.26E-01,2.19E-02,983,1.00E+00,1.48E-02,5.49E-01,9.01E-02,2.47E-01,9.01E-02,5.49E-01,1.48E-02,1283,9.71E-01,5.16E-03,3.42E-01,7.35E-03,1.96E-01,7.35E-03,3.42E-01,5.16E-03,1114,9.55E-01,1.13E-02,2.44E-01,1.29E-01,3.97E-01,1.29E-01,2.44E-01,1.13E-02,864,9.43E-01,8.88E-02,4.69E-01,8.11E-02,2.73E-01,8.11E-02,4.69E-01,8.88E-02,756,9.17E-01,8.47E-02,6.61E-01,1.90E-01,2.77E-01,1.90E-01,6.61E-01,8.47E-02,683,OA
Literal Femur of OA_37.jpg,1.06E+00,3.59E-02,1.71E-01,1.27E-02,1.50E-02,1.27E-02,1.71E-01,3.59E-02,872,1.04E+00,8.39E-02,1.13E-01,6.17E-02,1.21E-01,6.17E-02,1.13E-01,8.39E-02,907,1.03E+00,1.93E-02,2.75E-02,4.08E-02,1.57E-01,4.08E-02,2.75E-02,1.93E-02,699,1.01E+00,2.99E-02,1.11E-02,5.74E-02,1.55E-01,5.74E-02,1.11E-02,2.99E-02,568,1.00E+00,2.74E-02,1.54E-01,4.85E-02,1.00E-01,4.85E-02,1.54E-01,2.74E-02,592,9.87E-01,2.93E-02,3.93E-02,1.03E-01,7.83E-02,1.03E-01,3.93E-02,2.93E-02,695,9.75E-01,1.60E-02,1.22E-02,9.49E-02,2.14E-01,9.49E-02,1.22E-02,1.60E-02,793,9.61E-01,1.50E-02,7.75E-02,8.75E-02,4.97E-02,8.75E-02,7.75E-02,1.50E-02,978,9.41E-01,1.72E-02,1.14E-01,7.33E-02,1.61E-01,7.33E-02,1.14E-01,1.72E-02,1000,OA
Literal Femur of OA_38.jpg,1.11E+00,9.35E-02,3.77E-01,9.82E-02,2.09E-01,9.82E-02,3.77E-01,9.35E-02,952,1.07E+00,7.62E-02,2.12E-01,1.03E-02,1.16E-01,1.03E-02,2.12E-01,7.62E-02,917,1.05E+00,4.57E-02,6.34E-02,4.13E-02,1.70E-01,4.13E-02,6.34E-02,4.57E-02,685,1.02E+00,4.30E-02,6.55E-02,4.81E-02,5.63E-02,4.81E-02,6.55E-02,4.30E-02,564,1.00E+00,1.26E-02,1.43E-01,7.15E-02,2.38E-02,7.15E-02,1.43E-01,1.26E-02,588,9.77E-01,2.17E-02,6.09E-02,8.82E-02,9.24E-03,8.82E-02,6.09E-02,2.17E-02,581,9.53E-01,4.58E-02,6.02E-02,3.21E-02,1.42E-01,3.21E-02,6.02E-02,4.58E-02,696,9.32E-01,4.99E-02,2.47E-01,3.78E-02,1.31E-01,3.78E-02,2.47E-01,4.99E-02,1023,8.93E-01,6.91E-02,4.42E-01,1.86E-01,1.79E-01,1.86E-01,4.42E-01,6.91E-02,1022,OA
Literal Femur of OA_39.jpg,1.11E+00,1.02E-01,5.68E-01,1.31E-02,8.45E-01,1.31E-02,5.68E-01,1.02E-01,664,1.08E+00,5.53E-03,3.50E-01,1.17E-01,5.72E-01,1.17E-01,3.50E-01,5.53E-03,770,1.06E+00,3.83E-02,1.73E-01,1.07E-01,3.12E-01,1.07E-01,1.73E-01,3.83E-02,774,1.03E+00,8.01E-03,2.07E-01,5.03E-02,8.58E-02,5.03E-02,2.07E-01,8.01E-03,879,1.00E+00,8.42E-03,5.05E-01,1.59E-01,4.25E-01,1.59E-01,5.05E-01,8.42E-03,1118,9.69E-01,2.00E-02,2.56E-01,7.48E-02,4.91E-01,7.48E-02,2.56E-01,2.00E-02,997,9.40E-01,3.68E-02,1.80E-01,1.06E-01,2.68E-01,1.06E-01,1.80E-01,3.68E-02,880,9.21E-01,4.85E-02,3.86E-01,8.87E-02,1.48E-01,8.87E-02,3.86E-01,4.85E-02,825,8.89E-01,1.09E-01,6.07E-01,1.97E-01,5.78E-01,1.97E-01,6.07E-01,1.09E-01,737,OA
Literal Femur of OA_4.jpg,1.05E+00,1.56E-01,5.80E-01,1.57E-01,3.61E-02,1.57E-01,5.80E-01,1.56E-01,894,1.03E+00,5.72E-02,3.71E-01,4.59E-02,2.36E-01,4.59E-02,3.71E-01,5.72E-02,919,1.02E+00,6.03E-02,8.23E-02,4.70E-02,1.30E-01,4.70E-02,8.23E-02,6.03E-02,630,1.01E+00,2.88E-02,9.48E-02,3.51E-02,2.40E-01,3.51E-02,9.48E-02,2.88E-02,597,1.00E+00,2.07E-02,2.10E-01,7.79E-02,5.30E-02,7.79E-02,2.10E-01,2.07E-02,620,9.92E-01,2.65E-02,7.60E-02,7.32E-02,1.72E-01,7.32E-02,7.60E-02,2.65E-02,664,9.81E-01,6.76E-02,1.50E-01,5.37E-03,9.06E-02,5.37E-03,1.50E-01,6.76E-02,790,9.71E-01,9.07E-02,4.26E-01,2.35E-02,7.35E-02,2.35E-02,4.26E-01,9.07E-02,948,9.54E-01,9.44E-02,7.92E-01,2.74E-02,1.12E-01,2.74E-02,7.92E-01,9.44E-02,1031,OA
Literal Femur of OA_40.jpg,1.08E+00,3.35E-02,3.45E-01,8.89E-02,9.38E-02,8.89E-02,3.45E-01,3.35E-02,679,1.05E+00,1.07E-02,2.05E-01,5.11E-02,1.88E-01,5.11E-02,2.05E-01,1.07E-02,760,1.04E+00,9.69E-03,5.34E-02,6.44E-02,6.81E-02,6.44E-02,5.34E-02,9.69E-03,753,1.02E+00,4.00E-02,1.20E-01,4.65E-02,1.83E-02,4.65E-02,1.20E-01,4.00E-02,899,1.00E+00,9.66E-03,1.90E-01,1.39E-01,1.72E-02,1.39E-01,1.90E-01,9.66E-03,874,9.82E-01,1.21E-02,1.49E-01,4.19E-02,1.08E-01,4.19E-02,1.49E-01,1.21E-02,949,9.65E-01,2.50E-03,1.12E-01,3.42E-02,4.42E-03,3.42E-02,1.12E-01,2.50E-03,923,9.51E-01,2.90E-02,2.00E-01,6.08E-03,1.62E-01,6.08E-03,2.00E-01,2.90E-02,819,9.27E-01,3.73E-02,2.90E-01,1.15E-01,2.75E-01,1.15E-01,2.90E-01,3.73E-02,867,OA
Literal Femur of OA_41.jpg,1.08E+00,5.20E-02,4.59E-01,6.93E-02,1.80E-01,6.93E-02,4.59E-01,5.20E-02,796,1.05E+00,6.33E-02,2.99E-01,9.57E-02,3.57E-02,9.57E-02,2.99E-01,6.33E-02,906,1.04E+00,4.75E-02,1.02E-01,8.18E-02,1.05E-01,8.18E-02,1.02E-01,4.75E-02,671,1.02E+00,3.64E-02,1.73E-01,5.07E-02,9.12E-02,5.07E-02,1.73E-01,3.64E-02,697,1.00E+00,7.15E-03,3.47E-01,5.76E-02,3.26E-03,5.76E-02,3.47E-01,7.15E-03,749,9.82E-01,1.98E-02,1.24E-01,5.59E-02,7.23E-02,5.59E-02,1.24E-01,1.98E-02,777,9.64E-01,1.52E-02,1.61E-01,6.33E-02,1.20E-01,6.33E-02,1.61E-01,1.52E-02,786,9.48E-01,5.80E-02,3.08E-01,4.33E-02,4.14E-02,4.33E-02,3.08E-01,5.80E-02,907,9.23E-01,3.73E-02,4.92E-01,1.37E-01,2.83E-01,1.37E-01,4.92E-01,3.73E-02,932,OA
Literal Femur of OA_42.jpg,1.05E+00,3.29E-02,5.58E-01,1.17E-02,2.45E-01,1.17E-02,5.58E-01,3.29E-02,827,1.03E+00,1.44E-02,3.31E-01,6.48E-02,2.27E-01,6.48E-02,3.31E-01,1.44E-02,908,1.02E+00,2.26E-02,9.48E-02,5.90E-02,1.06E-01,5.90E-02,9.48E-02,2.26E-02,693,1.01E+00,9.11E-03,2.07E-01,7.37E-02,1.39E-01,7.37E-02,2.07E-01,9.11E-03,606,1.00E+00,9.42E-03,3.45E-01,7.89E-02,5.77E-02,7.89E-02,3.45E-01,9.42E-03,696,9.90E-01,3.98E-02,1.91E-01,4.72E-02,2.15E-01,4.72E-02,1.91E-01,3.98E-02,647,9.79E-01,3.21E-02,1.48E-01,3.96E-02,3.86E-02,3.96E-02,1.48E-01,3.21E-02,762,9.71E-01,7.18E-02,3.07E-01,9.96E-02,2.59E-01,9.96E-02,3.07E-01,7.18E-02,926,9.56E-01,4.86E-02,5.32E-01,7.25E-02,1.27E-01,7.25E-02,5.32E-01,4.86E-02,1039,OA
Literal Femur of OA_43.jpg,1.07E+00,8.37E-02,2.12E-01,7.04E-02,8.91E-02,7.04E-02,2.12E-01,8.37E-02,901,1.05E+00,6.78E-02,5.70E-02,8.35E-02,5.71E-02,8.35E-02,5.70E-02,6.78E-02,854,1.03E+00,3.79E-02,7.15E-02,4.67E-02,1.45E-01,4.67E-02,7.15E-02,3.79E-02,756,1.02E+00,4.52E-02,5.82E-02,9.35E-02,1.49E-01,9.35E-02,5.82E-02,4.52E-02,630,1.00E+00,1.48E-02,1.28E-01,8.42E-02,1.74E-01,8.42E-02,1.28E-01,1.48E-02,693,9.86E-01,2.61E-02,2.82E-02,5.96E-02,7.76E-02,5.96E-02,2.82E-02,2.61E-02,646,9.71E-01,2.33E-02,6.44E-02,5.93E-02,3.60E-01,5.93E-02,6.44E-02,2.33E-02,777,9.57E-01,8.26E-02,1.44E-01,1.10E-01,7.25E-02,1.10E-01,1.44E-01,8.26E-02,910,9.33E-01,7.19E-02,2.68E-01,1.04E-01,2.29E-01,1.04E-01,2.68E-01,7.19E-02,1043,OA
Literal Femur of OA_44.jpg,1.08E+00,4.57E-02,5.32E-01,8.95E-02,3.52E-01,8.95E-02,5.32E-01,4.57E-02,863,1.06E+00,9.94E-02,3.24E-01,4.91E-02,3.47E-01,4.91E-02,3.24E-01,9.94E-02,957,1.04E+00,6.42E-02,1.26E-01,8.68E-02,1.52E-01,8.68E-02,1.26E-01,6.42E-02,592,1.02E+00,2.14E-02,1.49E-01,3.15E-02,1.30E-04,3.15E-02,1.49E-01,2.14E-02,634,1.00E+00,7.80E-03,3.83E-01,4.95E-02,7.76E-02,4.95E-02,3.83E-01,7.80E-03,734,9.80E-01,3.59E-02,1.75E-01,1.36E-01,2.74E-02,1.36E-01,1.75E-01,3.59E-02,728,9.62E-01,4.33E-02,1.21E-01,4.82E-02,1.53E-01,4.82E-02,1.21E-01,4.33E-02,786,9.45E-01,4.13E-02,3.63E-01,6.05E-02,1.29E-01,6.05E-02,3.63E-01,4.13E-02,905,9.17E-01,2.56E-02,5.30E-01,9.23E-02,3.29E-01,9.23E-02,5.30E-01,2.56E-02,947,OA
Literal Femur of OA_45.jpg,1.05E+00,4.24E-02,5.66E-01,1.70E-01,5.98E-02,1.70E-01,5.66E-01,4.24E-02,926,1.03E+00,6.83E-02,4.12E-01,1.13E-01,2.22E-02,1.13E-01,4.12E-01,6.83E-02,940,1.02E+00,2.35E-02,1.12E-01,8.44E-02,5.06E-02,8.44E-02,1.12E-01,2.35E-02,545,1.01E+00,1.85E-02,1.71E-01,1.08E-01,1.99E-01,1.08E-01,1.71E-01,1.85E-02,519,1.00E+00,2.96E-02,3.64E-01,1.08E-01,7.77E-02,1.08E-01,3.64E-01,2.96E-02,582,9.90E-01,2.47E-02,1.22E-01,6.65E-02,1.20E-01,6.65E-02,1.22E-01,2.47E-02,635,9.79E-01,3.48E-02,1.74E-01,1.31E-01,2.97E-02,1.31E-01,1.74E-01,3.48E-02,792,9.70E-01,3.26E-02,4.04E-01,6.66E-02,1.23E-01,6.66E-02,4.04E-01,3.26E-02,1001,9.55E-01,3.52E-02,7.24E-01,2.37E-01,1.72E-02,2.37E-01,7.24E-01,3.52E-02,1033,OA
Literal Femur of OA_46.jpg,1.05E+00,9.89E-02,6.47E-01,1.44E-01,6.12E-01,1.44E-01,6.47E-01,9.89E-02,647,1.04E+00,8.00E-03,4.42E-01,1.26E-01,2.95E-01,1.26E-01,4.42E-01,8.00E-03,808,1.03E+00,2.19E-02,1.87E-01,4.58E-02,3.54E-03,4.58E-02,1.87E-01,2.19E-02,774,1.02E+00,2.80E-03,2.07E-01,4.90E-02,1.87E-01,4.90E-02,2.07E-01,2.80E-03,849,1.00E+00,1.55E-02,4.00E-01,7.75E-02,1.34E-01,7.75E-02,4.00E-01,1.55E-02,996,9.86E-01,1.69E-02,2.06E-01,8.58E-02,1.96E-02,8.58E-02,2.06E-01,1.69E-02,1046,9.72E-01,1.39E-02,1.71E-01,1.36E-01,6.31E-01,1.36E-01,1.71E-01,1.39E-02,953,9.63E-01,5.14E-02,4.62E-01,7.61E-02,2.74E-01,7.61E-02,4.62E-01,5.14E-02,812,9.46E-01,3.56E-02,5.59E-01,5.63E-02,6.21E-01,5.63E-02,5.59E-01,3.56E-02,744,OA
Literal Femur of OA_47.jpg,1.07E+00,6.60E-02,3.43E-01,2.87E-01,7.79E-02,2.87E-01,3.43E-01,6.60E-02,687,1.05E+00,6.21E-02,2.55E-01,1.69E-02,2.42E-01,1.69E-02,2.55E-01,6.21E-02,779,1.03E+00,2.17E-02,1.43E-01,8.53E-02,2.01E-01,8.53E-02,1.43E-01,2.17E-02,781,1.02E+00,1.38E-02,1.42E-01,1.18E-01,1.21E-01,1.18E-01,1.42E-01,1.38E-02,821,1.00E+00,8.94E-03,3.13E-01,3.50E-02,2.99E-03,3.50E-02,3.13E-01,8.94E-03,967,9.85E-01,1.98E-02,1.08E-01,1.37E-01,6.56E-03,1.37E-01,1.08E-01,1.98E-02,957,9.68E-01,4.42E-02,1.41E-01,1.02E-01,1.18E-01,1.02E-01,1.41E-01,4.42E-02,896,9.54E-01,3.75E-02,2.76E-01,7.90E-02,1.55E-01,7.90E-02,2.76E-01,3.75E-02,857,9.33E-01,5.69E-02,4.46E-01,1.81E-01,1.86E-01,1.81E-01,4.46E-01,5.69E-02,792,OA
Literal Femur of OA_48.jpg,1.07E+00,1.08E-01,2.43E-01,1.00E-01,3.26E-01,1.00E-01,2.43E-01,1.08E-01,757,1.05E+00,2.56E-02,1.27E-01,7.18E-02,2.82E-01,7.18E-02,1.27E-01,2.56E-02,849,1.04E+00,2.68E-02,7.34E-02,5.26E-02,3.11E-02,5.26E-02,7.34E-02,2.68E-02,793,1.02E+00,4.69E-03,1.35E-01,4.70E-02,2.87E-01,4.70E-02,1.35E-01,4.69E-03,745,1.00E+00,1.67E-02,3.28E-01,5.88E-02,3.02E-01,5.88E-02,3.28E-01,1.67E-02,927,9.83E-01,1.18E-02,1.69E-01,7.17E-02,1.52E-01,7.17E-02,1.69E-01,1.18E-02,810,9.64E-01,1.69E-02,4.64E-02,4.56E-02,3.72E-03,4.56E-02,4.64E-02,1.69E-02,899,9.50E-01,3.30E-02,1.68E-01,5.62E-02,4.17E-01,5.62E-02,1.68E-01,3.30E-02,852,9.26E-01,7.10E-02,3.35E-01,9.51E-02,2.25E-01,9.51E-02,3.35E-01,7.10E-02,812,OA
Literal Femur of OA_49.jpg,1.07E+00,6.06E-02,3.59E-01,1.30E-01,1.85E-01,1.30E-01,3.59E-01,6.06E-02,996,1.04E+00,1.27E-02,9.63E-02,3.55E-02,2.10E-01,3.55E-02,9.63E-02,1.27E-02,1062,1.03E+00,4.59E-02,6.34E-02,1.04E-01,8.15E-02,1.04E-01,6.34E-02,4.59E-02,516,1.01E+00,2.54E-02,1.25E-02,9.95E-02,6.11E-02,9.95E-02,1.25E-02,2.54E-02,387,1.00E+00,1.75E-02,2.42E-01,1.14E-01,8.29E-02,1.14E-01,2.42E-01,1.75E-02,382,9.88E-01,8.23E-02,1.47E-01,1.63E-01,4.13E-02,1.63E-01,1.47E-01,8.23E-02,415,9.76E-01,5.67E-02,2.89E-02,2.07E-02,7.82E-02,2.07E-02,2.89E-02,5.67E-02,498,9.60E-01,2.63E-02,1.45E-01,1.21E-02,1.79E-01,1.21E-02,1.45E-01,2.63E-02,1104,9.35E-01,6.47E-02,2.22E-01,9.11E-02,4.93E-02,9.11E-02,2.22E-01,6.47E-02,1189,OA
Literal Femur of OA_5.jpg,1.05E+00,5.42E-02,7.29E-01,8.19E-02,2.90E-01,8.19E-02,7.29E-01,5.42E-02,882,1.03E+00,5.79E-02,4.81E-01,4.65E-02,4.51E-01,4.65E-02,4.81E-01,5.79E-02,967,1.02E+00,6.66E-02,1.17E-01,6.27E-02,2.83E-02,6.27E-02,1.17E-01,6.66E-02,677,1.01E+00,3.24E-02,6.32E-02,2.25E-02,2.99E-01,2.25E-02,6.32E-02,3.24E-02,552,1.00E+00,5.59E-03,2.45E-01,2.30E-02,2.84E-02,2.30E-02,2.45E-01,5.59E-03,553,9.90E-01,2.61E-02,7.29E-02,6.49E-02,1.73E-01,6.49E-02,7.29E-02,2.61E-02,626,9.79E-01,5.59E-02,1.21E-01,1.03E-01,4.51E-02,1.03E-01,1.21E-01,5.59E-02,798,9.70E-01,7.58E-02,4.58E-01,2.85E-02,3.63E-01,2.85E-02,4.58E-01,7.58E-02,955,9.54E-01,8.89E-02,7.24E-01,7.74E-02,3.27E-01,7.74E-02,7.24E-01,8.89E-02,1051,OA
Literal Femur of OA_50.jpg,1.02E+00,3.41E-02,2.91E-01,1.54E-02,2.87E-01,1.54E-02,2.91E-01,3.41E-02,881,1.02E+00,2.78E-02,1.53E-01,1.44E-02,1.61E-01,1.44E-02,1.53E-01,2.78E-02,972,1.01E+00,2.21E-02,3.67E-02,1.11E-01,9.64E-02,1.11E-01,3.67E-02,2.21E-02,594,1.01E+00,1.18E-02,1.12E-01,1.16E-01,1.34E-02,1.16E-01,1.12E-01,1.18E-02,473,1.00E+00,4.52E-03,1.80E-01,6.29E-02,3.20E-01,6.29E-02,1.80E-01,4.52E-03,523,9.97E-01,1.91E-02,6.21E-02,8.26E-02,8.80E-02,8.26E-02,6.21E-02,1.91E-02,582,9.91E-01,2.11E-02,8.82E-02,3.66E-02,3.56E-01,3.66E-02,8.82E-02,2.11E-02,759,9.86E-01,3.67E-02,8.31E-02,7.98E-02,1.49E-01,7.98E-02,8.31E-02,3.67E-02,999,9.77E-01,5.28E-02,2.13E-01,1.56E-01,5.28E-02,1.56E-01,2.13E-01,5.28E-02,1166,OA
Literal Femur of OA_51.jpg,1.04E+00,6.79E-02,3.03E-01,3.39E-02,1.91E-01,3.39E-02,3.03E-01,6.79E-02,838,1.02E+00,3.57E-02,1.90E-01,6.49E-02,1.94E-01,6.49E-02,1.90E-01,3.57E-02,936,1.02E+00,4.51E-02,1.16E-01,7.89E-02,1.54E-01,7.89E-02,1.16E-01,4.51E-02,636,1.01E+00,2.06E-02,1.58E-01,1.18E-01,1.82E-01,1.18E-01,1.58E-01,2.06E-02,554,1.00E+00,4.10E-02,2.68E-01,1.18E-01,1.72E-02,1.18E-01,2.68E-01,4.10E-02,659,9.93E-01,1.54E-02,7.06E-02,6.72E-02,1.59E-02,6.72E-02,7.06E-02,1.54E-02,668,9.85E-01,5.88E-02,7.19E-02,1.18E-01,3.27E-02,1.18E-01,7.19E-02,5.88E-02,791,9.77E-01,5.24E-02,1.48E-01,5.92E-02,1.90E-02,5.92E-02,1.48E-01,5.24E-02,1028,9.65E-01,8.93E-02,2.96E-01,5.68E-02,2.23E-01,5.68E-02,2.96E-01,8.93E-02,944,OA
Literal Femur of OA_52.jpg,1.05E+00,6.47E-02,4.53E-01,6.10E-02,5.06E-01,6.10E-02,4.53E-01,6.47E-02,816,1.03E+00,1.32E-01,2.86E-01,1.17E-02,3.98E-01,1.17E-02,2.86E-01,1.32E-01,883,1.02E+00,1.12E-01,5.96E-02,7.91E-02,1.71E-01,7.91E-02,5.96E-02,1.12E-01,667,1.01E+00,4.32E-02,1.38E-01,6.63E-02,1.39E-01,6.63E-02,1.38E-01,4.32E-02,642,1.00E+00,1.10E-02,1.22E-01,3.69E-02,1.64E-01,3.69E-02,1.22E-01,1.10E-02,744,9.92E-01,4.60E-02,8.26E-02,1.08E-01,2.57E-01,1.08E-01,8.26E-02,4.60E-02,763,9.80E-01,7.21E-02,1.28E-01,1.30E-01,4.63E-02,1.30E-01,1.28E-01,7.21E-02,844,9.70E-01,1.39E-01,2.13E-01,4.20E-02,3.33E-01,4.20E-02,2.13E-01,1.39E-01,881,9.54E-01,8.36E-02,4.37E-01,4.00E-02,4.52E-01,4.00E-02,4.37E-01,8.36E-02,974,OA
Literal Femur of OA_53.jpg,1.06E+00,4.40E-02,4.40E-01,5.21E-02,1.79E-01,5.21E-02,4.40E-01,4.40E-02,866,1.04E+00,5.34E-02,2.90E-01,1.12E-01,1.41E-01,1.12E-01,2.90E-01,5.34E-02,938,1.03E+00,2.97E-02,7.58E-02,2.68E-02,4.94E-03,2.68E-02,7.58E-02,2.97E-02,554,1.02E+00,2.37E-02,2.77E-01,4.33E-02,1.06E-01,4.33E-02,2.77E-01,2.37E-02,574,1.00E+00,1.90E-02,4.30E-01,3.14E-02,9.81E-02,3.14E-02,4.30E-01,1.90E-02,767,9.85E-01,2.19E-02,2.31E-01,9.26E-02,1.50E-01,9.26E-02,2.31E-01,2.19E-02,642,9.72E-01,1.99E-02,1.49E-01,7.74E-02,5.58E-02,7.74E-02,1.49E-01,1.99E-02,645,9.60E-01,1.01E-02,2.32E-01,4.53E-02,2.66E-01,4.53E-02,2.32E-01,1.01E-02,997,9.39E-01,4.86E-02,4.15E-01,1.87E-01,2.65E-02,1.87E-01,4.15E-01,4.86E-02,976,OA
Literal Femur of OA_54.jpg,1.03E+00,5.17E-02,3.52E-01,9.48E-02,5.35E-02,9.48E-02,3.52E-01,5.17E-02,839,1.02E+00,4.04E-02,2.29E-01,3.73E-02,3.37E-02,3.73E-02,2.29E-01,4.04E-02,959,1.02E+00,4.47E-02,9.01E-02,1.20E-01,2.43E-01,1.20E-01,9.01E-02,4.47E-02,591,1.01E+00,1.60E-02,1.51E-01,7.72E-02,2.85E-02,7.72E-02,1.51E-01,1.60E-02,562,1.00E+00,2.93E-02,2.71E-01,6.37E-02,5.01E-02,6.37E-02,2.71E-01,2.93E-02,640,9.94E-01,1.74E-03,1.10E-01,1.59E-01,4.12E-02,1.59E-01,1.10E-01,1.74E-03,630,9.87E-01,9.19E-03,1.08E-01,1.30E-02,8.38E-02,1.30E-02,1.08E-01,9.19E-03,750,9.79E-01,4.21E-02,2.10E-01,4.54E-02,1.57E-01,4.54E-02,2.10E-01,4.21E-02,1010,9.68E-01,1.38E-02,4.33E-01,3.33E-02,1.17E-01,3.33E-02,4.33E-01,1.38E-02,1019,OA
Literal Femur of OA_55.jpg,1.05E+00,5.52E-02,2.97E-01,8.04E-02,9.06E-02,8.04E-02,2.97E-01,5.52E-02,843,1.04E+00,1.76E-02,2.02E-01,5.15E-02,1.04E-01,5.15E-02,2.02E-01,1.76E-02,873,1.02E+00,8.18E-02,3.51E-02,8.36E-02,1.13E-01,8.36E-02,3.51E-02,8.18E-02,694,1.01E+00,1.39E-02,8.27E-02,6.69E-02,9.12E-02,6.69E-02,8.27E-02,1.39E-02,620,1.00E+00,8.37E-03,2.64E-01,1.26E-01,1.68E-01,1.26E-01,2.64E-01,8.37E-03,686,9.89E-01,1.95E-02,1.74E-01,7.27E-02,8.57E-02,7.27E-02,1.74E-01,1.95E-02,722,9.77E-01,5.29E-02,6.40E-02,7.94E-02,4.08E-02,7.94E-02,6.40E-02,5.29E-02,843,9.67E-01,1.59E-02,1.89E-01,1.19E-02,1.03E-01,1.19E-02,1.89E-01,1.59E-02,884,9.48E-01,1.12E-01,3.26E-01,4.60E-02,1.60E-02,4.60E-02,3.26E-01,1.12E-01,969,OA
Literal Femur of OA_56.jpg,1.04E+00,1.95E-02,2.06E-01,4.02E-02,5.50E-02,4.02E-02,2.06E-01,1.95E-02,902,1.03E+00,8.55E-03,1.26E-01,4.07E-02,1.47E-01,4.07E-02,1.26E-01,8.55E-03,954,1.02E+00,7.78E-03,5.67E-02,1.13E-01,1.29E-02,1.13E-01,5.67E-02,7.78E-03,596,1.01E+00,1.90E-02,8.87E-02,4.66E-02,1.16E-02,4.66E-02,8.87E-02,1.90E-02,492,1.00E+00,2.14E-02,6.22E-02,1.39E-02,2.48E-01,1.39E-02,6.22E-02,2.14E-02,483,9.93E-01,4.50E-02,1.25E-01,3.59E-02,1.51E-01,3.59E-02,1.25E-01,4.50E-02,505,9.85E-01,7.80E-03,4.29E-02,6.15E-02,2.97E-01,6.15E-02,4.29E-02,7.80E-03,647,9.77E-01,1.54E-02,1.02E-01,8.09E-02,8.56E-02,8.09E-02,1.02E-01,1.54E-02,1064,9.63E-01,1.73E-02,1.67E-01,5.72E-02,1.45E-01,5.72E-02,1.67E-01,1.73E-02,1135,OA
Literal Femur of OA_57.jpg,1.06E+00,1.22E-01,2.76E-01,7.77E-02,1.96E-01,7.77E-02,2.76E-01,1.22E-01,927,1.04E+00,3.34E-02,2.24E-01,6.79E-02,1.10E-01,6.79E-02,2.24E-01,3.34E-02,961,1.03E+00,2.64E-02,7.62E-02,3.44E-02,2.71E-02,3.44E-02,7.62E-02,2.64E-02,566,1.01E+00,3.55E-02,1.21E-01,3.04E-02,1.69E-01,3.04E-02,1.21E-01,3.55E-02,485,1.00E+00,3.14E-02,2.49E-01,1.55E-02,7.40E-02,1.55E-02,2.49E-01,3.14E-02,539,9.89E-01,5.74E-02,1.46E-01,1.33E-01,5.66E-02,1.33E-01,1.46E-01,5.74E-02,598,9.76E-01,2.22E-02,7.36E-02,9.68E-02,6.73E-02,9.68E-02,7.36E-02,2.22E-02,751,9.64E-01,5.07E-02,1.92E-01,6.55E-02,8.24E-02,6.55E-02,1.92E-01,5.07E-02,1021,9.42E-01,4.53E-02,3.35E-01,1.05E-01,1.48E-02,1.05E-01,3.35E-01,4.53E-02,1040,OA
Literal Femur of OA_58.jpg,1.06E+00,5.96E-02,1.84E-01,2.24E-02,3.93E-02,2.24E-02,1.84E-01,5.96E-02,886,1.04E+00,2.57E-02,1.51E-01,1.08E-02,4.35E-02,1.08E-02,1.51E-01,2.57E-02,941,1.03E+00,1.46E-02,2.87E-02,9.04E-02,1.99E-01,9.04E-02,2.87E-02,1.46E-02,552,1.02E+00,2.27E-02,8.82E-02,2.85E-02,1.51E-01,2.85E-02,8.82E-02,2.27E-02,593,1.00E+00,1.10E-02,2.80E-01,5.96E-02,1.41E-02,5.96E-02,2.80E-01,1.10E-02,674,9.87E-01,4.44E-02,1.65E-01,9.74E-02,2.48E-02,9.74E-02,1.65E-01,4.44E-02,610,9.75E-01,2.05E-02,7.28E-02,1.20E-01,2.86E-01,1.20E-01,7.28E-02,2.05E-02,620,9.63E-01,3.28E-02,1.37E-01,6.90E-02,1.79E-01,6.90E-02,1.37E-01,3.28E-02,1016,9.42E-01,5.01E-02,2.79E-01,4.79E-02,3.65E-02,4.79E-02,2.79E-01,5.01E-02,1030,OA
Literal Femur of OA_59.jpg,1.07E+00,3.76E-02,3.90E-01,1.86E-02,1.91E-01,1.86E-02,3.90E-01,3.76E-02,900,1.05E+00,7.79E-02,2.72E-01,3.82E-02,5.50E-02,3.82E-02,2.72E-01,7.79E-02,939,1.03E+00,7.71E-02,9.00E-02,8.93E-02,9.91E-03,8.93E-02,9.00E-02,7.71E-02,724,1.02E+00,2.61E-02,1.67E-01,6.42E-02,5.80E-02,6.42E-02,1.67E-01,2.61E-02,521,1.00E+00,1.13E-02,3.37E-01,1.74E-02,1.66E-01,1.74E-02,3.37E-01,1.13E-02,644,9.84E-01,3.25E-02,1.39E-01,9.00E-02,1.30E-01,9.00E-02,1.39E-01,3.25E-02,631,9.66E-01,3.88E-02,1.56E-01,5.95E-02,9.29E-02,5.95E-02,1.56E-01,3.88E-02,682,9.53E-01,8.12E-02,3.26E-01,1.07E-01,1.32E-01,1.07E-01,3.26E-01,8.12E-02,960,9.27E-01,8.72E-02,5.29E-01,2.26E-02,1.34E-01,2.26E-02,5.29E-01,8.72E-02,1024,OA
Literal Femur of OA_6.jpg,1.05E+00,7.13E-02,3.33E-01,1.84E-01,5.95E-02,1.84E-01,3.33E-01,7.13E-02,807,1.03E+00,4.61E-02,2.04E-01,1.02E-01,4.45E-02,1.02E-01,2.04E-01,4.61E-02,888,1.02E+00,3.35E-02,6.30E-02,1.14E-01,3.56E-01,1.14E-01,6.30E-02,3.35E-02,715,1.01E+00,7.45E-04,4.75E-02,9.94E-02,9.16E-02,9.94E-02,4.75E-02,7.45E-04,660,1.00E+00,2.30E-02,1.11E-01,1.47E-01,1.05E-01,1.47E-01,1.11E-01,2.30E-02,690,9.90E-01,1.92E-02,7.65E-02,7.44E-02,1.18E-01,7.44E-02,7.65E-02,1.92E-02,734,9.79E-01,2.14E-02,8.74E-02,7.24E-02,1.35E-01,7.24E-02,8.74E-02,2.14E-02,873,9.68E-01,1.68E-02,1.81E-01,9.69E-02,1.83E-01,9.69E-02,1.81E-01,1.68E-02,865,9.50E-01,3.48E-02,3.99E-01,1.24E-01,2.70E-01,1.24E-01,3.99E-01,3.48E-02,962,OA
Literal Femur of OA_60.jpg,1.04E+00,1.01E-01,5.08E-01,2.00E-01,1.43E-03,2.00E-01,5.08E-01,1.01E-01,762,1.03E+00,4.76E-02,2.81E-01,1.06E-01,3.90E-02,1.06E-01,2.81E-01,4.76E-02,941,1.02E+00,4.33E-02,1.42E-01,2.24E-02,3.80E-02,2.24E-02,1.42E-01,4.33E-02,617,1.01E+00,4.73E-02,2.42E-01,4.55E-02,2.65E-02,4.55E-02,2.42E-01,4.73E-02,626,1.00E+00,3.64E-03,4.91E-01,9.21E-02,1.99E-03,9.21E-02,4.91E-01,3.64E-03,804,9.90E-01,4.57E-02,2.05E-01,4.99E-02,9.63E-02,4.99E-02,2.05E-01,4.57E-02,778,9.80E-01,5.79E-02,2.13E-01,9.45E-02,9.68E-02,9.45E-02,2.13E-01,5.79E-02,791,9.71E-01,7.37E-02,3.42E-01,2.48E-02,9.14E-02,2.48E-02,3.42E-01,7.37E-02,947,9.58E-01,7.26E-02,5.62E-01,2.09E-01,1.30E-01,2.09E-01,5.62E-01,7.26E-02,957,OA
Literal Femur of OA_61.jpg,1.05E+00,3.18E-02,5.67E-01,9.43E-02,1.52E-01,9.43E-02,5.67E-01,3.18E-02,906,1.03E+00,1.10E-02,3.41E-01,9.40E-03,2.27E-02,9.40E-03,3.41E-01,1.10E-02,945,1.02E+00,2.01E-02,9.54E-02,7.26E-02,3.01E-02,7.26E-02,9.54E-02,2.01E-02,572,1.01E+00,6.71E-03,2.04E-01,1.05E-01,1.71E-01,1.05E-01,2.04E-01,6.71E-03,510,1.00E+00,2.70E-02,3.39E-01,8.16E-02,8.72E-02,8.16E-02,3.39E-01,2.70E-02,603,9.90E-01,2.00E-02,1.58E-01,6.19E-02,1.65E-01,6.19E-02,1.58E-01,2.00E-02,595,9.79E-01,1.93E-02,1.07E-01,1.32E-01,4.41E-02,1.32E-01,1.07E-01,1.93E-02,736,9.67E-01,2.81E-02,3.68E-01,3.36E-02,6.76E-02,3.36E-02,3.68E-01,2.81E-02,1006,9.50E-01,1.17E-02,6.03E-01,8.48E-02,1.56E-02,8.48E-02,6.03E-01,1.17E-02,1062,OA
Literal Femur of OA_62.jpg,1.05E+00,8.48E-02,7.05E-01,8.79E-02,6.98E-01,8.79E-02,7.05E-01,8.48E-02,792,1.04E+00,4.79E-02,4.84E-01,8.62E-03,3.37E-01,8.62E-03,4.84E-01,4.79E-02,889,1.03E+00,4.50E-02,1.23E-01,8.04E-02,5.58E-02,8.04E-02,1.23E-01,4.50E-02,682,1.02E+00,4.62E-02,2.08E-01,9.02E-02,2.29E-01,9.02E-02,2.08E-01,4.62E-02,677,1.00E+00,2.95E-02,3.50E-01,9.75E-02,6.85E-02,9.75E-02,3.50E-01,2.95E-02,825,9.89E-01,1.84E-02,1.55E-01,7.74E-02,4.31E-02,7.74E-02,1.55E-01,1.84E-02,811,9.75E-01,3.90E-02,1.66E-01,9.76E-02,1.82E-01,9.76E-02,1.66E-01,3.90E-02,855,9.66E-01,5.66E-02,5.25E-01,1.48E-01,3.78E-01,1.48E-01,5.25E-01,5.66E-02,888,9.48E-01,1.43E-01,7.87E-01,2.05E-01,4.16E-01,2.05E-01,7.87E-01,1.43E-01,894,OA
Literal Femur of OA_63.jpg,1.07E+00,5.27E-02,5.58E-01,7.55E-02,1.79E-01,7.55E-02,5.58E-01,5.27E-02,907,1.05E+00,4.14E-02,3.58E-01,3.62E-02,2.46E-02,3.62E-02,3.58E-01,4.14E-02,949,1.03E+00,3.30E-02,1.56E-01,7.62E-02,2.30E-02,7.62E-02,1.56E-01,3.30E-02,704,1.02E+00,1.18E-02,1.06E-01,1.07E-01,4.55E-02,1.07E-01,1.06E-01,1.18E-02,574,1.00E+00,1.62E-02,3.50E-01,4.07E-02,1.79E-01,4.07E-02,3.50E-01,1.62E-02,603,9.85E-01,1.58E-02,1.20E-01,2.07E-02,1.84E-02,2.07E-02,1.20E-01,1.58E-02,590,9.68E-01,5.43E-02,1.30E-01,5.21E-02,5.59E-02,5.21E-02,1.30E-01,5.43E-02,746,9.54E-01,4.24E-02,3.30E-01,8.80E-02,1.02E-01,8.80E-02,3.30E-01,4.24E-02,958,9.27E-01,4.81E-02,5.46E-01,1.83E-01,6.55E-03,1.83E-01,5.46E-01,4.81E-02,1032,OA
Literal Femur of OA_64.jpg,1.06E+00,4.45E-02,6.10E-01,6.94E-02,9.40E-02,6.94E-02,6.10E-01,4.45E-02,923,1.04E+00,6.04E-02,3.79E-01,1.65E-02,2.98E-01,1.65E-02,3.79E-01,6.04E-02,943,1.03E+00,6.76E-02,5.89E-02,9.43E-02,2.42E-02,9.43E-02,5.89E-02,6.76E-02,606,1.01E+00,6.53E-03,1.75E-01,6.35E-02,1.38E-01,6.35E-02,1.75E-01,6.53E-03,537,1.00E+00,5.00E-02,2.96E-01,3.50E-02,1.02E-02,3.50E-02,2.96E-01,5.00E-02,520,9.91E-01,1.69E-02,1.46E-01,1.47E-01,2.17E-01,1.47E-01,1.46E-01,1.69E-02,555,9.78E-01,4.46E-02,1.34E-01,4.78E-02,1.83E-01,4.78E-02,1.34E-01,4.46E-02,689,9.65E-01,8.46E-02,3.93E-01,1.34E-01,1.89E-01,1.34E-01,3.93E-01,8.46E-02,980,9.45E-01,6.15E-02,6.55E-01,3.50E-02,3.95E-01,3.50E-02,6.55E-01,6.15E-02,1111,OA
Literal Femur of OA_65.jpg,1.08E+00,3.13E-02,4.65E-02,1.02E-01,4.73E-01,1.02E-01,4.65E-02,3.13E-02,995,1.05E+00,6.15E-02,4.79E-03,4.77E-03,6.82E-03,4.77E-03,4.79E-03,6.15E-02,926,1.03E+00,1.40E-02,6.38E-02,5.30E-02,8.89E-02,5.30E-02,6.38E-02,1.40E-02,660,1.02E+00,3.27E-02,3.38E-02,1.18E-02,1.17E-01,1.18E-02,3.38E-02,3.27E-02,490,1.00E+00,9.87E-03,7.81E-02,6.50E-02,1.83E-01,6.50E-02,7.81E-02,9.87E-03,466,9.85E-01,1.64E-02,9.82E-02,6.59E-02,1.24E-01,6.59E-02,9.82E-02,1.64E-02,494,9.69E-01,5.10E-02,3.70E-02,5.49E-02,1.57E-01,5.49E-02,3.70E-02,5.10E-02,617,9.53E-01,4.96E-02,1.78E-02,5.40E-02,4.24E-04,5.40E-02,1.78E-02,4.96E-02,1002,9.24E-01,2.43E-02,7.95E-02,3.91E-02,5.66E-02,3.91E-02,7.95E-02,2.43E-02,1139,OA
Literal Femur of OA_66.jpg,1.05E+00,7.13E-02,5.43E-01,1.78E-01,4.48E-01,1.78E-01,5.43E-01,7.13E-02,866,1.04E+00,8.44E-02,3.19E-01,1.12E-01,1.67E-01,1.12E-01,3.19E-01,8.44E-02,906,1.03E+00,3.32E-02,1.61E-01,4.36E-02,1.15E-01,4.36E-02,1.61E-01,3.32E-02,620,1.02E+00,2.40E-02,1.05E-01,2.99E-02,2.97E-02,2.99E-02,1.05E-01,2.40E-02,595,1.00E+00,1.43E-02,3.18E-01,1.10E-01,2.08E-01,1.10E-01,3.18E-01,1.43E-02,686,9.89E-01,1.98E-02,8.14E-02,1.15E-01,7.67E-02,1.15E-01,8.14E-02,1.98E-02,681,9.76E-01,7.09E-02,1.17E-01,7.38E-02,1.14E-01,7.38E-02,1.17E-01,7.09E-02,781,9.66E-01,7.05E-02,4.00E-01,8.72E-02,1.80E-01,8.72E-02,4.00E-01,7.05E-02,891,9.43E-01,3.27E-02,5.56E-01,3.92E-02,8.35E-01,3.92E-02,5.56E-01,3.27E-02,1016,OA
Literal Femur of OA_67.jpg,1.06E+00,5.92E-03,6.35E-01,1.07E-01,6.30E-01,1.07E-01,6.35E-01,5.92E-03,679,1.05E+00,3.54E-02,4.46E-01,3.67E-02,1.74E-01,3.67E-02,4.46E-01,3.54E-02,860,1.04E+00,4.23E-03,1.89E-01,5.20E-02,2.96E-02,5.20E-02,1.89E-01,4.23E-03,772,1.02E+00,3.06E-02,2.64E-01,3.88E-02,1.39E-01,3.88E-02,2.64E-01,3.06E-02,839,1.00E+00,2.18E-02,4.98E-01,8.27E-02,3.54E-01,8.27E-02,4.98E-01,2.18E-02,1043,9.80E-01,1.35E-02,3.38E-01,9.56E-02,3.93E-02,9.56E-02,3.38E-01,1.35E-02,915,9.65E-01,3.71E-02,2.50E-01,2.23E-02,1.07E-01,2.23E-02,2.50E-01,3.71E-02,853,9.56E-01,1.87E-02,5.55E-01,4.61E-02,6.42E-02,4.61E-02,5.55E-01,1.87E-02,849,9.32E-01,1.01E-01,8.05E-01,1.15E-01,3.81E-01,1.15E-01,8.05E-01,1.01E-01,744,OA
Literal Femur of OA_68.jpg,1.05E+00,4.36E-02,2.96E-01,9.69E-02,9.77E-02,9.69E-02,2.96E-01,4.36E-02,886,1.04E+00,1.29E-02,1.85E-01,1.22E-01,2.16E-02,1.22E-01,1.85E-01,1.29E-02,925,1.02E+00,9.09E-03,7.08E-02,1.40E-01,7.01E-02,1.40E-01,7.08E-02,9.09E-03,653,1.01E+00,1.74E-02,4.44E-02,1.39E-01,1.52E-01,1.39E-01,4.44E-02,1.74E-02,605,1.00E+00,1.75E-02,1.99E-01,6.55E-02,1.39E-01,6.55E-02,1.99E-01,1.75E-02,579,9.90E-01,7.08E-03,6.43E-02,3.03E-02,3.93E-02,3.03E-02,6.43E-02,7.08E-03,612,9.79E-01,6.62E-02,1.03E-01,9.94E-02,8.76E-02,9.94E-02,1.03E-01,6.62E-02,734,9.67E-01,5.16E-02,1.70E-01,4.22E-02,2.14E-01,4.22E-02,1.70E-01,5.16E-02,950,9.49E-01,1.10E-01,4.04E-01,1.19E-01,2.36E-01,1.19E-01,4.04E-01,1.10E-01,1080,OA
Literal Femur of OA_7.jpg,1.04E+00,7.69E-02,4.79E-01,1.35E-01,2.47E-01,1.35E-01,4.79E-01,7.69E-02,911,1.02E+00,8.74E-02,2.27E-01,3.69E-02,1.39E-01,3.69E-02,2.27E-01,8.74E-02,908,1.02E+00,1.11E-02,1.61E-02,3.22E-02,2.54E-01,3.22E-02,1.61E-02,1.11E-02,606,1.01E+00,2.85E-02,1.01E-01,7.96E-02,2.15E-01,7.96E-02,1.01E-01,2.85E-02,562,1.00E+00,7.45E-03,2.37E-01,5.04E-03,3.96E-02,5.04E-03,2.37E-01,7.45E-03,569,9.93E-01,2.71E-02,1.26E-01,1.24E-01,1.24E-01,1.24E-01,1.26E-01,2.71E-02,638,9.85E-01,3.55E-02,8.14E-02,8.98E-02,4.71E-01,8.98E-02,8.14E-02,3.55E-02,759,9.77E-01,5.46E-02,2.62E-01,6.18E-02,1.83E-01,6.18E-02,2.62E-01,5.46E-02,965,9.63E-01,9.65E-02,4.33E-01,2.79E-02,4.30E-01,2.79E-02,4.33E-01,9.65E-02,1060,OA
Literal Femur of OA_8.jpg,1.04E+00,7.33E-02,3.80E-01,1.36E-01,2.08E-01,1.36E-01,3.80E-01,7.33E-02,951,1.03E+00,4.07E-02,2.47E-01,1.56E-02,1.27E-01,1.56E-02,2.47E-01,4.07E-02,952,1.02E+00,2.44E-02,6.02E-02,1.05E-01,1.67E-01,1.05E-01,6.02E-02,2.44E-02,577,1.01E+00,3.11E-02,1.68E-01,1.05E-01,1.85E-01,1.05E-01,1.68E-01,3.11E-02,493,1.00E+00,2.22E-02,2.85E-01,4.98E-02,1.63E-01,4.98E-02,2.85E-01,2.22E-02,558,9.92E-01,4.06E-02,9.49E-02,5.71E-02,5.53E-02,5.71E-02,9.49E-02,4.06E-02,546,9.82E-01,1.87E-02,1.13E-01,8.50E-03,7.04E-02,8.50E-03,1.13E-01,1.87E-02,681,9.73E-01,6.64E-02,2.18E-01,8.64E-02,9.01E-02,8.64E-02,2.18E-01,6.64E-02,1010,9.55E-01,7.90E-02,4.41E-01,9.91E-02,1.11E-01,9.91E-02,4.41E-01,7.90E-02,1085,OA
Literal Femur of OA_9.jpg,1.10E+00,9.32E-02,7.61E-01,1.70E-01,9.04E-02,1.70E-01,7.61E-01,9.32E-02,847,1.07E+00,3.32E-02,5.32E-01,4.13E-02,1.22E-01,4.13E-02,5.32E-01,3.32E-02,950,1.05E+00,1.62E-02,1.94E-01,1.91E-01,1.44E-01,1.91E-01,1.94E-01,1.62E-02,605,1.03E+00,1.89E-02,2.87E-01,8.43E-02,1.89E-01,8.43E-02,2.87E-01,1.89E-02,627,1.00E+00,3.18E-02,6.06E-01,1.92E-02,7.97E-02,1.92E-02,6.06E-01,3.18E-02,892,9.72E-01,2.81E-02,3.50E-01,1.45E-01,9.15E-02,1.45E-01,3.50E-01,2.81E-02,666,9.46E-01,7.91E-02,1.89E-01,2.36E-02,2.01E-02,2.36E-02,1.89E-01,7.91E-02,691,9.33E-01,6.13E-02,5.25E-01,2.95E-02,1.03E-01,2.95E-02,5.25E-01,6.13E-02,974,8.95E-01,1.04E-02,7.33E-01,1.73E-01,2.58E-01,1.73E-01,7.33E-01,1.04E-02,900,OA
