File,RLBP_1,RLBP_2,RLBP_3,RLBP_4,RLBP_5,RLBP_6,RLBP_7,RLBP_8,RLBP_9,RLBP_10,RLBP_11,RLBP_12,RLBP_13,RLBP_14,RLBP_15,RLBP_16,RLBP_17,RLBP_18,RLBP_19,RLBP_20,RLBP_21,RLBP_22,RLBP_23,RLBP_24,RLBP_25,RLBP_26,RLBP_27,RLBP_28,RLBP_29,RLBP_30,RLBP_31,RLBP_32,RLBP_33,RLBP_34,RLBP_35,RLBP_36,RLBP_37,RLBP_38,RLBP_39,RLBP_40,RLBP_41,RLBP_42,RLBP_43,RLBP_44,RLBP_45,RLBP_46,RLBP_47,RLBP_48,RLBP_49,RLBP_50,RLBP_51,RLBP_52,RLBP_53,RLBP_54,RLBP_55,RLBP_56,RLBP_57,RLBP_58,RLBP_59,RLBP_60,RLBP_61,RLBP_62,RLBP_63,RLBP_64,RLBP_65,RLBP_66,RLBP_67,RLBP_68,RLBP_69,RLBP_70,RLBP_71,RLBP_72,RLBP_73,RLBP_74,RLBP_75,RLBP_76,RLBP_77,RLBP_78,RLBP_79,RLBP_80,RLBP_81,RLBP_82,RLBP_83,RLBP_84,RLBP_85,RLBP_86,RLBP_87,RLBP_88,RLBP_89,RLBP_90,RLBP_91,RLBP_92,RLBP_93,RLBP_94,RLBP_95,RLBP_96,RLBP_97,RLBP_98,RLBP_99,RLBP_100,RLBP_101,RLBP_102,RLBP_103,RLBP_104,RLBP_105,RLBP_106,RLBP_107,RLBP_108,RLBP_109,RLBP_110,RLBP_111,RLBP_112,RLBP_113,RLBP_114,RLBP_115,RLBP_116,RLBP_117,RLBP_118,RLBP_119,RLBP_120,RLBP_121,RLBP_122,RLBP_123,RLBP_124,RLBP_125,RLBP_126,RLBP_127,RLBP_128,RLBP_129,RLBP_130,RLBP_131,RLBP_132,RLBP_133,RLBP_134,RLBP_135,RLBP_136,RLBP_137,RLBP_138,RLBP_139,RLBP_140,RLBP_141,RLBP_142,RLBP_143,RLBP_144,RLBP_145,RLBP_146,RLBP_147,RLBP_148,RLBP_149,RLBP_150,RLBP_151,RLBP_152,RLBP_153,RLBP_154,RLBP_155,RLBP_156,RLBP_157,RLBP_158,RLBP_159,RLBP_160,RLBP_161,RLBP_162,RLBP_163,RLBP_164,RLBP_165,RLBP_166,RLBP_167,RLBP_168,RLBP_169,RLBP_170,RLBP_171,RLBP_172,RLBP_173,RLBP_174,RLBP_175,RLBP_176,RLBP_177,RLBP_178,RLBP_179,RLBP_180,RLBP_181,RLBP_182,RLBP_183,RLBP_184,RLBP_185,RLBP_186,RLBP_187,RLBP_188,RLBP_189,RLBP_190,RLBP_191,RLBP_192,RLBP_193,RLBP_194,RLBP_195,RLBP_196,RLBP_197,RLBP_198,RLBP_199,RLBP_200,RLBP_201,RLBP_202,RLBP_203,RLBP_204,RLBP_205,RLBP_206,RLBP_207,RLBP_208,RLBP_209,RLBP_210,RLBP_211,RLBP_212,RLBP_213,RLBP_214,RLBP_215,RLBP_216,RLBP_217,RLBP_218,RLBP_219,RLBP_220,RLBP_221,RLBP_222,RLBP_223,RLBP_224,RLBP_225,RLBP_226,RLBP_227,RLBP_228,RLBP_229,RLBP_230,RLBP_231,RLBP_232,RLBP_233,RLBP_234,RLBP_235,RLBP_236,RLBP_237,RLBP_238,RLBP_239,RLBP_240,RLBP_241,RLBP_242,RLBP_243,RLBP_244,RLBP_245,RLBP_246,RLBP_247,RLBP_248,RLBP_249,RLBP_250,RLBP_251,RLBP_252,RLBP_253,RLBP_254,RLBP_255,RLBP_256,class
Medial Femur of G1_1.jpg,586,18,300,14,136,2,159,14,145,4,26,3,103,6,264,30,158,4,16,6,23,0,17,4,106,2,19,2,245,3,280,31,305,4,147,4,20,0,43,14,24,0,7,2,30,0,31,4,165,5,56,14,16,0,32,9,239,10,38,8,282,4,378,54,18,1,10,1,5,1,7,0,2,0,1,1,0,0,6,3,2,0,0,0,0,0,0,1,3,0,0,0,2,1,3,0,17,1,7,1,3,0,10,3,3,0,2,2,4,1,8,3,22,0,13,0,2,0,4,0,27,2,5,1,23,2,42,14,9,26,2,17,1,4,1,20,2,7,1,3,3,5,2,14,2,3,0,0,1,1,0,4,2,8,0,1,0,5,1,21,2,4,0,1,0,0,0,1,0,2,0,0,0,0,0,2,2,3,0,4,1,0,0,5,2,4,0,3,0,5,1,24,22,177,2,303,10,17,3,187,6,28,3,16,7,43,2,211,3,24,1,12,0,0,2,8,6,33,1,33,8,73,5,296,16,259,4,251,8,17,2,165,0,15,0,6,2,30,2,144,19,202,3,182,3,8,3,133,26,224,3,153,14,297,14,861,Grade 1
Medial Femur of G1_10.jpg,468,15,242,7,142,6,140,16,99,1,24,2,109,4,238,35,147,6,12,6,24,0,29,4,130,6,14,4,293,2,333,28,264,5,132,10,15,1,47,8,25,1,6,1,15,1,44,3,156,2,48,9,15,1,34,8,278,4,39,9,337,2,465,59,26,1,4,0,3,0,4,0,4,0,0,0,1,0,6,0,0,1,0,0,1,0,1,0,2,0,1,0,2,1,2,1,15,2,7,0,3,0,11,0,5,0,1,0,0,0,8,1,21,0,7,2,12,1,10,0,19,5,6,0,26,0,45,11,11,22,1,20,3,1,3,27,2,7,0,1,3,6,0,20,1,0,0,9,0,1,0,5,1,8,1,2,3,4,0,18,1,3,0,1,0,3,0,1,0,1,0,0,0,1,1,1,1,5,0,3,0,0,0,4,1,2,0,2,1,6,1,11,29,225,2,295,3,17,3,234,10,38,1,17,15,28,3,186,5,14,1,9,0,1,0,12,4,36,2,25,5,60,6,269,30,327,4,323,1,19,1,192,5,15,0,9,1,24,1,150,16,242,1,186,5,6,5,113,21,190,0,127,12,256,12,813,Grade 1
Medial Femur of G1_11.jpg,348,10,136,13,127,0,141,19,90,0,23,0,118,0,277,16,164,4,8,5,36,0,16,3,141,3,14,1,431,0,530,30,149,0,75,4,8,0,52,14,23,1,2,1,9,0,41,6,158,7,47,10,15,0,38,12,284,2,41,4,454,1,606,39,9,0,0,0,5,0,2,0,0,0,0,1,1,0,3,1,0,0,0,0,0,0,0,0,2,0,1,0,3,0,4,0,4,1,4,1,4,0,5,3,2,0,0,0,1,0,6,1,17,1,5,1,3,0,7,2,14,2,7,0,27,1,35,8,4,20,0,26,1,1,2,10,0,4,0,4,1,2,0,11,0,5,0,1,0,0,0,1,2,9,0,3,0,5,0,9,1,1,0,1,0,0,0,0,0,0,0,0,0,0,0,2,0,2,0,2,0,0,0,4,1,2,0,0,0,5,0,4,25,303,0,402,0,11,2,271,7,43,1,21,11,35,1,216,2,12,0,6,0,0,0,3,5,33,0,19,3,33,4,114,17,403,1,460,2,19,0,230,2,19,1,2,1,18,2,126,14,301,2,233,0,4,1,87,16,229,0,141,10,136,2,592,Grade 1
Medial Femur of G1_12.jpg,389,5,153,9,177,2,164,20,106,2,19,3,152,2,292,15,152,8,11,3,22,1,18,4,119,0,12,2,363,1,499,19,162,1,96,8,12,0,34,12,15,0,6,3,13,1,31,2,179,1,52,9,19,0,37,6,298,4,36,5,447,1,577,43,16,0,3,0,4,0,9,0,0,0,0,0,3,0,2,2,1,0,0,0,0,0,0,0,0,0,0,0,1,0,2,0,12,0,5,2,6,0,9,3,4,0,0,0,0,0,9,0,21,1,7,1,2,0,4,2,20,2,1,0,21,0,45,9,3,18,0,13,0,0,0,11,1,2,0,1,0,8,0,20,0,5,0,5,0,1,1,2,0,2,0,2,1,4,1,13,1,2,0,1,0,0,0,0,0,0,0,0,1,0,1,1,0,2,0,2,0,0,0,1,0,4,0,1,0,3,0,5,15,284,2,393,2,15,1,257,9,38,0,14,8,39,3,194,0,8,0,13,0,0,1,5,7,40,0,13,2,37,3,151,17,437,1,416,0,12,1,214,3,11,0,8,4,20,1,117,14,244,1,194,0,8,0,89,16,212,0,169,12,172,5,627,Grade 1
Medial Femur of G1_13.jpg,390,10,146,6,174,3,140,20,108,1,25,1,156,1,291,16,161,2,10,7,28,0,10,2,144,3,8,1,412,2,422,31,125,1,81,5,9,0,34,6,16,0,3,2,16,0,31,3,148,4,40,10,13,0,52,6,286,2,46,10,462,5,565,46,4,0,0,0,3,0,8,1,1,0,0,0,0,0,3,0,1,0,0,1,1,0,0,0,3,0,1,0,3,0,5,1,8,0,3,1,4,0,13,2,2,0,0,0,1,0,8,2,24,0,5,1,3,0,11,0,25,1,3,0,39,0,44,7,5,27,0,17,1,1,0,14,3,10,0,1,0,5,0,14,2,5,0,2,0,0,0,2,1,6,0,0,1,3,0,14,0,1,0,2,0,0,0,1,0,0,0,0,0,0,0,0,0,4,0,1,0,0,0,0,2,5,0,0,0,5,0,5,21,298,1,362,3,18,3,292,5,50,1,15,1,47,0,207,3,9,1,10,0,1,1,7,7,40,0,14,2,42,2,132,18,381,1,434,1,8,0,235,2,12,0,8,4,12,1,138,19,299,1,224,0,4,1,99,11,210,2,158,9,135,12,606,Grade 1
Medial Femur of G1_14.jpg,340,9,146,17,164,1,156,26,88,0,30,1,144,0,312,28,141,3,4,1,29,0,16,3,111,1,13,1,391,1,476,28,133,1,83,2,9,0,40,16,15,1,3,2,7,0,33,8,161,3,44,10,22,0,31,11,303,3,43,8,422,4,566,53,8,0,1,1,3,0,5,2,0,0,0,0,2,0,3,1,1,0,0,0,1,0,0,0,0,0,0,0,0,0,1,1,10,0,7,0,6,0,6,2,1,0,0,1,4,1,5,0,15,1,4,0,4,0,4,0,12,0,1,3,17,0,38,14,2,20,0,20,0,0,0,10,0,5,0,4,0,1,0,12,0,6,0,0,0,0,0,1,1,2,0,0,1,4,0,8,0,1,0,1,0,0,0,0,0,0,0,1,0,0,0,0,0,0,0,2,0,0,0,2,1,1,0,3,0,1,0,6,25,284,3,404,4,12,0,254,14,43,0,22,5,37,3,203,0,6,0,13,0,1,1,6,5,31,0,16,4,24,1,144,18,503,2,460,6,18,2,219,5,19,0,7,4,23,1,123,14,262,1,212,0,9,1,100,9,215,0,173,16,145,4,645,Grade 1
Medial Femur of G1_15.jpg,442,6,142,6,192,1,159,23,104,0,26,1,147,2,287,25,140,6,17,4,30,1,12,3,135,2,23,4,337,2,489,21,142,1,57,12,11,0,39,7,22,0,3,0,19,0,36,11,163,2,44,12,12,0,40,7,284,1,32,7,431,1,519,44,9,0,5,0,4,0,3,2,2,0,0,0,2,0,3,0,3,1,0,0,2,0,0,0,1,0,0,0,2,0,5,0,15,0,6,0,7,0,16,0,2,0,3,0,1,0,6,0,35,0,3,1,5,0,10,1,22,2,7,2,27,0,43,4,4,18,0,21,0,4,0,20,2,6,0,1,1,3,1,13,0,3,0,1,0,0,0,1,0,7,0,3,1,2,0,16,1,1,0,0,0,0,0,0,0,0,0,0,0,0,0,3,0,5,0,1,0,1,0,1,0,2,0,2,0,2,0,9,23,262,2,369,4,9,5,270,9,41,0,16,8,43,7,219,0,13,2,14,0,2,0,8,11,33,0,13,6,35,2,140,33,434,0,443,6,22,3,190,1,19,0,11,2,22,1,132,5,285,1,198,3,12,1,106,15,206,0,147,9,148,6,608,Grade 1
Medial Femur of G1_16.jpg,382,9,122,11,180,3,152,26,100,1,15,3,142,2,309,21,166,1,10,7,30,0,11,3,134,1,12,1,397,0,424,19,126,3,72,5,10,0,44,5,18,0,5,0,7,0,32,3,150,4,36,4,15,0,33,12,324,6,30,2,469,1,559,62,8,2,0,0,6,0,1,0,1,0,0,0,2,0,8,0,1,0,1,0,0,0,1,0,2,0,0,0,2,0,3,0,16,0,11,4,3,0,11,4,2,0,1,1,6,0,7,1,28,0,7,0,4,0,6,2,20,0,1,0,29,1,52,11,6,27,0,21,0,0,0,27,1,8,0,0,3,1,1,14,0,3,0,3,0,0,0,2,2,8,1,4,0,5,0,14,1,4,0,0,0,0,0,0,0,0,0,0,0,0,0,3,0,1,0,1,0,0,0,2,1,0,0,1,0,2,0,7,32,289,2,383,3,13,2,284,4,41,0,19,3,37,3,203,4,17,1,12,0,0,0,8,7,45,1,21,2,27,0,125,23,387,5,405,4,15,1,231,1,16,0,9,3,19,2,158,15,267,0,211,2,5,2,109,18,221,0,143,16,142,3,609,Grade 1
Medial Femur of G1_17.jpg,339,7,154,9,136,1,155,21,86,1,19,0,142,0,282,19,155,6,11,3,33,0,17,5,150,1,8,3,396,0,473,24,147,2,86,7,8,0,39,10,20,0,3,1,19,0,35,1,152,4,44,9,12,0,25,4,284,2,39,12,539,1,553,52,6,0,0,0,5,0,7,1,1,0,0,0,0,0,2,0,0,0,0,0,1,0,0,0,0,0,0,0,1,0,2,0,10,1,3,1,1,0,10,2,2,0,1,0,1,0,2,0,21,0,3,2,4,0,10,1,21,0,2,1,24,0,45,6,2,14,0,22,1,2,0,7,0,7,0,1,0,4,0,13,1,1,0,1,0,0,0,3,1,10,0,3,0,7,0,8,0,1,0,1,0,1,0,1,0,0,0,0,0,2,0,0,0,4,0,0,0,1,0,2,0,1,0,0,0,3,1,5,27,303,0,480,3,16,3,254,7,39,0,14,8,28,1,229,2,13,0,11,1,0,0,4,2,35,0,15,8,29,3,136,24,434,1,469,0,9,3,213,6,15,1,2,3,18,0,168,16,241,1,231,1,3,0,84,14,241,0,125,8,142,4,556,Grade 1
Medial Femur of G1_18.jpg,330,6,131,11,155,0,172,17,73,0,20,3,118,2,251,24,161,5,5,4,20,0,16,1,121,1,19,4,502,1,562,23,115,1,91,1,18,0,53,3,14,0,2,0,5,1,36,4,155,2,54,2,19,0,41,9,289,9,24,8,501,2,585,63,12,0,0,0,2,0,5,0,1,0,0,0,2,0,3,0,0,0,0,0,0,0,0,0,2,0,0,0,2,1,1,0,7,0,6,0,0,0,4,4,1,0,0,0,2,0,7,0,21,0,4,0,1,0,5,1,8,0,5,2,29,1,40,3,4,22,0,14,0,4,1,12,1,7,1,1,0,2,0,15,0,1,0,3,0,0,0,1,0,5,0,0,0,2,0,9,0,0,0,1,0,0,0,0,1,1,0,0,0,0,0,1,1,1,0,1,0,1,0,2,0,2,0,0,0,0,0,3,19,307,0,438,2,13,0,270,5,38,0,20,5,38,4,208,2,6,0,3,0,1,0,3,3,33,1,14,2,36,3,123,22,436,0,507,1,6,0,229,0,18,0,8,2,13,1,119,9,265,0,214,3,7,1,102,11,221,1,131,13,144,3,550,Grade 1
Medial Femur of G1_2.jpg,311,11,161,5,142,1,162,16,76,1,26,1,137,1,297,13,134,2,8,3,21,0,15,1,116,3,12,5,392,0,531,31,167,3,102,1,9,0,44,6,15,0,2,0,13,0,40,2,161,5,46,8,24,0,32,11,278,0,36,1,553,2,598,35,7,0,2,0,8,0,4,1,2,0,0,0,0,1,1,0,1,0,0,0,0,0,0,1,2,0,0,0,0,0,0,0,12,1,2,0,2,0,9,0,3,0,1,0,2,0,4,1,25,1,3,0,7,0,7,3,18,0,5,0,24,0,39,6,1,25,0,14,0,0,0,12,1,7,0,2,0,3,1,5,0,4,0,3,0,0,0,0,0,4,0,2,1,3,0,13,0,2,0,1,0,0,0,0,0,0,0,0,0,0,0,1,0,1,0,2,0,0,0,0,1,0,0,0,0,1,0,4,14,270,2,443,1,15,1,260,6,35,0,18,2,40,3,220,1,12,0,8,0,0,0,3,1,40,0,13,4,33,2,138,22,434,1,497,0,11,2,229,0,17,0,3,1,17,1,132,9,280,1,238,3,2,0,75,14,226,0,135,3,141,9,565,Grade 1
Medial Femur of G1_3.jpg,458,6,189,14,184,1,159,21,98,2,18,2,129,1,287,13,137,6,17,2,41,0,21,1,139,1,22,1,340,1,428,24,152,2,89,15,11,0,37,9,18,0,2,1,18,0,36,4,179,3,62,14,17,0,48,11,253,1,31,7,395,4,492,47,6,0,2,1,6,0,5,2,0,0,1,0,0,0,3,0,1,0,0,1,0,0,0,0,1,0,1,0,1,0,1,1,12,1,8,0,5,0,7,1,3,0,0,0,2,0,11,0,21,0,4,2,4,0,7,1,28,0,7,1,32,0,46,4,3,30,0,31,2,0,0,18,0,2,0,0,0,6,1,16,0,6,0,2,0,1,0,2,0,6,0,5,2,9,0,13,1,0,0,1,0,0,0,0,0,0,0,0,1,1,0,0,0,4,0,0,0,0,0,3,0,2,1,3,0,1,0,8,22,298,0,346,2,14,1,270,9,38,0,17,10,41,2,197,2,13,0,9,0,0,0,7,10,42,0,14,5,33,2,148,20,431,0,383,2,12,1,222,2,16,0,9,2,20,2,140,12,287,0,199,0,10,1,113,18,188,0,186,15,165,7,644,Grade 1
Medial Femur of G1_4.jpg,354,9,180,10,150,1,174,16,68,2,15,0,135,1,248,27,142,4,6,1,17,0,18,0,122,0,13,0,422,1,569,32,205,0,75,3,11,0,37,13,18,0,0,2,26,0,30,2,155,1,38,8,12,0,32,4,269,1,33,5,608,4,535,42,8,0,0,0,1,0,1,1,1,0,0,0,2,0,2,0,0,0,0,0,1,0,0,0,1,0,1,0,0,0,1,0,17,1,6,0,4,0,11,1,0,0,1,0,1,0,4,1,11,1,6,0,2,0,2,0,14,0,2,1,29,0,42,1,5,19,1,12,1,1,1,10,0,9,0,0,0,2,0,12,0,1,0,4,0,0,0,0,0,6,0,0,0,3,0,12,0,1,0,2,0,0,0,1,0,1,0,0,0,0,0,0,0,0,0,1,0,0,0,0,0,0,0,1,0,2,0,3,16,274,1,510,1,13,0,266,3,44,0,15,4,31,3,179,0,12,0,9,0,4,1,6,4,32,0,19,4,41,1,161,12,486,0,506,2,13,3,193,1,15,0,10,1,13,1,129,17,246,0,187,4,5,0,72,14,216,0,134,11,160,4,497,Grade 1
Medial Femur of G1_5.jpg,359,7,114,9,120,1,169,23,91,0,13,1,141,0,332,21,168,1,11,3,33,1,20,3,130,2,12,3,387,2,491,29,126,1,70,6,6,1,55,7,17,1,3,0,17,1,34,0,171,2,31,10,21,0,39,7,302,4,30,8,516,2,510,29,8,0,2,0,1,0,2,1,0,0,1,0,3,0,3,0,1,0,0,1,0,0,1,0,0,0,0,0,0,0,1,0,13,0,7,1,1,0,12,1,3,0,0,1,2,0,11,0,17,0,7,0,1,0,9,1,15,0,2,0,19,0,42,4,3,24,1,26,1,1,0,12,0,7,0,2,0,4,0,18,0,0,0,1,0,0,0,1,0,8,0,0,0,4,1,10,0,2,0,2,0,0,1,0,0,1,0,0,0,0,0,0,0,6,0,1,0,0,0,1,1,1,0,1,0,4,0,3,14,340,2,502,2,14,0,283,8,35,0,20,7,36,1,206,1,15,0,20,0,0,0,5,4,32,0,11,1,26,1,148,23,421,0,490,4,8,1,195,2,20,0,8,2,8,0,166,23,248,1,197,2,7,1,97,15,228,0,125,12,128,6,563,Grade 1
Medial Femur of G1_6.jpg,412,8,135,18,129,0,173,19,78,0,12,2,127,1,279,34,199,3,13,3,24,0,22,1,126,1,15,6,377,0,464,41,183,2,69,6,16,0,54,6,20,0,0,2,26,0,42,4,149,2,45,8,15,0,23,8,302,4,25,5,612,2,502,34,10,0,2,0,0,0,3,0,0,0,0,0,2,0,4,0,0,0,0,0,0,0,0,0,2,0,0,0,1,0,0,0,7,0,4,1,3,0,9,0,1,0,0,0,2,0,6,1,16,2,5,0,1,0,6,1,16,0,2,1,26,0,31,2,7,18,0,20,0,1,0,15,0,11,0,0,1,3,0,21,0,2,0,2,2,2,0,1,0,2,0,1,0,4,0,13,0,0,0,1,0,0,0,0,0,0,0,0,0,0,0,1,0,1,0,1,0,0,0,0,0,2,0,1,0,0,1,2,22,270,2,523,7,12,0,256,2,33,0,13,7,40,2,223,0,18,0,23,0,1,0,9,2,35,0,13,5,37,2,146,17,378,1,439,1,9,2,182,3,18,0,13,2,20,2,175,19,266,0,205,1,9,1,96,13,213,2,134,12,125,7,542,Grade 1
Medial Femur of G1_7.jpg,325,6,126,8,125,1,156,20,72,0,13,2,161,2,277,27,174,2,13,2,32,0,10,2,138,0,15,3,453,1,587,32,133,4,60,2,5,0,43,9,23,0,3,0,16,0,21,4,180,1,42,7,21,0,38,7,313,1,30,4,609,1,543,40,2,0,1,1,3,0,5,1,0,0,0,0,1,0,5,0,0,0,0,0,0,0,0,0,2,0,1,1,0,0,0,0,9,0,2,1,5,0,10,1,1,0,0,0,4,0,8,0,19,0,2,1,3,0,5,1,13,0,2,2,20,0,31,2,1,19,0,8,1,1,1,7,0,1,0,0,0,3,0,14,0,2,0,2,0,0,0,0,0,8,0,1,0,3,0,8,1,1,0,0,0,0,0,0,0,0,0,0,0,1,0,0,0,0,0,1,0,0,0,0,0,1,0,1,0,0,0,3,20,280,1,497,1,15,0,268,5,39,0,13,7,37,2,188,2,9,0,14,0,1,0,5,4,28,0,11,1,28,2,136,20,455,2,584,2,14,1,197,0,15,0,9,5,12,1,137,16,279,1,230,3,3,0,71,14,183,1,132,8,108,2,483,Grade 1
Medial Femur of G1_8.jpg,371,3,123,16,177,1,147,11,84,2,17,1,152,0,291,21,132,3,13,2,28,0,15,2,135,2,16,1,439,2,514,32,120,2,72,4,9,0,31,8,13,0,3,1,17,0,19,1,150,4,57,9,20,0,33,6,322,4,36,7,438,2,491,41,3,0,1,0,2,0,3,0,1,0,0,0,2,0,1,1,2,0,0,1,0,0,0,0,1,0,1,0,2,0,0,0,7,0,5,1,8,0,7,1,2,0,0,0,2,0,7,1,19,1,2,1,0,0,4,1,20,1,5,1,14,0,33,3,3,16,0,22,0,4,0,14,0,5,0,0,0,3,0,20,1,2,0,1,0,0,0,2,0,4,0,3,2,2,0,15,0,1,0,0,0,0,0,2,0,0,0,0,0,0,0,0,1,4,0,4,1,0,0,4,0,3,1,0,0,1,0,9,26,326,1,471,2,13,0,311,3,37,2,19,4,31,4,226,4,10,0,18,0,0,0,3,5,25,1,18,2,28,1,110,22,495,0,495,3,13,0,215,0,15,0,13,2,19,2,142,11,265,0,208,2,5,0,104,14,202,0,151,15,135,5,557,Grade 1
Medial Femur of G1_9.jpg,533,7,472,7,178,0,202,10,39,0,12,2,104,1,218,7,190,8,8,3,6,1,10,1,120,2,9,1,228,0,268,8,487,0,350,4,9,0,88,9,16,0,5,0,9,0,40,0,175,1,69,5,8,0,46,7,198,1,29,1,269,0,334,31,10,0,1,0,5,0,3,0,0,0,0,0,1,0,0,0,0,0,0,0,0,0,0,0,0,0,0,0,1,0,2,1,2,0,5,0,2,1,2,1,0,0,1,0,2,0,0,0,7,1,5,0,1,0,10,2,10,0,0,0,20,0,30,6,3,9,0,7,0,1,0,3,1,5,0,1,0,0,0,7,0,0,0,0,0,0,0,0,2,2,0,0,0,5,0,4,0,0,0,0,0,0,0,1,1,1,0,0,0,0,0,1,0,1,0,2,0,0,0,1,0,0,0,3,0,0,0,7,10,208,1,257,1,10,3,151,8,67,0,9,2,47,0,212,0,8,0,4,0,0,0,5,3,58,0,8,2,214,0,513,11,271,0,247,1,5,1,129,1,9,0,4,2,6,6,188,8,167,0,134,0,8,2,44,8,240,0,196,2,495,2,767,Grade 1
Medial Femur of G2_1.jpg,328,11,124,10,148,2,136,24,94,2,19,3,126,2,301,27,148,4,9,3,35,0,21,6,124,1,19,1,407,0,518,25,110,3,74,8,15,1,30,8,22,0,3,0,13,0,35,4,155,3,48,13,20,1,36,8,326,3,41,8,480,2,587,62,8,0,4,0,8,0,2,1,2,0,0,0,1,1,4,0,3,0,0,0,0,0,0,0,1,0,0,0,1,1,1,1,8,0,1,1,5,0,7,1,2,0,0,0,2,0,9,1,21,0,4,1,6,0,11,2,17,0,3,1,22,0,54,4,4,15,0,19,0,2,1,10,1,4,0,1,0,0,0,11,0,1,0,0,0,0,0,1,0,8,0,1,0,4,0,8,0,2,0,3,0,0,0,1,0,1,0,0,0,0,0,0,1,0,0,2,0,1,0,1,0,3,0,1,1,0,0,11,18,275,5,398,5,14,2,263,5,31,0,20,8,41,1,236,2,15,1,11,1,0,0,6,2,40,0,17,2,27,1,137,33,397,0,427,4,11,2,249,1,12,0,7,0,16,0,155,12,251,1,225,1,10,0,100,15,210,2,147,12,144,11,624,Grade 2
Medial Femur of G2_10.jpg,560,11,223,11,184,2,160,21,128,2,21,7,146,2,254,25,162,4,14,2,27,0,16,2,151,3,24,6,268,0,346,24,214,1,108,10,20,0,46,9,20,0,8,1,28,1,31,7,151,7,36,6,21,1,49,7,235,10,35,7,292,2,380,54,9,2,3,0,5,0,4,2,3,1,4,0,3,0,3,0,1,0,1,0,0,0,0,0,3,1,0,0,4,0,2,0,15,2,2,1,6,1,14,1,2,1,0,2,0,0,11,2,25,0,10,2,1,0,4,2,36,2,7,0,19,1,43,15,5,35,2,13,1,5,1,31,5,6,0,1,2,5,0,15,1,4,0,0,1,0,1,2,0,10,0,2,4,14,1,20,3,3,1,1,0,1,0,5,0,1,0,0,0,0,0,1,1,4,1,6,1,0,1,3,1,4,1,0,1,2,0,13,20,255,7,277,7,19,4,222,11,39,0,16,8,42,1,190,2,24,0,18,1,0,1,10,11,52,0,24,5,50,3,219,23,364,3,284,5,22,2,202,2,22,0,9,0,33,2,153,15,225,3,207,3,14,2,131,25,205,1,151,14,219,13,786,Grade 2
Medial Femur of G2_11.jpg,600,24,334,17,163,3,133,15,120,3,20,3,122,4,217,27,155,1,23,4,25,0,10,4,121,1,19,4,217,2,286,31,320,4,143,5,18,2,56,10,21,2,6,1,20,1,39,4,165,6,60,7,14,1,33,6,234,13,23,7,273,2,353,51,22,0,4,1,7,0,4,1,4,1,2,0,0,0,6,1,1,0,0,1,0,1,0,0,1,1,0,0,1,1,1,0,19,0,8,2,4,0,9,2,5,0,0,1,2,0,10,2,15,2,8,1,1,1,8,1,20,6,5,5,21,1,48,10,9,28,2,28,1,8,2,15,3,7,0,2,0,7,3,17,2,3,0,3,0,1,0,3,0,8,0,0,1,6,0,15,2,4,0,1,0,1,0,5,1,0,0,0,0,0,0,0,1,5,0,5,0,0,1,4,1,5,0,4,0,4,1,13,31,228,4,246,3,15,8,203,7,55,2,15,11,47,6,207,6,14,1,19,1,3,0,16,6,47,0,32,8,69,9,325,18,278,6,238,9,18,5,188,4,15,0,11,3,24,3,164,20,198,4,165,1,12,4,112,17,212,2,162,16,278,9,843,Grade 2
Medial Femur of G2_12.jpg,337,10,139,6,128,0,154,21,79,1,14,0,115,0,315,21,152,6,9,2,27,0,18,2,135,1,8,3,423,2,447,26,147,3,68,8,6,0,51,8,15,0,3,0,19,1,37,5,152,6,35,9,13,0,31,10,296,7,33,7,495,3,575,51,6,0,1,0,4,0,3,1,2,0,0,0,5,0,3,0,0,0,1,0,0,0,1,0,0,0,0,0,2,0,2,1,7,2,5,2,4,0,12,2,2,0,0,0,1,0,6,2,26,1,5,3,1,0,5,0,19,0,5,1,23,0,44,4,1,21,1,18,0,0,2,10,0,5,0,1,0,2,0,13,0,2,0,0,0,0,0,1,0,4,1,0,3,3,0,18,0,0,0,0,0,1,0,1,0,0,0,0,0,0,0,0,0,3,0,3,0,0,0,1,1,0,0,4,0,1,0,3,24,287,3,484,2,12,0,269,9,38,0,12,4,29,0,237,2,13,0,12,0,0,0,6,7,42,0,13,3,36,1,121,19,463,0,496,4,18,0,219,2,22,0,8,2,10,0,144,12,263,0,233,1,3,1,84,9,232,0,140,7,125,3,582,Grade 2
Medial Femur of G2_13.jpg,360,8,152,8,153,2,156,27,83,2,17,3,147,1,268,23,148,3,6,4,26,0,12,4,159,1,21,2,442,0,457,28,122,1,62,6,12,0,53,9,17,0,5,0,19,0,34,0,144,4,40,6,15,0,36,7,295,2,38,6,499,1,525,43,8,0,1,0,0,0,6,2,2,0,0,0,3,0,1,0,0,0,0,0,0,0,0,0,2,0,0,0,1,0,1,0,13,1,2,2,1,0,14,1,1,0,0,0,3,0,2,1,11,2,6,2,4,0,7,0,21,0,1,1,24,0,52,4,7,22,1,15,1,3,0,12,3,9,0,2,0,2,0,13,0,1,0,1,0,0,0,2,0,8,0,2,1,3,0,16,0,1,0,0,0,0,0,2,0,1,0,0,0,0,0,1,1,2,0,0,0,0,0,2,0,4,0,1,0,2,0,5,25,321,3,424,0,13,3,277,8,42,0,20,7,44,2,204,2,8,0,11,1,0,0,2,8,42,0,11,4,28,1,102,20,486,2,508,1,11,1,224,2,12,0,14,2,14,0,127,20,278,5,235,1,7,0,95,16,200,0,150,12,119,5,548,Grade 2
Medial Femur of G2_14.jpg,379,9,208,18,150,0,194,22,91,1,13,1,140,1,281,32,160,4,9,3,26,0,19,2,123,2,17,3,366,1,449,30,187,3,93,7,12,0,45,8,19,0,4,1,15,0,27,3,154,6,51,4,15,0,46,7,287,1,28,6,433,1,549,46,8,0,5,0,7,1,3,1,1,0,1,0,4,0,3,1,0,0,0,1,1,0,0,0,1,0,1,0,8,1,1,0,11,0,3,0,6,0,10,2,1,0,0,0,2,0,1,0,22,0,4,2,2,0,8,0,19,2,4,2,22,0,42,9,5,24,1,15,0,2,2,7,1,2,0,2,0,2,0,23,0,2,0,4,0,2,0,1,0,6,1,0,1,2,1,12,1,2,0,0,0,0,0,1,0,0,0,0,0,1,0,0,3,5,0,3,1,0,0,0,0,1,0,1,0,0,0,5,19,279,0,378,5,17,4,247,6,40,0,24,10,35,2,229,1,14,0,11,0,0,0,8,2,29,0,13,5,46,0,168,17,380,2,416,4,16,1,166,0,13,0,7,3,16,4,154,10,251,1,209,2,5,1,94,12,235,0,149,13,199,5,647,Grade 2
Medial Femur of G2_15.jpg,399,14,173,13,131,1,176,20,81,1,12,4,130,0,259,26,184,8,8,2,31,0,18,1,130,1,10,2,329,1,501,35,153,3,73,6,11,0,59,1,24,0,6,2,24,0,42,1,156,3,45,11,18,0,36,6,287,3,35,4,542,3,476,46,6,1,4,0,3,0,4,0,0,0,0,0,2,0,0,1,0,0,0,0,0,0,0,0,0,0,0,0,3,0,3,1,11,1,4,1,5,0,7,3,4,0,0,0,1,0,5,2,19,1,4,0,5,0,3,2,22,0,3,0,25,0,35,4,3,13,0,18,0,0,0,17,0,9,0,0,0,4,0,16,1,1,0,1,0,1,0,2,0,7,0,2,0,2,0,13,0,2,0,2,0,0,0,1,0,0,0,0,0,0,0,0,1,2,0,1,0,0,0,1,0,1,0,1,0,4,0,7,28,288,1,469,2,12,3,289,9,45,1,15,6,22,4,195,2,15,1,17,0,1,0,6,5,38,0,15,6,50,0,182,19,375,0,428,3,7,0,212,2,21,0,7,3,13,3,147,27,259,0,216,0,2,0,87,8,244,2,150,12,160,7,555,Grade 2
Medial Femur of G2_16.jpg,375,11,139,6,128,0,158,20,100,1,19,4,129,0,306,22,163,5,10,6,21,0,20,3,124,2,13,2,408,1,452,25,148,2,68,8,16,0,53,8,29,0,3,0,19,0,32,4,142,2,47,7,12,0,35,5,307,7,34,7,532,3,575,59,7,1,1,0,2,0,5,1,0,0,1,0,0,1,1,1,1,0,0,0,0,0,0,1,1,0,0,0,1,0,1,0,10,1,6,0,6,0,7,1,1,0,1,0,1,0,2,0,19,2,4,2,2,0,6,0,11,0,3,0,25,0,40,10,3,24,0,13,0,2,0,11,1,5,0,0,1,4,0,13,1,1,0,4,0,0,0,2,1,6,0,4,1,4,0,11,0,3,0,0,0,0,0,0,0,0,0,0,0,0,0,0,0,0,0,1,0,0,0,1,0,1,0,0,0,0,0,4,21,281,1,455,4,12,3,289,7,49,0,23,8,39,2,184,1,22,0,8,0,0,0,12,3,29,0,15,5,25,1,183,16,439,0,483,0,17,0,218,2,21,0,5,1,7,1,168,16,273,2,212,2,6,0,97,11,207,1,129,15,97,3,525,Grade 2
Medial Femur of G2_17.jpg,358,9,130,9,147,1,166,25,57,0,7,1,129,1,282,14,144,3,6,6,31,0,14,0,151,2,8,1,441,1,502,22,169,4,86,4,9,0,49,4,16,0,2,0,12,0,27,6,171,4,49,6,15,0,35,2,257,1,26,11,575,1,503,27,1,0,0,0,8,0,5,0,0,0,0,0,2,0,1,0,3,0,0,0,0,0,1,0,3,0,0,0,1,0,1,0,7,0,3,0,2,0,10,0,1,0,0,1,2,0,3,0,21,0,5,1,2,0,5,0,18,0,1,0,21,1,35,5,0,17,0,14,0,2,0,12,0,9,0,0,0,5,0,9,0,0,0,3,0,1,0,1,1,5,0,3,0,3,0,9,0,1,0,1,0,0,0,0,0,0,0,0,0,0,0,0,0,1,0,0,0,0,0,1,0,1,0,0,1,3,0,3,21,334,1,548,1,16,0,283,3,43,0,10,8,38,2,191,0,9,0,15,0,1,0,9,3,29,0,11,4,39,0,138,22,473,0,563,3,6,1,198,1,13,0,5,1,9,1,161,14,291,1,219,0,0,0,81,12,211,0,125,13,129,4,472,Grade 2
Medial Femur of G2_18.jpg,368,4,171,9,178,1,156,25,84,0,12,1,152,1,274,20,146,2,9,2,15,0,17,4,151,0,23,1,379,1,498,24,156,0,91,7,6,0,44,5,19,0,4,0,19,0,30,2,159,5,45,10,18,0,29,8,290,3,35,6,523,2,565,44,7,1,0,0,1,0,2,0,1,0,1,0,1,0,2,0,1,0,0,0,0,0,0,0,1,0,0,0,0,0,3,0,6,1,5,1,4,0,10,3,5,0,1,0,0,0,7,1,9,0,9,1,6,0,7,1,20,0,4,1,33,0,30,4,0,14,0,22,0,0,1,8,2,0,0,1,1,7,0,7,0,3,0,3,0,0,0,0,0,6,1,3,0,3,0,8,0,1,0,2,1,0,0,1,0,0,0,0,0,0,0,4,0,2,0,1,0,0,0,0,0,5,0,2,0,2,0,3,19,321,1,456,3,11,4,263,5,34,1,10,5,34,1,173,2,8,0,10,1,2,1,7,3,45,0,16,4,40,0,177,20,432,1,520,2,11,3,198,1,16,0,9,2,18,0,138,13,266,1,221,1,5,0,91,13,186,0,142,8,130,4,535,Grade 2
Medial Femur of G2_19.jpg,407,14,156,11,185,0,142,15,92,0,23,1,123,2,279,17,134,5,10,5,26,1,19,1,127,0,18,4,414,1,532,26,135,1,81,5,7,0,47,4,17,1,0,0,16,0,26,4,128,4,54,8,18,0,41,9,284,2,45,9,509,1,486,35,8,0,3,1,6,0,7,0,1,0,0,0,2,0,3,0,1,0,0,0,0,0,0,0,0,0,0,0,1,0,3,1,11,0,4,0,6,1,7,1,2,0,0,0,1,0,7,0,16,0,7,2,3,0,10,0,26,0,5,1,25,0,38,3,4,23,0,12,1,2,0,11,2,6,0,3,0,5,0,17,0,1,0,2,0,0,0,0,0,11,0,0,1,3,0,15,0,1,0,1,0,1,0,2,1,0,0,0,0,0,0,0,0,3,0,5,0,0,0,1,0,2,0,3,3,1,0,5,18,288,2,423,4,17,3,289,1,55,0,16,7,35,2,227,2,18,0,18,0,0,0,7,4,38,1,17,3,28,3,135,19,438,1,458,2,9,3,202,2,12,1,11,4,18,1,120,16,271,1,186,0,5,2,101,16,195,0,151,8,167,11,581,Grade 2
Medial Femur of G2_2.jpg,410,6,197,10,157,1,140,20,98,1,18,0,125,2,278,27,146,4,14,5,28,1,18,2,125,0,19,2,366,2,526,33,178,0,95,5,15,1,40,7,18,1,2,0,14,1,27,6,159,0,55,5,21,0,42,11,266,2,27,4,467,3,547,38,9,1,1,0,5,0,3,3,1,0,1,0,1,0,2,0,0,0,1,0,1,0,0,1,3,0,0,0,1,0,3,0,10,0,8,1,0,0,13,1,4,0,1,0,3,1,2,3,13,1,5,1,3,0,2,0,20,1,1,0,29,1,27,3,3,18,1,19,0,1,0,12,1,6,0,1,0,2,0,9,1,2,0,1,0,0,0,2,1,7,0,1,1,1,0,13,0,2,0,1,0,0,0,1,0,0,0,0,0,0,0,2,0,2,0,1,0,0,0,1,0,1,0,2,0,2,0,6,21,277,0,400,5,14,4,287,6,54,0,14,11,46,1,197,3,11,0,7,0,2,0,9,4,29,0,19,7,32,3,150,16,461,2,413,1,20,2,203,1,22,0,6,3,15,3,115,11,281,0,203,1,8,0,102,13,216,1,141,10,185,7,573,Grade 2
Medial Femur of G2_20.jpg,454,11,180,10,146,1,169,15,106,1,12,1,134,0,274,27,144,3,10,4,15,0,18,2,154,3,14,1,359,2,450,17,208,1,86,4,22,0,56,5,14,0,2,0,22,0,32,8,175,5,54,10,15,0,32,10,241,2,25,7,448,0,404,35,12,0,2,0,3,0,2,0,2,0,0,1,2,0,0,2,0,0,0,0,0,0,0,0,2,0,0,1,1,1,2,1,11,0,7,0,1,0,13,0,1,0,0,0,4,0,5,3,18,0,4,0,1,0,6,0,27,1,3,1,23,1,37,6,3,29,1,19,0,2,1,18,0,6,0,2,2,2,1,21,1,8,0,2,0,0,1,1,2,6,0,0,2,4,0,16,0,2,0,1,0,0,0,0,0,0,0,0,0,0,1,1,0,2,0,2,0,0,0,0,0,1,0,0,0,0,0,4,28,311,0,428,2,13,2,273,9,43,1,20,6,43,4,216,1,16,0,17,0,1,1,10,8,33,0,15,5,35,1,195,26,440,0,410,1,9,2,206,5,22,0,9,1,17,1,146,24,317,1,194,3,5,0,93,21,180,0,141,13,162,7,577,Grade 2
Medial Femur of G2_21.jpg,295,5,134,8,130,0,183,19,87,0,11,2,111,1,277,20,172,6,9,9,30,1,26,4,101,1,3,0,406,2,486,27,138,3,89,5,5,1,45,7,11,0,2,1,15,0,51,0,156,5,26,4,16,0,29,5,274,8,28,14,550,2,579,54,6,0,3,0,6,0,3,0,0,0,0,0,1,0,3,0,2,0,1,1,1,0,0,0,0,0,0,0,2,0,1,1,1,0,2,2,2,1,10,1,0,0,0,0,3,0,8,0,24,0,3,2,2,0,7,2,12,1,4,0,32,0,47,6,2,28,0,29,0,0,0,11,2,11,0,1,0,3,0,15,1,1,0,0,0,0,0,1,1,4,0,0,0,5,1,10,1,1,0,3,0,0,0,0,1,0,0,0,0,0,0,0,1,2,0,4,0,0,0,0,1,1,0,3,0,1,0,9,14,250,2,478,5,13,1,263,8,39,0,22,3,23,0,219,2,4,0,14,0,0,0,4,2,31,0,12,3,35,3,130,24,470,2,514,2,8,0,244,3,12,0,10,2,20,1,166,11,283,1,214,2,8,1,84,17,213,1,131,10,120,3,598,Grade 2
Medial Femur of G2_3.jpg,357,4,160,6,139,3,131,12,67,0,16,1,136,0,269,16,143,2,11,1,20,0,12,3,124,1,23,3,413,2,541,17,162,0,88,5,7,0,38,7,20,0,2,0,21,0,26,1,135,6,34,10,12,0,29,7,270,2,22,5,606,2,548,33,7,1,1,0,7,0,6,2,0,0,0,0,0,0,1,0,1,0,0,0,1,0,0,0,1,0,0,0,0,0,4,0,6,1,7,0,3,0,9,0,0,0,0,2,2,0,2,1,8,0,4,1,0,0,3,0,18,0,3,0,27,0,29,3,2,23,1,23,0,2,0,13,0,2,0,2,1,2,0,11,0,2,0,3,0,1,0,1,1,1,0,2,0,4,1,16,1,1,0,0,0,0,0,0,0,0,0,0,0,0,0,0,0,0,0,2,0,0,0,2,0,2,0,1,0,1,0,5,26,324,0,520,1,18,3,278,12,42,1,18,6,32,2,190,1,7,0,8,0,0,0,8,3,39,0,15,5,41,0,150,22,494,2,535,2,8,2,197,2,20,0,7,3,14,0,138,16,269,0,203,2,11,0,82,16,184,1,118,8,171,7,496,Grade 2
Medial Femur of G2_4.jpg,282,5,109,4,135,0,126,25,70,0,11,1,136,0,292,20,135,4,4,3,37,1,11,8,141,3,16,2,481,1,569,25,85,1,59,3,9,1,42,3,14,0,3,1,14,0,32,5,144,4,34,8,13,0,25,5,304,2,24,5,587,2,601,39,4,0,0,0,4,0,5,1,0,0,0,0,1,0,3,0,0,0,0,0,0,0,1,1,1,0,0,2,2,0,2,0,10,0,3,3,3,0,6,1,0,0,0,0,1,1,7,0,15,0,7,0,3,0,7,1,19,0,2,1,29,0,43,3,1,22,0,22,0,1,0,10,1,3,0,5,0,2,0,7,0,1,0,2,0,0,0,0,0,5,0,1,0,3,0,16,0,0,0,1,0,0,0,0,0,0,0,0,0,0,0,2,1,0,0,0,0,0,1,2,0,0,0,1,0,1,1,2,17,335,1,513,4,10,3,254,8,37,1,17,7,19,3,213,1,12,0,13,0,1,0,7,1,31,0,11,8,18,4,90,22,511,1,612,3,13,2,259,1,11,0,10,1,8,0,121,9,284,1,237,2,4,3,79,20,175,0,107,11,123,7,493,Grade 2
Medial Femur of G2_5.jpg,258,0,98,7,149,1,119,19,57,0,13,2,129,1,279,13,115,3,9,1,34,0,14,4,105,0,14,2,507,0,635,23,116,1,45,4,5,0,28,2,14,0,1,0,13,0,32,1,105,1,35,6,13,0,37,12,309,2,47,4,584,2,577,56,6,0,1,0,2,0,2,0,0,0,0,0,0,0,8,0,1,0,0,0,1,0,0,0,1,0,0,0,0,0,3,0,6,0,5,2,4,0,6,1,0,0,0,1,1,0,10,2,20,1,6,1,1,0,1,2,13,0,2,3,23,0,43,3,3,10,0,14,0,0,0,8,0,1,0,2,0,2,1,7,1,5,0,4,0,0,0,0,0,2,0,0,0,3,0,8,0,0,0,2,0,0,0,1,0,0,0,0,0,0,0,1,2,3,0,3,0,0,0,0,0,4,0,0,0,1,2,5,20,323,1,584,2,10,3,265,3,46,0,10,2,30,1,222,3,7,0,19,0,0,0,3,3,21,0,13,2,21,4,94,26,595,0,573,1,8,0,229,3,14,0,10,0,13,3,105,10,265,1,216,1,2,1,58,12,180,1,167,6,110,2,537,Grade 2
Medial Femur of G2_6.jpg,369,10,169,11,174,3,147,12,83,0,18,3,102,3,253,21,146,10,13,0,24,0,20,1,121,7,19,0,375,1,559,22,162,2,92,4,12,1,43,7,15,1,3,2,9,0,38,2,149,2,34,7,23,0,40,4,268,7,27,6,513,1,582,38,13,0,2,0,4,0,4,1,0,0,0,0,2,0,0,1,1,0,0,0,0,0,0,0,1,0,0,0,0,0,2,1,10,0,8,0,7,0,11,0,0,0,0,0,5,0,5,1,15,1,6,1,3,0,1,1,18,0,3,2,16,0,46,5,2,19,0,12,0,2,1,14,1,4,0,0,0,2,0,13,0,2,0,1,0,0,0,0,0,8,0,1,1,10,0,10,0,2,0,0,0,0,0,1,0,0,0,0,0,0,0,1,1,1,0,3,0,0,0,0,1,5,0,0,1,2,0,4,16,293,0,426,3,11,2,262,10,38,1,10,5,39,2,205,1,16,0,9,0,0,0,6,5,32,0,13,6,38,0,142,27,489,1,438,2,11,3,203,1,20,0,10,1,17,0,145,8,253,2,204,2,7,1,91,11,205,1,151,10,155,6,623,Grade 2
Medial Femur of G2_7.jpg,373,5,142,9,157,1,191,22,89,0,22,2,166,1,298,19,143,2,9,4,27,0,14,5,156,1,11,3,433,2,454,32,137,0,68,4,9,0,39,8,20,0,1,0,11,1,20,2,153,1,49,9,10,0,37,6,286,4,38,5,493,0,508,33,6,0,2,0,1,0,3,0,1,0,0,0,1,0,4,0,1,1,0,2,0,0,0,0,1,0,0,0,0,0,0,0,20,0,4,1,2,0,3,0,2,0,1,0,1,0,7,3,20,0,8,1,0,0,8,1,19,0,2,0,18,0,39,2,3,20,1,16,0,1,0,11,1,5,0,0,0,6,0,14,0,4,0,0,0,0,1,0,2,3,0,3,0,3,1,14,0,1,0,0,0,0,0,1,0,0,0,0,0,1,0,1,0,2,0,4,0,0,0,3,0,1,0,0,1,2,0,1,26,354,0,449,5,7,1,275,6,46,0,19,4,34,3,215,1,17,0,11,0,1,0,3,4,44,0,17,4,29,1,118,18,457,2,482,3,12,4,226,2,12,0,9,4,12,0,142,12,308,1,209,2,4,0,84,14,215,1,161,14,121,4,515,Grade 2
Medial Femur of G2_8.jpg,683,22,323,12,154,7,154,30,149,4,24,9,117,6,189,23,150,2,34,3,18,1,23,1,122,6,24,1,211,5,249,29,345,4,135,6,19,2,52,6,34,2,7,4,22,3,33,7,165,5,58,12,16,0,30,6,247,6,38,15,249,3,308,59,25,2,5,1,3,1,4,1,6,0,1,0,2,0,8,4,3,0,0,0,1,0,0,0,5,0,3,0,4,0,3,1,13,0,7,7,4,0,6,2,4,0,1,2,6,0,11,3,24,2,7,1,1,0,10,3,22,5,5,4,15,3,49,18,14,25,0,24,1,2,3,19,3,6,0,5,2,5,0,19,2,5,0,2,0,1,0,3,0,7,0,0,1,3,1,26,0,3,0,2,0,2,0,3,0,0,0,0,0,1,0,1,1,5,0,6,1,0,1,3,1,2,0,0,2,6,5,20,25,192,2,234,10,13,4,181,7,30,0,16,8,48,3,179,5,18,0,28,2,1,3,16,7,41,3,22,6,99,10,334,24,207,1,216,5,18,6,170,0,18,0,9,3,34,1,166,25,184,4,162,7,21,4,143,19,156,1,124,19,340,16,906,Grade 2
Medial Femur of G2_9.jpg,405,14,199,11,157,2,140,30,112,2,22,3,112,1,294,16,152,8,8,7,30,0,15,3,102,0,16,4,330,3,439,27,190,3,102,8,14,0,45,5,17,1,5,0,13,0,62,6,145,6,46,11,25,0,38,6,295,2,38,7,409,3,520,52,18,0,9,0,3,0,7,0,1,0,1,0,0,0,2,3,4,0,0,0,1,0,1,0,3,0,0,0,2,0,1,0,8,5,5,1,2,0,11,1,1,0,0,0,4,0,8,0,23,1,6,0,0,0,12,0,19,1,4,0,26,2,53,6,6,21,1,15,1,4,1,18,0,4,0,2,1,4,0,15,1,3,0,3,0,0,0,1,1,1,0,5,0,4,2,6,0,3,0,0,0,0,0,3,0,1,0,0,0,3,0,0,3,3,0,1,0,1,0,0,1,8,0,2,0,2,3,8,19,227,3,309,0,17,4,226,10,45,1,14,5,40,4,224,1,15,0,19,1,0,0,6,4,39,1,26,12,54,4,189,26,340,5,432,3,16,2,206,1,14,1,6,1,16,0,142,10,254,1,194,1,2,0,114,16,232,1,143,10,208,15,715,Grade 2
Medial Femur of G3_1.jpg,335,8,197,9,146,1,150,17,63,1,20,0,106,1,280,26,163,4,15,0,25,0,15,2,105,1,19,0,389,0,619,20,190,0,104,2,7,0,40,3,20,0,4,0,13,0,35,5,153,5,54,2,20,0,38,8,226,2,24,10,523,0,575,35,9,0,1,2,2,0,1,0,0,0,0,0,1,0,2,1,0,0,0,0,0,0,0,0,0,0,0,0,2,0,3,0,12,1,2,0,3,0,2,0,1,0,0,0,2,0,2,2,13,1,4,2,3,0,6,0,21,1,2,3,26,0,39,4,2,21,0,19,0,1,0,16,2,5,0,0,0,3,0,12,1,1,0,1,0,0,0,1,0,1,0,2,0,3,0,10,0,0,0,0,0,0,0,0,0,0,0,0,0,0,0,1,1,0,0,0,0,0,0,1,0,3,0,0,0,0,0,6,20,263,0,454,2,11,0,259,3,26,0,13,5,32,0,199,1,10,0,9,0,0,0,3,3,24,0,15,5,53,3,166,19,535,1,494,3,11,0,197,3,23,0,8,2,15,0,137,12,256,1,201,1,5,0,70,12,202,3,139,16,178,8,546,Grade 3
Medial Femur of G3_10.jpg,457,9,173,9,176,1,174,27,83,1,28,1,145,4,249,16,160,5,12,4,30,0,20,2,152,3,20,1,367,0,508,24,157,3,88,4,11,0,42,5,15,0,3,2,18,0,34,4,145,3,48,11,13,0,34,15,287,4,29,4,384,2,511,38,7,0,1,0,4,0,6,1,1,0,1,0,1,0,4,1,2,0,1,1,0,0,0,0,0,0,0,0,2,0,0,1,18,0,8,0,4,0,12,2,4,0,1,1,2,0,7,0,24,1,8,0,0,0,10,2,24,0,4,1,22,0,33,6,4,15,0,17,1,0,0,20,0,9,0,4,2,4,0,16,0,2,0,3,0,0,0,1,1,5,1,3,0,5,0,9,0,1,0,2,0,0,0,1,0,0,0,0,0,0,0,0,0,6,0,1,0,0,0,0,2,0,0,1,0,3,1,8,28,304,4,372,6,11,4,258,8,37,0,15,8,46,7,201,4,12,0,17,0,2,1,7,2,39,0,14,5,51,1,130,19,448,4,407,2,13,0,202,2,19,0,8,0,11,1,144,14,259,1,191,2,9,0,103,15,185,3,175,18,195,6,600,Grade 3
Medial Femur of G3_11.jpg,250,8,101,4,115,0,139,12,61,0,9,1,138,2,292,23,139,2,8,3,22,0,22,4,121,3,12,2,499,1,558,29,124,2,48,4,3,0,35,7,12,0,0,0,7,0,42,2,130,2,49,8,11,0,19,3,263,3,25,6,596,2,533,44,3,0,1,1,4,0,0,0,1,0,0,0,2,0,4,1,0,0,1,0,0,0,0,0,1,0,1,0,0,0,0,0,5,0,1,1,0,0,5,1,1,1,0,0,0,0,2,0,14,0,5,0,2,0,5,1,13,2,1,1,17,0,20,1,6,19,0,17,0,1,0,12,0,6,0,1,0,6,0,14,1,0,0,0,0,0,0,2,0,4,0,1,0,5,0,6,0,0,0,0,0,0,0,0,0,0,0,0,0,1,0,0,0,2,0,3,0,0,0,0,0,2,1,0,0,5,0,4,24,387,0,631,4,10,3,290,4,36,0,21,3,22,0,167,0,13,0,6,2,0,0,5,3,28,0,12,5,20,0,107,13,630,0,658,2,3,0,203,2,24,0,5,2,12,2,121,19,310,0,227,2,6,1,59,11,182,1,126,5,116,6,452,Grade 3
Medial Femur of G3_12.jpg,399,9,180,6,162,1,161,22,94,2,17,4,122,0,315,25,162,6,10,4,28,2,25,1,142,2,14,1,387,1,431,18,141,1,75,5,8,0,55,11,20,0,2,0,16,0,27,6,173,2,46,15,21,0,34,9,274,6,44,4,387,0,495,49,5,0,0,0,3,0,8,1,0,1,0,0,0,0,1,1,1,0,0,0,0,0,0,0,3,0,0,0,0,0,2,0,5,1,8,0,6,0,13,1,2,0,0,0,1,0,11,0,20,0,6,2,1,0,8,1,13,0,2,2,19,0,53,5,5,26,0,24,1,2,0,17,1,3,0,0,0,4,0,14,0,3,0,2,0,1,0,2,1,5,0,2,2,6,1,14,0,1,0,2,0,0,0,0,0,0,0,0,0,0,0,0,0,3,0,2,0,0,1,0,1,2,0,1,0,1,0,10,30,303,1,376,1,16,0,272,12,43,0,20,5,37,2,238,0,13,1,14,0,0,0,8,5,44,0,23,4,37,4,135,14,415,1,425,6,16,1,216,2,18,0,5,1,13,0,130,17,291,0,220,1,9,1,96,23,226,0,157,18,163,9,618,Grade 3
Medial Femur of G3_13.jpg,427,14,192,10,144,1,158,23,87,1,16,2,142,1,281,30,143,1,14,3,17,1,21,4,150,0,23,2,355,6,432,23,168,3,84,6,11,0,52,7,16,2,2,1,15,1,33,6,189,1,59,9,16,0,52,6,262,4,35,4,397,2,479,39,7,0,1,1,2,0,1,0,1,0,0,0,4,0,5,0,1,0,1,0,0,0,1,1,1,0,0,0,2,0,0,1,6,0,6,2,4,0,11,0,2,0,1,0,3,0,6,1,15,1,8,0,1,0,6,1,16,0,2,0,14,0,40,3,8,27,0,17,0,3,0,10,1,6,0,1,1,2,0,17,0,4,0,3,0,0,0,0,0,10,0,1,1,2,0,11,0,1,0,2,0,0,0,0,0,0,0,0,0,0,0,0,1,3,0,3,0,0,0,2,2,5,0,1,0,5,0,5,28,315,1,420,1,11,2,265,7,57,0,14,8,44,3,227,2,20,0,12,0,1,0,7,1,39,0,17,6,41,2,145,21,470,0,418,2,19,2,181,3,14,0,7,4,17,1,166,13,257,0,202,2,10,0,107,12,199,1,162,7,169,5,615,Grade 3
Medial Femur of G3_14.jpg,333,9,130,8,149,1,142,19,71,1,18,0,139,0,301,15,157,4,8,2,27,0,21,3,142,3,17,0,426,2,474,34,136,1,70,7,10,1,53,10,11,0,2,1,11,0,39,3,169,2,39,8,12,0,32,14,298,2,30,8,485,1,570,36,4,0,4,0,4,0,2,0,1,0,0,0,2,1,4,1,0,0,0,0,0,0,1,0,0,0,0,0,1,0,1,0,10,1,7,2,1,0,6,2,3,0,1,0,3,0,4,1,14,1,5,0,1,0,8,0,22,0,2,0,21,0,34,5,3,28,0,27,0,0,1,15,0,10,0,0,0,5,0,15,0,2,0,4,0,0,0,1,1,6,0,2,0,2,0,7,1,1,0,0,0,0,1,0,0,0,0,0,0,1,0,1,0,2,0,2,0,0,0,0,0,2,0,2,0,3,0,7,21,316,0,470,2,14,0,266,9,44,0,7,1,31,3,233,2,16,0,12,1,0,0,3,2,34,0,14,2,30,1,125,29,500,1,477,1,7,1,206,1,16,0,3,0,14,1,134,9,283,0,212,0,6,0,90,11,207,2,158,12,131,7,574,Grade 3
Medial Femur of G3_15.jpg,252,4,141,5,133,0,140,17,45,1,10,0,109,1,284,9,111,2,7,3,19,0,10,2,113,0,10,1,446,1,670,24,149,1,47,5,10,0,33,2,14,0,2,0,13,0,10,0,179,1,43,7,9,0,27,2,284,1,24,9,658,2,597,38,5,0,0,0,4,0,3,2,1,0,0,0,0,0,1,0,1,0,0,0,0,0,0,0,0,0,0,0,0,0,1,0,5,1,2,0,4,0,5,0,2,0,0,0,0,0,2,0,11,0,4,0,3,0,2,1,9,0,3,0,16,0,26,0,2,16,0,16,1,2,0,12,1,1,0,0,0,1,0,6,0,0,0,0,0,0,0,2,0,9,0,2,0,2,0,8,0,0,0,0,0,0,0,0,0,0,0,0,0,0,0,0,0,0,0,2,0,1,0,0,0,3,0,0,0,2,0,6,10,361,1,696,3,6,2,274,3,25,0,15,2,30,1,179,0,14,0,6,1,0,0,2,4,23,0,8,2,35,2,124,22,650,0,613,1,7,0,203,1,18,0,3,1,10,2,127,12,262,1,189,0,1,0,54,9,179,0,129,4,136,5,387,Grade 3
Medial Femur of G3_16.jpg,309,17,92,10,138,0,146,16,76,2,5,3,135,2,311,18,144,2,9,1,23,0,19,1,143,0,7,6,468,1,490,25,130,1,61,5,6,0,43,11,17,0,1,2,6,1,31,3,160,3,40,2,21,0,27,5,297,2,40,5,482,4,601,50,8,1,1,0,4,0,2,0,0,0,0,0,2,0,8,0,0,0,0,0,0,0,0,0,0,0,0,0,2,0,2,0,6,0,3,0,3,0,13,0,1,0,0,0,2,0,6,1,19,1,10,2,2,0,3,0,15,1,4,0,15,0,40,2,4,17,0,17,0,1,0,3,1,7,0,2,0,0,0,13,1,1,0,1,0,2,0,0,1,4,0,2,0,3,0,11,0,1,0,1,0,0,0,0,0,0,0,0,0,0,0,1,0,1,0,4,0,0,0,1,0,2,0,2,0,4,0,7,21,312,0,524,3,10,0,268,10,41,0,14,8,33,3,206,1,9,0,18,0,0,0,3,5,29,0,15,3,29,2,126,25,477,1,516,2,13,2,230,3,16,0,6,4,13,1,141,11,279,0,247,0,5,0,80,10,254,0,134,11,95,6,556,Grade 3
Medial Femur of G3_17.jpg,382,3,113,14,165,2,162,17,87,1,19,1,148,2,303,25,146,1,8,3,33,0,22,1,157,0,12,2,418,1,451,22,119,4,49,5,11,0,48,4,21,2,0,0,24,0,31,1,155,5,46,9,18,1,36,7,301,2,30,4,486,4,541,29,9,0,1,0,4,0,2,1,0,0,0,0,4,1,3,1,0,0,1,1,0,0,2,0,2,0,0,0,0,0,4,0,14,0,7,1,2,0,8,1,1,0,1,0,0,0,8,1,16,2,5,0,4,0,6,1,23,0,2,1,23,0,49,7,4,23,0,22,0,5,0,13,1,5,0,2,0,3,0,16,0,1,0,2,0,0,0,2,1,4,1,1,1,4,0,17,0,2,1,0,0,0,0,0,0,0,0,0,0,0,0,0,1,3,0,0,0,0,0,2,0,1,0,1,0,1,0,5,30,343,4,466,4,15,3,275,5,41,0,13,5,26,5,199,3,8,0,18,0,1,0,7,2,44,0,9,10,35,0,124,20,471,1,476,5,6,0,217,1,17,0,12,1,12,0,157,15,283,1,189,1,3,1,100,19,215,0,133,11,138,5,518,Grade 3
Medial Femur of G3_18.jpg,235,5,92,7,129,2,130,31,80,0,11,1,97,0,309,15,124,2,11,3,32,0,22,0,123,2,17,4,477,1,586,27,112,1,65,4,4,0,29,5,18,0,1,0,11,1,34,0,123,3,27,5,16,0,24,6,317,5,33,5,579,1,611,48,6,0,1,1,4,0,1,0,0,0,0,0,1,0,1,0,0,0,0,0,0,0,0,0,0,0,0,0,2,0,3,1,11,1,2,0,2,0,6,0,1,0,1,0,1,1,9,0,16,0,4,1,6,0,8,2,17,0,3,1,26,0,39,2,3,18,0,12,0,1,0,13,1,6,0,1,3,2,0,8,0,2,0,2,0,0,0,2,0,7,0,0,0,3,0,5,0,0,0,1,0,0,0,0,0,0,0,0,0,0,0,2,0,0,0,1,0,1,0,1,0,3,0,0,0,2,0,3,13,292,0,641,2,17,3,257,6,25,0,15,4,16,0,184,1,9,0,8,0,0,0,6,2,26,1,17,2,21,1,115,12,540,1,607,4,13,0,232,2,20,0,7,3,18,3,134,8,288,0,238,0,4,0,70,10,216,0,118,17,107,4,494,Grade 3
Medial Femur of G3_19.jpg,230,8,133,3,108,1,112,21,50,0,14,3,106,2,317,18,133,3,10,0,31,0,16,2,125,1,9,1,424,3,568,25,159,0,73,2,7,0,46,4,16,0,4,0,16,0,39,3,133,4,35,3,10,0,25,8,286,2,29,4,643,0,569,34,9,0,1,2,4,0,5,1,0,0,0,0,1,0,3,0,0,0,0,0,0,0,1,0,0,0,1,0,1,0,0,1,6,1,3,0,2,0,1,0,1,0,0,0,0,0,6,0,16,0,7,3,5,0,10,0,22,0,1,1,24,0,29,7,0,7,0,14,1,0,0,5,0,5,0,1,0,0,0,12,0,1,0,3,0,0,0,0,0,1,0,1,1,3,0,13,0,0,0,0,0,0,0,0,0,0,0,0,0,0,0,3,0,4,0,0,0,0,0,0,2,2,0,0,0,2,0,10,14,277,0,613,2,8,0,263,3,35,0,9,4,17,3,220,0,12,0,7,0,0,0,3,3,28,0,14,5,22,0,109,28,510,0,645,1,12,1,226,4,18,1,10,1,14,0,147,16,277,1,211,0,3,0,71,11,203,0,127,18,137,4,536,Grade 3
Medial Femur of G3_2.jpg,318,7,175,6,144,2,149,19,80,0,12,1,126,1,258,28,135,2,6,2,25,0,19,8,118,1,18,1,407,4,521,19,161,2,87,7,9,1,35,10,12,0,5,0,15,0,27,0,174,1,61,6,21,0,35,4,293,0,34,2,540,1,588,45,7,0,0,0,6,0,5,2,1,0,0,0,1,1,1,0,1,1,0,0,1,0,0,0,0,0,1,0,0,0,0,0,5,0,7,1,3,0,5,1,2,0,0,0,0,0,7,2,17,0,2,1,5,0,5,0,14,0,5,1,18,0,37,1,3,23,0,19,0,1,0,9,0,6,0,0,0,2,0,14,1,4,0,6,0,0,0,0,0,6,0,0,0,0,0,7,0,0,0,1,0,0,0,0,0,0,0,1,0,0,0,0,0,1,0,1,0,1,0,2,0,2,0,1,0,0,0,2,13,282,0,452,3,8,1,260,4,35,1,22,5,29,2,233,1,11,0,10,0,0,0,4,2,36,1,12,7,40,1,150,23,504,0,521,1,6,1,208,4,18,0,7,2,16,0,133,10,273,0,198,0,8,3,80,8,216,0,131,15,162,9,551,Grade 3
Medial Femur of G3_20.jpg,293,4,109,2,138,2,148,13,51,0,11,0,148,1,312,16,113,2,5,1,27,0,12,2,143,0,16,5,482,3,667,27,96,1,49,4,9,1,28,4,8,1,2,0,6,1,29,2,136,3,37,12,12,0,25,8,284,7,27,2,592,1,611,37,3,0,0,0,1,0,4,1,1,0,0,0,0,0,4,0,1,0,0,0,0,0,0,0,1,0,0,1,1,0,0,1,3,0,5,0,2,0,7,0,0,0,0,0,1,0,2,2,12,0,3,0,7,0,9,0,14,0,3,0,25,0,32,4,2,17,0,20,0,1,0,7,2,5,0,0,0,2,0,8,0,2,0,1,0,0,0,1,0,4,0,0,0,3,0,4,0,1,0,0,0,0,0,0,0,0,0,0,0,0,0,0,0,1,0,3,0,0,0,3,0,1,0,0,0,2,1,0,29,344,1,526,2,12,2,277,3,35,0,11,6,36,3,203,0,10,0,15,0,0,0,4,2,18,1,9,2,27,0,86,17,621,2,587,1,2,2,191,1,17,0,11,0,14,0,124,16,303,0,197,1,6,0,66,11,209,1,121,9,130,4,444,Grade 3
Medial Femur of G3_21.jpg,418,12,140,12,149,0,154,18,109,1,12,3,139,0,292,35,158,1,12,4,31,0,24,4,162,3,17,3,359,3,423,20,142,1,49,5,15,0,43,6,15,0,4,0,22,1,35,7,184,3,41,7,6,0,37,7,298,4,23,8,415,4,479,38,9,0,1,0,3,0,7,0,0,0,0,0,1,0,2,0,1,0,0,0,0,0,0,0,1,0,0,0,1,0,3,0,14,2,7,1,3,0,10,4,6,1,1,0,0,0,6,3,21,0,5,0,1,0,4,0,14,1,2,0,22,1,41,2,2,26,1,21,2,3,1,23,0,4,0,1,0,6,1,19,0,2,0,4,1,0,0,0,1,9,0,0,4,5,0,15,1,3,0,2,0,0,0,0,0,0,0,0,0,1,0,0,0,6,0,1,0,2,0,4,0,0,0,1,0,2,0,8,34,334,2,408,2,19,5,277,6,48,0,17,4,41,4,230,5,16,0,15,0,0,0,12,11,36,0,19,6,36,2,123,23,424,3,471,3,20,2,201,3,21,0,7,2,13,4,130,28,261,0,215,1,8,0,110,14,203,1,136,13,139,9,624,Grade 3
Medial Femur of G3_22.jpg,264,9,88,8,116,2,133,26,66,2,15,2,131,1,329,19,136,8,6,7,24,0,13,8,111,4,12,0,507,2,538,27,110,1,58,9,7,0,41,9,12,1,2,0,13,1,41,2,118,1,26,10,17,0,24,11,302,4,32,7,570,2,591,67,8,0,1,0,4,0,2,2,0,0,0,0,2,0,3,0,1,0,0,0,0,0,0,0,2,0,0,1,0,0,1,0,4,0,4,0,2,0,6,0,1,0,0,0,1,0,7,0,27,0,4,0,4,0,9,1,32,0,2,0,18,1,61,3,3,15,0,19,0,1,1,13,2,6,0,1,0,3,0,11,0,0,0,0,0,0,0,2,1,3,0,5,1,3,0,8,1,1,0,3,0,0,1,0,0,0,0,0,0,0,0,1,0,1,0,1,0,0,0,1,1,3,0,2,0,2,0,10,15,277,1,473,1,8,2,260,2,32,0,11,3,14,1,210,3,12,0,14,0,1,1,4,2,29,0,15,3,33,5,126,11,496,1,557,1,8,0,244,1,17,0,5,0,13,0,134,11,270,0,241,3,6,2,71,11,244,0,140,13,134,6,560,Grade 3
Medial Femur of G3_23.jpg,670,17,299,15,160,3,173,16,125,6,33,4,130,4,229,36,152,2,19,5,28,0,16,2,131,3,27,8,182,3,227,23,313,6,114,10,14,0,64,12,25,1,3,2,41,2,48,8,148,1,52,6,14,0,24,5,228,3,37,5,268,3,332,52,20,1,4,0,3,0,10,2,4,0,0,1,3,0,8,3,3,0,0,0,0,0,0,0,7,1,2,1,3,0,11,0,21,1,7,3,2,0,12,1,4,1,2,0,6,0,11,5,24,1,5,1,4,0,10,0,34,1,13,1,19,2,52,19,11,35,2,25,2,6,0,32,1,8,0,1,1,2,0,16,0,5,0,4,0,1,0,4,1,2,0,2,1,11,3,27,2,4,0,2,0,2,1,5,0,1,0,1,0,0,0,0,1,3,1,4,1,2,0,6,1,5,0,2,0,3,2,22,28,197,2,236,7,13,7,177,10,48,1,19,13,53,5,179,5,23,1,25,1,2,4,18,8,45,0,30,11,60,6,299,32,234,1,210,5,19,3,154,1,22,0,18,5,27,3,139,20,171,7,154,4,16,3,131,21,186,1,147,24,319,22,957,Grade 3
Medial Femur of G3_24.jpg,253,2,103,10,105,1,166,15,63,1,8,3,138,1,297,15,122,0,9,4,9,0,11,3,129,1,8,2,472,1,627,23,94,0,49,4,7,1,42,4,10,0,0,0,17,0,27,2,133,5,27,6,8,0,29,5,307,2,29,6,674,2,563,34,3,0,1,0,6,0,0,0,1,0,0,0,1,0,2,0,0,0,0,0,0,0,0,0,2,0,0,0,1,0,1,0,8,1,3,1,3,0,5,3,2,0,1,0,1,0,6,1,12,1,4,0,0,0,3,0,22,0,2,0,26,0,34,2,2,19,0,16,1,1,1,4,1,4,0,0,1,0,0,14,1,1,0,1,0,0,0,0,2,5,0,1,0,3,0,6,0,0,0,0,0,0,0,1,0,1,0,0,0,0,0,0,0,3,0,0,0,0,0,0,0,2,0,1,0,2,0,5,21,333,0,677,1,9,5,287,5,32,1,10,2,23,2,169,2,10,0,6,0,1,0,6,0,21,0,14,2,25,1,100,19,650,2,644,2,6,0,199,0,15,0,7,2,14,2,124,8,292,1,185,0,3,0,81,11,195,0,108,2,82,5,430,Grade 3
Medial Femur of G3_25.jpg,324,12,129,7,143,0,141,17,72,2,17,0,134,1,308,17,152,4,9,3,34,0,20,4,138,3,9,2,449,0,535,25,123,1,71,5,5,0,36,6,19,0,2,0,13,0,36,5,147,1,41,12,14,0,34,6,296,3,30,3,537,0,555,61,7,1,1,1,2,0,3,0,0,0,0,0,1,0,7,0,1,0,0,0,1,0,0,0,0,0,0,0,1,0,1,0,3,0,3,0,3,0,9,2,4,0,0,0,2,0,9,3,15,0,6,1,4,0,9,0,19,0,2,0,27,1,47,3,2,20,1,24,1,1,0,9,2,8,0,1,0,1,0,11,0,3,0,3,0,0,0,1,1,6,1,0,0,9,0,10,0,0,0,2,0,0,0,0,0,0,0,0,0,0,0,1,0,4,0,1,0,0,0,2,0,1,0,0,0,2,0,7,20,312,1,477,1,16,2,283,6,39,0,14,5,36,1,213,0,11,0,13,0,3,0,1,1,24,0,9,7,26,0,124,28,452,0,484,2,8,1,207,3,16,0,3,1,21,1,135,15,306,0,220,2,6,1,89,11,207,1,137,10,126,5,551,Grade 3
Medial Femur of G3_26.jpg,342,7,104,4,169,2,144,17,90,0,15,2,164,1,301,13,148,2,7,2,22,0,13,2,144,2,20,2,452,0,553,24,119,2,52,7,11,0,39,6,8,0,7,1,12,0,34,3,165,5,41,11,21,0,34,6,322,1,25,7,515,2,505,54,10,0,2,0,4,0,4,1,0,0,0,0,1,0,3,0,1,0,0,0,0,0,0,0,1,0,0,1,1,0,2,0,3,1,3,0,2,0,5,2,2,0,0,0,4,0,7,0,16,1,6,1,5,0,4,1,13,3,2,0,20,0,42,2,5,12,0,25,0,2,0,12,0,5,0,0,2,1,1,12,0,2,0,6,0,0,0,2,0,4,0,0,2,2,2,15,1,3,0,2,0,0,0,1,0,0,0,0,0,0,0,0,0,1,0,0,0,0,0,3,0,2,0,2,0,0,1,4,25,321,0,460,4,15,1,311,7,52,0,12,4,23,2,202,1,22,0,14,0,0,0,6,1,24,0,15,8,19,1,128,21,469,2,485,2,8,1,208,2,8,0,10,2,11,1,154,16,273,1,201,2,7,1,98,16,231,0,134,18,117,6,527,Grade 3
Medial Femur of G3_27.jpg,369,11,115,10,118,1,156,20,93,2,16,3,150,1,348,14,188,4,12,6,26,0,19,4,140,1,10,2,409,1,440,28,136,3,85,5,12,0,61,6,20,0,3,0,12,1,44,9,150,6,42,7,24,0,40,7,303,3,36,7,515,0,588,49,7,1,2,0,4,0,5,1,2,0,0,0,1,0,2,0,3,0,0,0,0,0,0,0,2,0,0,1,0,0,4,0,11,0,5,1,3,0,11,0,0,0,1,1,1,0,8,0,32,2,4,2,6,0,7,0,14,0,3,1,21,1,39,8,1,22,0,25,0,2,0,10,1,10,0,1,0,4,1,21,0,4,0,0,1,0,0,1,0,6,0,0,1,4,1,13,1,1,0,1,0,1,0,0,0,0,0,0,0,0,0,0,0,2,0,2,0,0,0,1,1,1,0,0,0,2,0,6,20,282,1,426,1,7,0,262,5,55,0,20,7,28,3,186,2,11,0,20,1,0,0,7,2,30,0,18,5,39,1,158,21,383,0,412,4,7,2,229,0,12,0,10,1,13,1,155,12,274,0,206,2,5,1,82,16,213,0,119,17,118,8,625,Grade 3
Medial Femur of G3_28.jpg,391,11,110,8,162,0,158,23,99,0,19,3,118,0,302,19,158,3,10,3,44,0,19,3,130,3,18,2,361,3,479,33,129,5,60,10,10,0,50,7,21,0,3,1,25,1,45,1,169,3,49,10,22,1,45,8,294,3,40,17,442,1,592,51,9,1,1,1,9,0,1,0,1,0,0,0,3,0,4,2,1,0,0,0,1,0,0,0,1,0,0,0,2,0,2,3,11,0,8,0,2,0,8,1,1,0,0,0,2,0,14,1,29,1,8,2,3,0,8,3,22,0,4,2,27,0,48,7,3,27,0,27,0,2,0,16,0,5,0,1,0,6,1,16,0,5,0,2,0,0,0,1,0,5,0,2,0,5,1,11,1,4,0,2,0,0,0,0,0,1,0,0,0,1,0,1,0,4,0,3,1,0,0,1,0,3,0,0,0,2,1,8,23,271,1,342,4,9,3,288,7,46,0,12,5,32,1,196,1,14,0,22,1,0,0,7,6,33,0,13,4,39,0,128,20,392,2,460,1,10,3,232,2,25,1,8,2,23,0,127,10,268,2,205,3,6,2,112,15,192,1,148,12,141,4,634,Grade 3
Medial Femur of G3_29.jpg,390,3,190,10,155,1,147,16,94,0,28,4,108,2,301,18,144,4,14,2,26,0,15,3,112,3,22,2,337,0,561,22,186,2,115,7,8,0,44,5,26,0,5,1,12,1,31,4,162,3,36,9,19,0,32,7,285,3,41,5,469,2,532,43,5,0,4,0,7,0,2,3,0,0,0,0,7,1,0,3,1,0,0,0,0,0,0,0,0,0,0,0,0,0,1,0,12,1,4,2,2,0,11,1,0,0,0,0,3,0,3,3,23,0,5,2,3,0,7,0,20,0,6,1,25,1,37,5,3,19,1,19,0,1,1,14,1,3,0,0,0,5,0,10,1,1,0,2,0,0,0,1,0,5,0,2,0,5,0,13,2,1,0,1,0,0,0,2,0,0,0,0,0,0,0,0,0,1,0,1,0,0,0,1,0,1,0,0,1,3,0,5,16,234,2,418,3,8,3,206,10,35,0,23,5,23,2,221,1,10,0,17,0,0,0,8,3,31,0,12,2,50,1,171,15,490,0,433,0,17,1,219,6,13,0,6,3,22,0,139,7,277,1,185,0,5,0,83,11,202,0,165,17,208,4,591,Grade 3
Medial Femur of G3_3.jpg,348,4,138,4,115,1,166,29,84,0,18,1,105,0,303,20,175,4,10,2,30,0,25,4,133,1,14,1,419,0,475,32,136,1,66,3,19,1,47,5,16,0,1,0,24,0,42,5,161,3,36,6,13,0,33,12,291,2,30,7,529,0,535,47,5,1,1,0,2,0,1,1,1,0,0,0,2,0,4,0,0,0,1,1,1,0,0,0,1,0,1,0,1,0,2,0,10,1,9,0,0,0,13,3,1,0,0,0,1,0,5,1,27,1,3,0,1,0,13,1,14,1,1,1,29,0,48,4,3,20,0,24,0,2,0,16,0,7,0,2,0,1,0,15,1,4,0,2,0,0,0,2,0,11,0,1,0,5,0,15,0,2,0,2,0,0,0,1,0,2,0,0,0,1,0,0,0,1,0,3,0,0,0,1,0,0,0,0,1,2,0,3,21,278,5,506,2,9,2,273,4,40,0,13,6,22,1,206,0,15,1,15,0,1,0,7,3,40,0,22,3,24,1,139,23,408,1,449,2,11,1,209,1,15,0,9,1,24,1,151,16,287,0,213,0,6,0,94,9,233,1,131,19,128,6,597,Grade 3
Medial Femur of G3_30.jpg,241,4,109,8,134,1,123,18,63,1,14,3,135,0,302,22,129,7,6,3,25,0,14,2,116,1,11,0,532,0,650,25,91,1,61,7,9,0,57,5,16,0,3,0,22,0,32,2,128,2,27,5,20,0,33,6,296,0,33,3,622,4,635,38,13,0,1,0,3,1,1,0,1,0,0,0,1,0,0,0,0,0,0,0,0,0,0,0,1,0,0,0,1,0,0,0,7,1,2,1,2,0,2,0,2,0,0,0,0,0,8,0,12,1,5,2,6,1,4,0,14,1,1,1,22,0,44,1,0,18,1,19,0,1,0,12,1,4,0,3,0,5,0,13,0,2,0,2,0,0,0,0,1,5,0,2,0,5,1,10,0,1,0,1,0,0,0,0,0,0,0,0,0,1,0,0,0,1,0,1,0,0,0,1,0,0,0,2,0,4,0,3,18,288,0,527,1,4,0,294,7,20,0,16,5,23,2,189,0,11,0,14,0,0,0,1,6,23,1,10,5,25,3,107,12,503,0,613,1,12,0,245,4,14,0,5,2,12,0,131,11,280,0,221,1,3,0,79,12,198,0,117,11,106,2,466,Grade 3
Medial Femur of G3_31.jpg,272,14,123,9,137,0,142,25,82,2,18,2,122,1,296,31,133,7,8,1,38,0,19,4,111,7,11,4,428,1,541,29,109,0,73,6,5,1,38,5,13,0,6,0,12,0,33,6,122,2,32,12,16,1,33,12,315,2,31,6,529,0,627,50,1,0,0,0,4,0,4,0,3,0,0,0,2,0,1,0,1,0,0,0,0,0,0,0,2,1,0,0,1,0,2,0,11,0,7,2,1,0,3,1,3,0,0,0,3,0,5,4,19,1,7,1,5,1,6,1,20,1,3,3,28,0,39,8,2,23,0,26,1,2,0,8,0,4,0,0,0,2,0,14,0,1,0,0,0,0,0,2,0,7,0,3,2,5,0,13,0,1,0,2,0,0,0,0,0,1,0,0,0,0,0,3,0,8,0,1,0,0,0,2,0,0,0,1,0,7,0,1,14,279,2,494,2,8,1,265,3,29,0,16,6,20,1,189,4,10,1,11,1,0,0,6,1,24,1,10,8,26,1,125,20,515,2,558,1,9,3,240,3,13,0,5,1,11,1,148,10,271,1,231,4,3,1,72,8,196,1,108,15,133,4,593,Grade 3
Medial Femur of G3_32.jpg,428,21,203,15,147,3,134,32,126,2,25,4,108,0,255,20,144,3,5,1,29,1,12,4,122,5,25,1,350,1,366,31,245,3,106,3,15,0,57,6,26,0,3,0,13,1,39,4,127,2,50,11,25,0,36,10,276,4,41,7,463,3,508,48,16,0,5,0,4,0,3,0,0,0,0,0,1,0,5,2,1,0,0,0,0,0,0,0,1,1,0,0,3,1,2,1,15,2,3,3,6,0,6,2,1,0,1,0,2,0,5,1,17,2,8,4,3,0,4,0,32,1,2,1,38,1,41,6,8,13,2,20,2,3,2,13,0,6,0,1,0,4,1,14,0,1,0,5,0,0,1,3,1,4,1,4,1,4,0,14,1,1,0,1,0,1,0,2,1,0,0,0,0,1,0,0,3,2,0,0,0,1,1,2,0,7,1,4,0,1,0,14,23,225,1,359,4,15,2,266,7,65,0,14,8,33,4,179,3,12,0,18,0,1,2,7,1,42,0,25,8,43,3,229,30,327,3,404,4,10,1,215,0,17,0,5,5,16,0,158,19,209,2,175,2,10,3,102,25,187,1,145,13,193,11,730,Grade 3
Medial Femur of G3_33.jpg,352,6,131,14,156,2,170,26,82,0,17,0,131,0,302,14,170,5,5,1,32,0,14,2,153,1,14,3,436,1,460,31,110,1,72,2,8,0,49,4,22,0,1,0,19,0,38,0,151,1,52,15,12,1,37,8,287,0,29,3,518,0,559,41,8,0,2,0,2,0,1,0,0,0,0,0,1,0,5,1,2,0,1,0,0,0,0,0,0,0,0,0,2,0,2,0,8,0,7,0,1,0,8,1,1,0,2,0,2,0,3,0,25,1,5,1,1,0,6,0,12,0,4,1,30,1,32,4,2,20,0,22,0,1,0,8,0,3,0,0,1,2,0,11,1,4,0,1,0,0,0,1,0,5,0,2,0,6,0,6,0,0,0,1,0,0,0,2,0,0,0,0,0,0,0,0,0,3,0,0,0,0,0,0,1,2,0,0,0,1,0,6,23,300,1,431,4,16,3,286,9,51,0,15,2,37,0,213,2,14,0,15,0,0,0,5,6,52,0,11,3,25,1,129,16,383,0,478,2,13,0,217,1,21,0,9,4,18,3,140,15,307,3,261,1,5,2,82,16,225,0,145,18,107,5,584,Grade 3
Medial Femur of G3_34.jpg,395,13,192,10,190,1,129,25,78,0,20,1,122,2,268,21,130,2,18,3,27,0,15,1,138,1,21,1,359,1,519,25,163,5,74,7,15,0,49,5,13,0,2,0,16,0,31,4,163,5,49,7,17,0,36,4,268,3,39,6,484,0,490,43,6,2,2,0,3,0,2,1,2,0,0,0,3,0,6,0,0,0,0,0,0,0,0,0,1,0,0,0,3,0,0,0,5,0,5,4,5,0,6,3,2,1,3,0,0,0,11,0,18,0,9,0,0,0,6,1,22,0,4,3,26,0,36,4,1,16,0,18,0,2,0,13,0,5,0,1,3,4,0,19,1,1,0,3,0,1,1,0,0,4,0,1,0,4,1,16,0,3,0,2,0,0,1,1,0,0,0,0,1,0,0,0,0,2,0,0,0,1,0,1,0,1,0,4,0,3,0,4,21,295,1,428,4,24,2,298,3,43,1,12,5,41,2,184,2,7,0,13,1,1,0,5,5,32,1,21,7,35,0,130,17,503,1,449,2,17,1,197,0,15,0,8,0,21,1,135,12,268,1,216,0,6,1,95,16,196,0,166,5,164,3,591,Grade 3
Medial Femur of G3_35.jpg,371,4,196,13,139,2,168,22,103,2,24,1,113,0,310,25,161,3,10,7,28,0,23,3,123,2,17,5,339,0,494,21,174,1,63,3,12,0,47,4,28,1,1,1,15,2,42,5,151,5,55,6,17,1,42,8,294,4,42,9,470,5,465,38,9,2,2,1,5,0,2,1,2,0,0,0,0,0,3,1,3,0,0,0,0,0,1,0,2,1,0,0,1,0,3,0,10,2,1,0,3,0,11,1,6,0,1,0,0,0,11,0,24,1,5,0,2,0,14,4,17,0,2,1,25,0,47,5,3,13,0,18,1,0,0,10,1,4,0,1,2,3,0,12,1,3,0,4,0,1,0,2,1,6,0,2,2,5,1,7,1,3,0,1,0,0,0,0,0,0,0,0,0,1,0,2,1,4,0,2,0,0,0,3,0,2,0,0,2,2,1,8,21,246,1,439,3,23,4,270,9,41,0,15,2,28,1,224,2,11,0,20,0,0,0,6,5,36,1,14,5,31,1,129,24,430,0,422,2,11,2,207,2,11,0,12,4,18,0,138,15,260,2,208,1,4,1,96,16,218,1,170,12,160,8,650,Grade 3
Medial Femur of G3_36.jpg,382,11,126,10,137,1,182,22,98,3,12,2,136,2,284,11,167,2,11,8,24,0,18,1,160,1,15,3,404,1,407,18,134,3,82,3,10,0,52,3,26,0,5,2,14,0,47,3,141,3,46,14,15,0,41,8,289,2,31,5,443,3,516,57,9,1,1,2,5,1,5,1,0,0,1,1,1,0,1,1,0,0,0,0,0,0,1,0,1,0,0,0,2,0,2,0,8,0,4,1,3,0,5,0,3,0,1,2,3,1,7,1,19,3,12,0,2,0,9,0,19,0,5,1,25,2,48,1,3,20,1,19,2,2,0,13,0,8,1,2,1,2,0,17,1,3,0,3,0,0,0,2,0,5,1,1,0,1,1,13,0,0,0,1,0,0,0,0,1,0,0,0,0,0,0,0,0,2,0,3,0,1,0,3,1,3,0,1,0,4,0,8,31,267,1,458,4,18,6,299,12,37,0,14,4,30,0,195,0,11,1,5,0,0,0,9,0,47,1,9,5,38,1,143,16,381,0,495,7,11,3,229,2,18,0,9,3,17,2,159,19,294,3,225,1,7,1,89,16,210,2,139,7,145,4,613,Grade 3
Medial Femur of G3_37.jpg,374,8,147,9,145,0,143,15,84,0,18,2,137,0,297,24,167,9,7,3,24,0,18,0,148,3,14,5,390,2,501,21,165,0,75,7,12,0,65,8,14,0,5,1,13,0,39,3,160,3,43,5,16,0,53,4,250,2,21,2,554,1,585,50,11,0,1,1,6,0,7,0,0,0,0,0,1,0,1,0,1,0,0,0,0,0,1,1,1,0,0,0,1,0,0,0,5,0,4,2,2,0,11,1,0,0,0,0,4,0,5,0,26,0,5,1,2,0,8,0,23,0,4,1,17,1,48,5,3,14,0,17,1,1,2,16,2,8,0,2,1,2,0,8,0,5,0,2,0,0,0,1,0,8,0,2,1,5,0,9,0,0,0,1,0,0,0,1,0,0,0,0,0,1,0,1,0,1,0,0,0,0,0,1,1,2,0,1,0,0,0,9,12,291,0,422,1,8,0,249,8,37,0,14,8,27,1,217,1,11,0,7,0,1,0,7,4,33,1,19,5,45,0,135,19,430,1,478,3,11,1,207,3,18,0,4,3,12,1,168,12,292,1,224,0,7,0,75,11,213,0,144,10,123,2,556,Grade 3
Medial Femur of G3_38.jpg,342,8,119,7,147,2,141,24,101,1,16,1,135,0,276,18,169,2,7,3,35,0,17,9,135,3,8,5,391,2,484,31,171,4,85,4,12,0,40,10,17,1,2,0,15,0,40,6,140,2,46,5,16,0,26,9,325,3,43,8,491,3,595,57,12,0,1,0,3,0,5,2,0,0,2,0,2,0,3,0,0,0,0,0,0,0,0,1,2,0,0,0,1,0,2,0,6,0,6,0,7,0,1,0,5,0,0,0,3,0,5,0,15,2,5,1,3,0,8,1,11,2,5,2,24,0,46,7,4,16,0,19,0,1,0,13,1,3,0,1,0,2,0,16,1,2,0,6,0,0,0,0,2,1,0,4,1,9,0,10,0,0,0,2,0,0,0,2,0,0,0,0,0,0,0,0,0,2,0,0,0,0,0,2,1,2,0,1,0,2,0,6,33,263,2,393,1,14,2,294,7,34,1,13,5,36,4,218,1,12,0,13,1,0,0,1,4,30,0,14,2,33,4,126,16,437,2,482,6,8,3,198,2,24,0,10,2,19,0,160,12,253,0,252,2,2,0,89,13,236,1,120,13,131,5,594,Grade 3
Medial Femur of G3_39.jpg,361,10,168,7,113,0,176,18,70,0,12,0,140,1,262,20,149,4,9,5,36,0,17,1,143,1,13,0,396,0,517,22,179,0,88,4,13,0,43,5,16,0,1,0,14,0,18,1,161,3,36,8,16,0,41,6,293,2,15,1,510,2,493,31,5,0,3,1,4,0,3,0,0,1,2,0,2,0,1,0,0,0,0,0,0,0,0,0,0,0,0,0,2,0,1,0,5,0,1,2,2,0,14,3,3,0,1,0,2,0,5,1,15,1,6,1,2,0,8,1,23,0,1,1,18,0,33,4,2,17,2,32,1,1,0,15,0,4,0,1,1,4,0,9,0,4,0,1,0,0,0,1,1,7,0,2,1,3,0,6,0,2,0,0,0,1,0,0,0,0,0,0,0,0,0,0,0,0,0,1,0,2,0,1,1,2,1,0,0,2,1,10,26,326,0,536,4,6,0,297,7,37,1,19,6,37,5,175,1,11,0,12,1,0,0,8,4,47,0,13,2,39,2,159,22,521,0,495,6,8,2,196,2,14,0,10,0,16,1,146,14,263,1,214,1,8,1,74,11,198,0,114,17,148,6,523,Grade 3
Medial Femur of G3_4.jpg,388,11,139,12,158,2,184,20,99,0,15,2,141,2,288,19,178,6,13,6,27,1,25,1,97,2,24,3,364,1,446,26,162,3,81,4,10,1,49,11,26,0,5,1,21,0,27,4,170,7,50,11,19,1,36,8,307,6,37,5,478,1,517,48,18,0,3,0,5,0,2,0,1,0,0,0,1,0,5,0,0,0,1,1,0,0,0,0,0,0,0,0,1,0,1,1,16,1,7,2,1,0,11,1,0,0,0,2,4,1,4,2,21,0,5,0,5,0,8,1,16,0,4,0,23,0,53,2,6,24,1,22,0,1,0,13,0,4,0,2,1,3,0,9,0,2,0,2,0,0,0,0,2,8,0,4,3,6,3,10,2,2,1,0,0,0,0,2,0,0,0,0,1,1,0,1,0,1,0,1,1,0,0,3,0,0,0,4,0,5,0,7,23,260,1,426,4,10,2,302,6,48,0,18,5,31,3,217,1,10,0,24,0,0,0,4,4,41,1,16,7,35,1,168,22,385,1,410,8,9,0,194,0,16,0,14,5,23,0,152,16,293,0,215,3,9,2,106,16,216,2,100,17,148,3,653,Grade 3
Medial Femur of G3_40.jpg,334,1,137,11,163,0,148,12,69,0,14,0,142,0,294,13,145,6,9,1,22,0,15,1,128,0,15,4,447,2,582,21,138,0,75,3,10,0,53,9,7,0,1,0,9,0,17,2,150,5,59,7,14,0,26,3,281,1,38,7,475,0,557,43,3,1,0,1,3,0,2,1,0,0,0,0,0,0,3,1,0,0,0,0,0,0,0,0,2,0,0,0,0,0,1,0,10,0,5,0,4,0,5,1,1,0,1,0,4,0,4,0,15,0,6,2,3,0,2,1,13,1,2,0,17,1,32,5,1,18,0,22,0,0,0,12,1,12,0,1,0,1,1,13,0,2,0,0,0,0,0,0,0,6,0,4,0,2,0,20,0,2,0,2,0,0,0,0,0,0,0,0,0,0,0,0,0,1,0,1,0,0,0,0,0,6,0,0,2,1,0,3,28,373,0,532,1,15,2,273,6,39,0,15,11,40,1,190,2,13,0,11,0,1,0,4,1,36,0,13,9,29,0,119,12,534,0,513,1,7,1,205,1,14,0,12,1,10,2,131,13,261,1,187,0,11,1,85,10,205,1,138,9,140,4,514,Grade 3
Medial Femur of G3_41.jpg,390,8,142,16,148,0,173,15,103,1,18,0,129,1,289,23,181,3,5,6,29,1,19,2,144,2,16,1,405,0,452,16,155,2,84,10,12,0,59,7,19,0,3,2,25,0,41,5,149,3,33,7,20,0,31,8,262,3,17,1,493,1,484,42,5,1,1,1,5,0,2,0,0,0,0,0,0,0,1,0,1,0,0,0,0,0,0,1,3,0,0,0,2,0,3,0,8,0,4,0,3,1,6,3,0,0,0,0,3,0,4,2,13,1,7,0,3,0,9,0,15,0,3,0,21,0,39,3,1,29,1,15,1,6,0,16,1,7,0,0,2,4,0,8,0,1,0,2,0,0,0,1,1,6,0,1,0,5,0,16,0,1,1,1,0,0,0,0,0,2,0,0,0,0,0,0,1,6,0,1,0,0,0,0,0,0,0,1,0,1,0,7,19,307,1,500,4,9,1,268,10,48,0,19,7,31,1,211,1,19,0,13,0,1,0,10,9,40,0,18,2,40,4,123,18,431,0,462,6,10,1,217,1,7,0,6,2,19,3,156,17,280,0,209,2,3,2,111,13,205,0,146,10,140,4,568,Grade 3
Medial Femur of G3_42.jpg,407,8,180,14,161,1,140,16,82,0,14,1,129,0,268,23,143,2,23,1,25,1,16,7,154,1,16,4,406,1,530,26,158,2,93,7,16,0,37,14,14,0,6,1,13,0,34,0,169,4,59,3,14,0,32,9,272,8,30,2,462,1,497,36,7,1,2,2,3,0,4,0,1,0,0,0,3,0,3,1,2,0,0,0,0,0,0,0,0,0,0,0,2,0,1,0,15,2,4,0,2,0,7,0,1,0,0,0,2,0,6,0,18,0,10,0,4,0,5,0,29,1,4,0,25,0,40,5,3,21,0,20,1,2,0,10,2,2,0,1,0,0,1,11,0,3,0,3,1,0,0,3,0,5,0,7,1,5,0,16,2,0,0,2,0,0,0,0,0,0,0,0,0,0,0,0,1,4,0,0,0,0,1,1,1,5,0,1,2,0,0,9,21,282,4,406,6,15,1,280,10,41,0,18,6,46,4,197,2,13,0,19,0,0,0,5,3,36,0,8,5,40,1,133,16,467,0,454,2,14,1,195,2,13,0,12,2,14,0,133,15,267,0,190,3,7,0,94,17,204,2,189,11,169,8,546,Grade 3
Medial Femur of G3_43.jpg,327,6,204,12,146,3,166,22,53,0,19,1,122,2,247,22,149,4,10,4,19,0,12,3,102,2,11,2,366,0,566,25,187,4,102,7,11,1,41,5,14,0,1,0,16,0,30,1,130,2,50,7,12,0,28,6,274,0,24,4,629,0,534,34,9,0,2,0,2,0,1,1,0,0,0,0,1,0,2,0,2,0,0,0,0,0,1,0,1,0,0,0,1,0,1,0,10,0,5,2,3,0,7,1,0,0,0,0,1,0,5,2,11,0,2,0,1,1,4,1,18,0,0,0,16,0,33,6,0,17,0,18,0,2,0,14,2,3,0,2,0,2,0,7,0,2,0,0,0,0,0,0,0,10,0,1,1,2,0,8,0,0,0,1,0,0,0,0,0,1,0,0,0,0,0,0,0,0,0,1,0,0,0,1,0,2,0,0,0,0,0,2,14,337,0,602,0,15,2,252,2,28,0,14,5,28,1,170,1,8,0,8,1,0,0,7,5,28,0,6,0,39,3,179,10,553,0,521,0,12,0,175,1,20,0,11,0,16,1,149,10,259,0,176,1,5,1,71,6,182,0,156,10,173,3,491,Grade 3
Medial Femur of G3_44.jpg,385,8,143,6,142,2,149,24,94,1,14,3,174,2,298,23,162,3,9,3,36,0,19,0,145,4,12,1,415,3,458,25,131,1,78,3,9,0,55,8,16,0,2,1,13,0,36,2,165,3,41,8,17,0,34,5,272,7,32,10,466,0,535,57,10,1,1,0,1,0,8,0,1,0,0,0,3,0,5,0,1,0,0,0,0,0,0,0,1,0,1,0,1,0,2,0,8,0,4,1,4,0,11,1,1,0,1,0,6,0,7,2,20,0,9,1,5,0,2,0,15,1,2,1,19,0,50,9,3,27,1,15,0,3,0,8,1,7,0,5,0,4,0,18,2,3,0,1,0,0,0,1,2,9,0,0,1,7,0,8,0,1,0,2,0,0,0,1,0,0,0,0,0,0,0,0,1,4,0,0,0,0,0,1,1,4,0,1,0,1,0,4,20,313,3,471,3,6,2,297,3,55,0,9,7,36,4,226,2,19,1,10,0,0,0,5,2,38,0,17,4,38,4,145,17,408,1,431,6,16,1,228,3,14,0,8,3,11,1,134,14,287,0,216,3,5,0,105,16,229,0,123,7,139,6,595,Grade 3
Medial Femur of G3_5.jpg,360,3,146,9,136,5,148,16,86,0,14,2,148,2,315,22,148,5,10,3,32,0,13,2,156,4,16,2,387,0,477,28,131,1,78,4,9,0,51,6,15,0,1,2,13,0,28,3,139,3,41,7,21,0,38,7,304,5,37,16,487,1,500,35,3,0,2,0,6,0,1,2,0,0,0,0,3,0,1,0,0,0,0,0,0,0,0,0,1,0,1,0,1,0,0,0,8,0,8,0,7,0,11,1,2,0,1,0,5,0,5,0,17,1,2,1,1,0,4,0,19,1,4,0,23,0,34,2,2,24,0,18,1,1,1,17,0,7,0,0,0,3,0,12,1,1,0,1,0,1,0,1,1,9,0,3,2,6,0,12,0,3,0,2,0,0,0,0,0,0,0,0,0,0,0,0,0,4,0,0,1,0,0,0,1,2,0,1,0,1,0,3,22,304,0,449,5,10,0,284,7,46,0,18,6,28,2,207,5,10,0,15,0,0,0,6,4,51,0,13,2,28,2,134,14,492,0,505,2,13,0,203,3,17,1,14,2,25,1,148,13,275,0,231,1,2,1,90,21,202,0,150,9,135,4,571,Grade 3
Medial Femur of G3_6.jpg,357,9,153,7,173,0,153,24,86,3,12,1,118,1,278,12,169,5,10,3,31,3,17,4,114,1,17,5,392,1,488,23,160,3,89,9,7,0,38,3,10,0,5,0,12,0,39,1,134,0,44,8,13,0,45,8,280,2,28,4,504,0,532,43,8,0,2,2,2,0,5,2,2,0,0,0,4,0,3,0,4,0,0,0,0,0,0,0,0,0,0,1,1,0,4,1,7,0,8,0,4,1,8,1,2,0,3,0,3,0,6,3,11,2,8,2,1,0,7,0,18,1,2,1,26,1,38,5,5,18,1,14,1,1,0,11,1,9,0,1,1,3,1,15,0,8,0,1,0,1,0,1,0,4,0,0,0,2,1,16,0,2,0,1,0,0,0,0,0,0,0,0,0,0,0,0,1,2,0,4,0,0,0,1,1,1,0,2,1,6,0,2,27,305,2,469,1,10,2,263,10,44,1,21,4,31,1,208,1,12,0,19,1,0,0,10,3,38,0,19,5,49,3,185,12,439,1,447,1,11,0,196,2,18,0,9,0,23,2,151,19,250,1,209,1,4,0,80,12,209,0,140,11,160,5,603,Grade 3
Medial Femur of G3_7.jpg,411,13,169,7,160,2,175,15,103,0,28,3,131,1,278,28,171,7,13,5,25,0,21,0,136,1,13,5,354,2,408,24,206,2,91,5,16,0,53,1,25,0,1,0,17,0,41,3,142,4,41,14,16,0,41,8,294,3,39,6,475,1,505,48,11,0,3,0,7,0,2,0,0,0,0,0,1,0,5,1,1,1,0,0,0,0,0,0,1,0,0,0,1,0,2,0,12,2,7,0,5,0,11,1,3,0,0,2,2,0,12,1,17,0,3,0,2,0,9,2,23,1,3,2,29,0,49,5,2,15,0,21,0,1,0,17,0,8,0,2,0,4,2,20,0,2,0,4,0,0,0,3,0,9,0,3,0,2,0,6,0,3,0,0,0,1,0,1,0,0,0,1,0,1,0,3,0,3,0,2,0,1,1,0,1,3,0,0,0,1,0,4,29,262,2,391,2,12,4,269,7,46,0,21,9,45,2,221,0,14,0,15,0,0,0,7,6,55,0,18,1,40,2,166,22,316,0,364,3,13,4,213,0,21,0,13,5,15,2,161,13,261,0,202,2,6,0,107,14,235,0,129,16,159,8,658,Grade 3
Medial Femur of G3_8.jpg,439,8,152,14,128,0,190,15,94,2,15,1,171,2,284,17,174,1,21,5,22,0,18,1,145,1,15,3,327,2,462,29,187,1,77,5,12,0,69,3,18,0,2,0,26,0,32,1,179,3,60,12,10,2,39,5,265,3,28,8,489,4,487,45,7,0,0,0,2,0,9,1,0,1,0,0,2,0,2,1,1,0,0,0,0,0,0,0,3,0,0,0,1,0,2,0,11,0,2,0,2,0,12,2,3,0,0,0,0,0,5,0,14,0,8,0,2,0,4,1,12,1,3,0,21,0,37,6,6,27,0,17,0,6,1,10,0,9,0,3,1,3,0,11,2,4,0,3,0,1,0,1,3,16,1,3,2,9,0,18,1,2,0,1,0,1,0,0,0,0,0,0,0,0,0,0,0,1,0,4,1,0,0,4,0,2,0,0,0,1,0,5,37,285,2,424,6,11,0,242,5,37,0,17,4,31,0,182,2,8,0,21,0,0,0,6,4,36,0,15,3,44,0,175,17,426,1,414,2,19,1,192,0,21,0,11,1,15,1,183,33,266,1,194,1,8,2,91,11,200,1,147,5,153,9,590,Grade 3
Medial Femur of G3_9.jpg,391,10,160,13,152,2,178,20,76,1,14,1,197,0,262,19,156,1,11,3,25,0,16,2,152,2,17,0,402,1,490,22,155,1,63,6,14,0,44,5,17,1,4,0,7,0,24,0,160,2,44,8,23,1,33,6,304,3,20,5,450,3,473,53,3,0,2,1,6,0,2,1,1,0,0,0,2,0,4,0,0,0,0,0,0,0,0,0,3,0,0,0,2,0,2,0,4,3,4,2,5,0,10,0,1,0,0,0,1,0,5,1,17,0,5,1,1,0,5,0,20,0,3,0,22,0,41,3,2,25,1,24,0,5,0,13,1,3,0,1,1,6,0,8,1,3,0,3,0,0,0,1,0,8,0,3,1,2,0,20,0,3,0,2,0,0,0,0,0,0,0,0,0,0,0,0,1,2,0,1,0,0,0,0,0,1,0,0,0,3,0,5,25,359,0,469,3,14,2,286,7,35,0,18,7,34,2,195,3,9,0,17,0,0,2,8,4,45,0,14,4,37,1,147,24,489,1,440,4,18,0,179,1,21,0,8,2,15,1,159,17,280,1,211,1,8,0,84,16,190,0,139,10,129,2,546,Grade 3
Medial Femur of G4_1.jpg,535,9,162,17,149,1,148,14,120,2,21,2,138,1,266,23,151,8,13,2,27,0,30,2,131,4,21,6,345,3,401,26,196,1,85,9,22,0,53,6,23,1,0,0,19,1,39,3,156,3,59,11,20,0,46,17,271,0,32,12,408,2,493,55,11,0,3,1,3,1,4,0,2,0,0,0,1,0,5,1,3,0,1,0,0,0,2,0,1,0,0,0,0,0,2,0,21,1,10,0,5,0,6,0,4,0,0,0,2,0,6,2,30,1,3,0,1,0,5,2,20,1,8,3,31,2,42,4,5,21,0,23,1,3,1,28,2,7,1,1,1,3,1,19,0,4,0,2,0,1,0,2,0,6,1,2,1,8,1,16,2,0,0,2,0,0,0,1,0,1,0,0,0,1,0,0,0,3,0,1,0,0,0,0,1,3,1,4,0,2,0,7,20,287,3,323,4,16,6,262,11,59,0,16,4,36,1,182,0,14,0,15,1,1,0,17,7,40,1,17,3,51,3,171,28,324,1,342,2,25,2,182,3,16,0,15,1,23,0,142,21,260,1,199,4,8,1,121,12,188,3,148,20,152,8,716,Grade 4
Medial Femur of G4_2.jpg,477,12,172,17,179,3,175,9,102,2,17,2,143,0,267,27,169,5,12,5,22,1,14,2,132,1,25,3,365,2,422,28,145,2,88,9,14,0,58,3,24,0,4,0,16,1,40,7,147,3,55,6,15,0,38,16,263,5,27,8,404,3,476,58,14,1,1,0,1,0,4,1,0,0,0,1,2,0,2,1,1,1,0,0,0,0,0,0,1,0,0,0,1,0,2,0,14,0,9,0,4,0,6,0,3,0,0,0,3,0,10,1,20,0,12,0,2,0,9,0,23,1,7,1,19,0,44,4,3,20,1,18,2,1,1,25,1,4,0,0,2,6,1,25,1,6,0,2,0,0,1,2,0,5,0,2,1,5,1,11,0,1,1,2,0,0,0,3,0,0,0,0,0,0,0,1,0,3,0,0,0,0,1,0,0,6,0,1,0,2,1,7,26,281,3,349,3,17,2,269,18,44,1,10,12,56,3,209,0,12,0,11,1,3,0,6,1,35,0,18,5,44,6,135,29,387,0,393,3,10,0,183,3,10,0,10,3,20,1,160,23,265,0,215,0,13,3,105,20,218,2,187,12,153,8,636,Grade 4
Medial Femur of G4_3.jpg,255,4,141,10,146,0,135,28,70,0,10,1,97,0,291,15,136,5,8,1,37,0,16,5,81,0,24,3,441,1,499,26,128,4,80,7,6,0,48,10,13,0,1,0,8,0,39,6,125,2,46,9,21,0,35,6,297,2,44,8,508,1,588,68,12,0,1,1,9,0,4,0,0,0,0,0,3,1,5,0,2,0,0,1,0,0,0,0,0,0,1,0,0,0,0,0,6,0,3,1,1,0,1,3,1,0,0,0,0,0,5,1,14,4,5,2,3,0,9,0,12,1,2,1,27,0,45,10,3,16,0,11,0,2,0,11,0,3,0,1,0,2,1,13,1,1,0,2,0,0,0,2,0,5,0,3,0,4,0,8,0,4,0,0,0,0,0,1,0,1,0,0,0,0,0,0,1,3,0,1,0,0,0,1,0,0,0,2,0,2,0,4,25,275,1,468,1,10,2,265,4,33,0,18,6,26,2,235,1,18,1,7,1,0,0,3,1,28,0,8,4,29,0,147,18,523,2,558,1,15,3,222,3,12,0,8,5,18,1,146,10,281,2,239,1,4,0,81,13,223,0,140,9,138,1,603,Grade 4
Medial Femur of G4_4.jpg,388,6,195,10,169,2,171,18,69,2,11,1,123,1,262,15,143,2,21,3,31,1,14,2,131,9,17,0,387,1,510,16,184,2,106,2,8,0,48,6,16,0,2,1,20,0,25,5,146,2,47,10,19,1,32,8,258,1,32,7,451,2,527,47,6,0,1,0,7,0,1,0,0,0,0,0,0,1,3,1,0,0,0,0,0,0,1,1,1,0,0,0,1,0,2,0,7,0,10,2,5,0,8,0,0,0,1,0,1,0,6,0,13,0,5,2,1,0,4,0,21,1,4,0,17,0,37,8,2,26,0,22,0,2,1,18,1,3,0,2,0,1,0,8,0,2,0,0,0,0,0,0,0,12,0,1,0,5,0,12,2,0,0,1,0,0,0,0,0,0,0,0,0,0,0,0,0,7,1,1,0,0,0,2,0,3,0,0,1,1,0,5,30,309,0,409,4,11,1,247,8,57,0,16,10,44,1,206,2,13,0,4,0,1,0,9,3,33,0,15,5,49,2,174,13,468,0,432,0,12,2,203,0,14,0,2,1,22,2,127,5,257,1,204,0,5,2,89,17,218,2,155,14,172,6,626,Grade 4
Medial Femur of G4_5.jpg,414,6,170,9,197,0,157,26,85,0,24,3,135,0,277,14,134,1,10,4,26,0,18,1,115,3,25,3,349,5,466,34,132,2,73,6,10,0,46,4,10,0,5,0,10,2,31,3,175,1,60,8,19,0,37,6,283,3,29,3,442,5,550,42,10,0,3,0,6,0,3,0,1,0,0,0,4,0,1,0,1,0,0,0,1,0,1,0,1,0,0,0,2,0,2,1,16,2,4,1,3,0,6,1,3,1,0,0,2,0,7,0,25,0,8,3,2,0,4,0,19,1,1,1,30,0,37,3,4,16,1,15,0,3,1,19,1,6,0,3,1,6,0,10,0,2,0,5,0,0,0,1,0,8,0,1,1,4,0,10,1,1,0,0,0,2,0,2,0,0,0,0,0,0,0,0,0,1,0,0,0,0,0,0,1,2,0,1,1,4,0,9,19,315,1,423,6,9,3,279,8,43,0,14,2,52,0,210,1,14,1,17,1,0,0,4,7,33,0,15,1,44,1,131,13,455,0,436,4,11,0,199,2,17,1,8,1,23,1,129,10,278,0,200,3,10,3,96,20,208,0,153,15,159,5,619,Grade 4
Medial Femur of G4_6.jpg,376,6,146,8,154,2,141,20,80,1,21,1,142,1,294,21,133,3,15,7,29,0,16,2,135,2,23,3,436,1,565,31,132,3,61,5,9,0,44,3,17,0,1,0,6,0,26,4,179,4,58,7,15,0,41,6,291,3,37,4,501,3,497,43,7,1,1,0,2,0,7,0,0,1,1,0,1,0,3,2,1,0,0,0,0,0,0,0,2,0,0,0,2,0,2,0,16,0,3,0,7,0,5,0,3,1,0,0,4,0,4,1,21,2,5,1,0,0,7,0,7,1,3,0,31,0,30,2,3,16,1,19,0,3,1,14,0,5,0,0,1,1,1,16,0,1,0,2,0,0,0,1,0,7,0,0,1,6,0,17,0,1,0,1,0,0,0,0,0,0,0,1,0,0,0,0,0,4,0,2,0,0,0,2,0,2,0,1,0,2,0,2,32,316,2,457,5,13,1,271,9,45,0,9,4,35,0,188,0,11,0,6,0,0,1,5,4,35,0,14,6,33,2,139,22,489,3,452,1,13,3,210,0,13,0,6,1,15,4,127,14,245,1,214,2,10,1,89,15,188,1,156,12,151,7,557,Grade 4
Medial Femur of G4_7.jpg,448,11,163,12,160,2,163,13,76,0,10,2,148,1,286,29,144,3,14,1,29,1,14,2,167,1,19,2,371,1,484,33,177,1,81,9,13,0,56,6,14,0,3,0,19,0,29,4,174,2,42,9,22,0,40,8,266,5,29,2,429,0,494,39,10,0,1,1,5,0,6,0,2,0,0,0,2,0,4,1,0,0,1,0,0,0,0,0,1,0,1,0,1,0,0,0,11,0,3,1,3,0,13,1,0,0,1,0,3,0,3,1,16,3,2,0,2,0,5,0,17,1,6,1,19,0,25,5,2,21,0,29,1,2,0,17,1,10,0,1,0,2,0,13,2,1,1,2,0,1,0,1,1,6,0,2,1,2,2,17,0,3,0,2,0,0,0,1,0,0,0,0,0,1,0,0,0,5,0,2,0,0,0,1,0,0,0,1,0,0,0,6,27,330,2,393,5,10,4,267,9,37,0,16,5,32,1,175,4,18,0,11,0,0,0,10,5,45,0,16,2,40,2,152,13,460,0,479,2,12,2,203,2,9,0,10,5,12,0,129,16,286,1,202,2,7,1,97,16,219,0,148,6,135,8,580,Grade 4
Medial Femur of G4_8.jpg,453,15,209,13,153,1,149,17,119,4,19,1,143,0,276,19,145,2,23,1,15,1,15,3,123,1,23,4,292,1,422,23,244,2,96,5,12,0,57,8,16,0,3,0,24,1,35,1,151,3,60,8,17,0,33,4,273,2,33,9,387,2,423,31,11,0,3,0,2,0,10,1,3,0,0,0,3,0,6,1,0,0,0,0,0,0,0,0,3,0,2,1,1,0,4,1,11,2,5,1,1,0,9,2,3,0,0,1,3,0,5,1,6,0,12,2,2,0,9,2,23,1,4,0,20,2,45,5,4,20,1,20,0,1,1,19,1,2,0,0,2,5,1,17,1,6,0,4,0,0,0,4,1,7,0,1,1,3,0,16,1,2,1,0,0,1,0,0,0,0,0,0,0,0,0,0,0,1,0,3,0,0,0,4,0,3,0,3,1,0,0,6,30,288,3,396,2,13,7,222,3,44,1,22,7,31,1,209,3,18,0,15,1,0,1,13,5,41,0,24,3,62,3,181,27,402,2,385,4,16,4,185,1,17,0,7,2,29,0,160,14,241,1,181,0,10,1,108,21,223,1,164,8,220,9,691,Grade 4
Medial Femur of Nor_1.jpg,301,13,181,8,135,2,103,23,89,2,13,3,99,0,271,16,141,9,10,0,36,1,23,11,97,2,16,0,349,1,471,30,163,3,98,3,7,0,36,14,23,0,3,0,11,0,46,5,130,7,51,7,17,0,23,11,306,5,47,8,480,2,575,85,14,1,1,1,3,0,3,3,1,0,0,0,4,0,1,0,4,0,1,0,1,0,0,1,0,0,0,1,4,0,2,6,5,3,7,3,4,0,4,4,0,0,2,1,3,0,12,3,27,2,8,1,8,0,6,4,29,0,4,4,42,1,41,13,3,19,0,28,0,2,1,14,2,2,0,1,0,3,1,19,1,5,0,0,0,1,0,5,0,3,0,4,1,3,0,11,0,0,1,2,0,0,0,1,0,0,0,0,0,2,0,0,1,2,0,1,0,1,0,4,0,5,0,2,0,2,0,9,17,215,3,339,2,13,2,280,5,41,0,19,5,25,0,206,2,9,0,15,1,1,1,8,2,29,0,14,4,34,4,185,35,370,1,479,1,9,2,240,4,13,0,13,1,14,1,154,12,254,0,232,0,3,1,118,16,218,2,137,13,163,6,731,Normal
Medial Femur of Nor_10.jpg,424,10,183,13,171,2,154,20,78,0,11,0,143,1,301,17,165,4,18,4,33,1,18,2,156,3,17,1,375,1,535,25,161,0,92,6,15,0,48,9,18,0,3,1,15,0,27,2,167,5,53,10,13,1,33,6,264,2,35,6,528,1,594,40,4,0,0,1,6,0,3,2,1,0,0,0,0,0,4,0,0,0,0,0,1,0,0,0,0,0,0,0,1,0,3,1,12,0,4,1,4,0,10,1,1,0,0,0,0,0,4,0,19,0,6,0,1,0,8,0,23,0,1,0,29,1,58,1,2,20,0,18,0,0,0,11,1,6,0,0,2,2,0,14,1,5,0,9,1,0,0,1,0,5,0,5,1,4,0,11,0,0,0,3,0,1,0,1,0,0,0,0,0,0,0,2,0,1,0,1,1,0,0,1,0,3,0,1,0,3,0,7,14,263,2,343,2,18,5,268,7,39,0,21,5,32,1,198,1,12,0,11,1,1,1,6,1,35,0,19,2,30,2,125,20,412,1,423,3,15,2,193,0,13,0,8,3,19,1,160,9,288,0,219,1,7,0,107,12,193,1,146,6,136,8,534,Normal
Medial Femur of Nor_11.jpg,432,11,140,9,175,2,187,23,103,2,15,5,146,0,305,30,132,3,10,4,31,0,16,2,137,0,21,6,352,2,406,23,139,3,51,6,9,0,47,4,17,0,3,1,16,1,41,5,187,1,47,13,31,0,46,8,299,2,37,4,391,4,503,42,12,0,2,2,5,0,5,1,1,0,0,0,1,0,1,0,2,1,0,0,0,0,0,0,2,0,1,0,1,0,1,1,14,0,6,0,1,0,10,2,5,0,2,0,4,2,5,1,25,2,6,2,5,0,10,3,26,1,3,1,26,0,61,5,4,17,0,25,0,2,0,19,0,9,0,3,0,2,0,20,0,6,0,1,0,0,0,2,1,7,0,1,1,6,0,18,0,4,0,2,0,1,0,0,0,0,0,0,0,0,0,1,0,6,0,0,0,0,0,2,1,2,0,3,1,1,0,10,28,316,0,361,2,12,6,297,8,44,0,17,7,44,1,199,0,18,0,17,0,0,1,11,4,47,0,18,6,33,2,111,14,382,0,423,1,15,2,221,0,13,0,9,5,18,1,159,18,309,0,206,2,11,2,106,13,225,0,151,10,122,8,612,Normal
Medial Femur of Nor_12.jpg,529,15,261,15,151,1,168,26,131,2,22,3,135,4,264,29,173,4,19,1,21,0,21,4,139,1,22,4,267,0,320,24,236,8,116,6,14,0,45,7,27,2,5,0,27,0,38,7,153,8,41,13,15,1,47,7,241,8,36,13,300,7,374,45,20,0,8,0,2,1,5,2,4,0,2,1,2,2,5,0,4,2,0,0,0,0,0,0,1,0,1,0,1,1,4,0,13,1,7,0,4,0,11,1,5,1,2,1,2,0,12,3,21,0,7,2,1,0,6,1,29,0,6,2,26,3,42,9,7,37,0,18,1,2,1,14,0,7,0,4,0,3,0,14,1,9,1,4,0,0,1,2,0,4,0,1,0,8,1,18,3,1,0,0,0,0,0,2,2,0,0,1,1,0,0,4,0,5,0,2,0,1,0,5,1,2,0,4,1,3,1,13,33,241,3,266,2,15,6,229,13,52,2,20,7,53,4,216,3,20,0,12,0,1,0,16,9,41,2,18,6,53,3,212,25,284,3,284,1,25,3,173,2,25,0,10,4,25,2,156,20,216,4,198,3,8,6,125,19,231,0,154,18,264,17,819,Normal
Medial Femur of Nor_13.jpg,404,9,173,9,161,1,185,23,110,0,20,2,124,2,276,29,152,4,13,5,41,0,21,1,131,2,19,2,334,1,407,27,136,5,88,3,18,1,54,5,14,1,4,0,22,1,39,1,164,3,51,4,32,1,37,11,274,3,20,12,390,4,556,50,16,0,1,2,7,1,2,0,1,0,0,0,3,0,0,0,3,0,0,0,1,0,1,1,1,0,0,0,3,0,2,0,22,0,7,1,5,0,7,2,5,0,1,0,5,0,6,2,26,0,6,3,4,0,6,1,17,0,5,1,24,2,56,3,4,25,1,23,2,1,1,16,0,7,0,2,2,3,1,12,1,5,0,4,0,1,2,1,2,12,0,2,1,8,0,12,0,1,0,0,0,0,0,0,0,0,0,0,0,0,0,0,1,4,0,2,0,1,0,4,0,3,0,1,0,2,0,11,34,273,2,360,4,22,6,284,8,47,2,18,4,33,3,206,1,11,1,12,0,0,2,11,7,35,0,17,5,28,4,138,16,375,2,404,3,14,3,221,3,14,0,16,0,14,0,141,15,270,1,189,0,10,0,111,18,242,0,185,11,154,10,646,Normal
Medial Femur of Nor_14.jpg,389,14,177,7,128,1,172,16,73,3,13,2,128,1,311,26,165,0,11,3,29,0,19,1,152,0,11,3,360,1,461,23,188,0,91,7,13,0,50,5,21,0,3,0,22,0,37,4,171,6,40,6,26,0,38,3,260,1,29,4,510,2,545,44,9,0,2,0,2,0,3,1,1,0,0,0,1,0,2,0,0,0,0,0,0,0,0,0,0,0,0,0,1,1,0,0,14,1,7,2,5,0,6,0,3,0,1,0,3,0,6,1,17,0,3,2,2,0,7,0,23,1,1,0,19,0,40,8,7,20,0,19,1,2,0,17,2,3,0,2,0,5,0,11,1,4,0,3,0,0,0,1,0,16,0,3,3,2,0,13,1,2,0,2,0,0,0,1,0,0,0,0,0,0,0,0,0,0,0,0,0,0,0,2,1,3,0,2,1,1,0,5,17,255,1,462,7,8,3,296,5,44,0,16,8,36,1,177,2,9,0,15,0,0,0,6,4,48,0,18,4,41,1,166,15,389,2,449,3,8,0,210,0,10,0,5,3,17,1,160,23,286,1,210,3,4,2,90,12,218,0,132,9,157,6,549,Normal
Medial Femur of Nor_15.jpg,332,10,129,8,164,2,165,23,95,1,17,0,149,2,321,23,143,4,10,7,34,0,17,2,159,1,22,4,414,0,466,27,110,0,74,5,12,0,44,10,15,1,2,0,13,1,33,3,167,8,35,9,23,0,45,8,306,1,41,8,477,3,599,47,12,0,1,1,5,0,2,1,0,0,0,0,3,0,1,2,1,0,0,0,0,0,1,0,0,0,0,0,2,0,2,0,18,2,5,1,3,0,8,3,1,0,3,0,2,0,6,0,18,0,5,2,3,0,6,0,28,2,5,1,27,0,47,3,2,13,0,25,0,2,1,16,1,7,0,0,1,2,0,16,1,4,0,3,0,0,0,0,1,6,0,1,1,4,0,20,0,1,0,1,0,0,0,0,0,0,0,0,0,1,0,2,0,2,0,1,0,0,0,0,0,0,0,0,0,5,0,5,23,257,3,385,3,9,1,292,7,29,0,16,6,34,2,213,4,10,0,10,0,0,1,4,4,33,0,17,1,37,1,116,29,421,0,465,1,12,3,207,1,12,0,11,3,17,1,128,11,284,1,256,0,8,0,86,15,226,2,148,10,119,7,570,Normal
Medial Femur of Nor_16.jpg,335,9,135,11,143,2,157,25,71,0,11,1,120,1,295,24,153,3,12,3,35,0,17,4,139,1,14,1,389,3,496,30,128,2,80,6,8,0,49,9,19,0,2,2,18,1,32,1,138,6,37,6,21,0,35,5,296,6,30,12,502,0,584,44,10,0,2,0,9,1,1,0,1,0,0,0,1,0,4,0,0,0,0,1,0,0,0,1,0,0,0,0,0,0,1,0,12,0,6,0,3,0,11,3,2,0,0,0,0,0,6,0,18,0,4,0,3,0,6,2,12,0,3,0,18,0,29,3,2,21,0,15,0,0,1,11,0,9,0,1,0,3,0,15,0,3,0,2,0,0,0,1,0,5,0,4,0,3,0,11,0,1,0,0,0,0,0,0,0,0,0,0,0,0,0,0,0,0,0,2,0,0,0,0,2,3,0,1,0,2,0,7,19,273,2,472,1,14,1,297,8,37,1,15,4,38,0,228,1,13,0,10,0,0,0,7,6,34,0,11,3,43,3,128,16,418,2,543,1,5,1,245,0,16,0,5,3,13,1,142,17,255,1,215,1,5,0,101,17,236,1,115,8,142,4,586,Normal
Medial Femur of Nor_17.jpg,388,11,133,12,172,1,156,26,85,0,21,2,136,0,269,17,137,1,10,2,32,0,17,0,141,1,16,2,408,1,489,30,144,1,76,4,11,0,53,9,20,0,3,1,15,0,33,1,172,2,55,11,18,0,31,9,260,3,38,10,488,2,565,46,8,0,4,0,7,1,4,0,1,0,1,0,3,1,7,1,0,1,1,0,0,0,0,0,2,0,0,0,3,0,3,0,12,1,4,1,1,0,5,1,2,0,1,0,6,0,4,1,20,0,2,2,3,1,4,1,20,2,3,2,26,1,52,2,2,15,0,14,0,2,0,14,0,5,0,2,1,4,1,15,1,5,1,2,0,0,0,0,0,7,0,1,0,2,0,9,1,0,0,0,0,0,0,1,0,2,0,1,0,0,0,2,0,2,0,0,0,0,0,2,0,4,0,0,0,2,1,3,22,281,1,440,4,14,0,252,5,31,0,8,8,27,1,225,0,17,0,12,0,0,0,4,4,40,0,18,3,39,3,144,27,389,1,483,1,11,1,207,3,14,0,8,3,23,0,142,12,283,1,227,2,3,0,115,17,207,0,150,16,126,6,571,Normal
Medial Femur of Nor_18.jpg,393,8,156,11,151,1,143,25,88,0,27,4,128,2,275,27,163,2,14,7,31,0,15,1,123,0,17,1,388,2,485,26,143,1,80,8,14,0,50,8,14,0,1,0,18,0,33,3,162,3,34,6,21,0,30,8,299,2,32,8,556,5,531,57,8,1,2,0,4,0,9,0,1,0,0,1,2,0,2,0,1,0,0,0,0,0,1,0,0,0,0,0,2,0,0,1,14,0,6,1,1,0,7,0,2,0,0,0,3,0,8,1,21,3,9,3,4,0,6,2,19,0,4,1,36,0,52,5,3,16,1,20,0,4,1,19,1,7,0,2,0,4,0,17,1,0,0,2,0,0,0,0,1,4,0,1,0,1,1,9,0,0,0,1,0,0,0,0,1,0,0,0,0,0,0,1,0,2,0,3,0,0,0,0,0,2,0,0,0,3,0,4,26,278,0,404,2,18,1,277,4,40,1,16,8,37,2,235,0,15,0,12,0,2,0,8,9,37,1,13,6,32,0,158,22,414,0,444,2,13,0,188,2,15,0,4,1,22,1,152,10,258,0,204,1,7,0,94,17,197,0,142,12,144,7,570,Normal
Medial Femur of Nor_19.jpg,424,13,204,14,144,0,158,22,75,0,17,1,105,3,277,24,184,3,16,2,26,0,16,5,122,2,21,1,340,2,432,28,192,2,115,4,12,1,36,9,27,0,7,1,24,0,40,4,157,2,51,12,19,0,41,7,278,3,24,4,482,3,507,42,8,0,1,0,6,1,6,0,0,1,0,0,4,0,1,0,0,0,1,0,0,0,0,0,3,0,1,0,1,0,1,0,16,0,4,0,5,1,6,4,3,0,4,0,3,1,3,4,23,0,12,0,5,0,8,1,17,0,4,1,22,0,45,3,2,24,2,17,0,2,0,9,1,7,0,1,1,6,0,12,0,3,0,4,0,0,0,0,0,11,0,2,1,3,0,14,1,2,0,1,0,0,0,3,0,0,0,0,0,1,0,0,1,1,0,0,0,1,1,3,1,1,0,3,0,2,0,9,26,294,2,416,6,12,1,249,5,47,1,14,7,44,3,203,1,12,0,11,0,0,0,9,2,31,0,18,14,33,2,167,19,368,1,395,4,13,2,215,0,22,0,9,3,20,1,150,22,252,0,200,1,7,1,92,19,203,1,145,9,178,7,642,Normal
Medial Femur of Nor_2.jpg,336,9,132,7,141,1,179,20,91,0,16,4,126,1,297,18,152,4,10,4,33,0,13,4,122,1,13,3,382,2,500,31,179,1,92,6,7,0,52,5,15,1,1,0,11,0,35,8,162,1,47,8,20,0,47,6,289,1,32,6,499,0,565,50,11,0,0,0,3,0,2,0,0,0,0,0,1,0,2,0,1,0,0,0,0,0,1,0,1,0,0,0,2,0,3,1,9,1,5,1,1,0,9,4,1,1,1,0,3,0,9,1,15,0,4,0,3,0,11,1,21,1,1,2,20,1,47,7,4,21,0,12,0,1,1,13,1,3,0,0,0,4,1,7,0,1,0,2,0,0,0,2,1,7,0,1,0,3,0,19,1,0,0,1,0,0,0,2,0,0,0,0,0,0,0,1,0,0,0,2,1,0,0,1,1,2,0,0,0,3,0,8,29,278,1,424,2,10,0,264,9,48,0,11,5,38,3,204,2,16,0,10,0,1,0,3,1,33,1,10,4,33,0,155,19,448,2,492,2,17,0,217,1,25,0,7,3,13,0,157,15,274,0,228,2,3,1,89,18,201,0,117,10,135,5,572,Normal
Medial Femur of Nor_20.jpg,406,8,155,14,165,2,171,23,99,0,16,3,128,2,288,24,140,3,13,3,33,0,15,1,155,1,20,2,374,1,449,23,145,2,75,6,17,0,51,9,15,0,5,0,18,1,33,5,158,3,48,11,15,0,41,6,334,3,30,10,418,1,529,48,11,0,1,0,3,0,5,1,1,0,0,0,0,0,2,0,0,0,0,1,0,0,0,0,0,0,1,0,0,1,1,2,14,1,7,2,3,1,10,3,3,1,0,0,4,0,8,0,17,0,4,0,3,0,8,1,22,1,3,2,29,1,44,4,7,23,1,20,1,3,0,14,0,9,0,2,2,4,0,15,1,2,0,5,0,1,0,2,1,2,0,2,0,5,0,14,1,1,1,3,0,0,0,3,0,0,0,0,0,0,0,0,1,2,0,4,1,1,0,3,0,4,0,1,2,2,1,6,26,296,2,338,5,16,2,289,3,49,1,17,2,50,2,229,1,13,0,14,0,0,0,7,6,29,0,18,7,45,2,130,30,386,2,395,3,13,3,243,1,10,0,6,3,20,1,133,17,294,3,205,1,7,5,87,13,244,0,141,10,113,4,636,Normal
Medial Femur of Nor_21.jpg,418,7,140,12,169,1,167,9,97,0,15,2,181,2,285,28,155,5,10,1,27,0,19,2,157,1,11,2,408,0,383,27,149,1,62,10,14,0,50,8,22,0,3,1,17,1,32,10,158,2,55,4,13,0,50,13,302,6,51,9,403,3,524,42,9,0,5,0,3,0,6,0,2,0,0,0,0,0,3,0,4,0,0,0,0,0,1,0,3,0,0,0,0,0,3,0,13,0,11,1,3,0,10,2,0,0,0,0,3,0,6,1,13,0,10,2,2,0,4,4,17,1,4,1,28,0,34,7,3,27,0,19,2,2,1,19,0,9,0,0,0,8,1,10,1,5,0,2,0,0,0,1,0,6,0,4,1,5,1,14,0,4,0,2,0,0,0,1,0,1,0,0,0,0,0,1,0,6,0,1,0,0,0,2,0,3,0,0,0,2,0,12,26,309,1,398,4,12,2,251,9,46,0,16,11,43,5,230,2,13,0,16,2,2,1,4,8,34,0,19,3,23,0,153,22,383,1,410,3,8,1,201,1,16,1,12,1,21,0,140,21,255,2,192,0,9,1,137,11,238,0,140,17,163,6,597,Normal
Medial Femur of Nor_22.jpg,337,12,125,3,154,1,159,22,86,0,16,2,133,0,289,25,140,3,10,5,31,1,15,5,111,0,14,3,454,1,547,25,127,3,70,5,8,0,44,3,20,0,3,0,12,0,38,2,150,4,45,16,24,0,32,3,300,5,32,6,491,2,607,46,5,0,0,0,8,0,2,0,1,0,0,0,0,0,4,0,0,0,0,1,1,0,2,0,0,0,1,0,1,0,2,0,8,0,4,0,3,0,10,2,4,0,1,0,2,0,5,1,17,0,5,0,1,0,4,2,20,1,4,0,20,0,35,10,1,15,0,18,0,0,0,11,1,1,0,1,0,7,0,6,0,3,0,2,0,0,0,0,0,6,0,5,0,1,1,12,1,3,0,0,0,1,0,1,0,0,0,0,0,0,0,0,0,6,0,1,0,0,0,0,0,0,1,1,0,1,1,9,15,263,1,470,4,7,0,279,13,34,0,14,9,28,3,199,0,7,0,10,0,0,0,6,1,27,0,17,5,25,2,118,22,434,3,505,0,17,3,202,1,15,0,3,4,18,1,162,15,277,0,243,1,9,0,79,9,205,0,158,9,143,4,571,Normal
Medial Femur of Nor_23.jpg,305,15,185,9,144,1,123,15,95,3,24,0,95,2,287,20,148,5,11,2,33,0,25,6,100,2,25,4,340,6,447,27,206,4,116,7,11,0,45,9,28,0,6,1,8,1,53,3,129,3,40,6,12,0,18,4,296,0,56,10,507,3,572,66,11,0,4,1,6,0,6,1,3,0,2,0,2,0,6,1,2,0,0,0,0,0,0,0,2,0,0,1,3,0,4,2,8,0,2,1,5,0,5,2,7,0,0,0,2,0,6,4,25,3,5,3,7,0,9,1,19,0,1,3,28,1,41,8,3,10,1,17,0,1,0,11,0,2,0,0,0,1,0,15,0,0,0,3,0,1,0,2,0,2,0,1,2,6,0,14,0,1,0,0,0,0,1,0,0,0,0,0,0,0,1,0,1,1,0,4,0,0,1,0,1,1,1,1,0,5,0,5,18,180,2,385,4,17,1,229,9,31,0,15,3,18,7,219,2,12,0,11,0,0,1,3,5,25,0,21,5,36,4,212,24,360,0,496,5,13,3,234,5,18,0,8,2,16,1,158,18,248,1,213,2,3,2,86,15,217,2,149,10,206,8,710,Normal
Medial Femur of Nor_24.jpg,422,6,206,10,153,3,160,17,80,3,21,4,129,2,260,18,136,4,8,4,16,0,23,2,115,2,19,2,371,2,489,22,204,1,112,8,10,0,46,4,10,0,3,1,24,0,27,1,155,5,50,4,12,0,34,18,258,3,35,4,493,0,499,46,12,0,0,0,6,0,1,0,2,0,0,0,1,0,2,0,0,0,0,0,0,0,0,0,0,1,0,1,1,0,1,1,9,0,6,1,3,0,14,2,0,0,0,0,2,0,4,0,16,0,7,0,1,0,7,1,19,3,4,0,23,0,42,10,5,11,0,5,1,0,2,9,1,8,0,1,1,7,2,13,0,1,0,3,0,0,0,0,0,5,0,1,0,1,0,12,0,0,0,0,0,0,0,1,0,0,0,0,0,1,0,0,1,6,0,1,0,1,0,0,2,1,0,0,2,1,0,6,23,276,1,515,7,6,2,268,4,37,1,16,6,31,3,217,2,12,1,15,0,0,0,6,5,27,0,14,7,42,2,190,21,462,0,435,4,14,5,182,1,19,0,6,6,18,2,140,20,263,0,180,0,5,1,79,17,189,0,150,5,182,5,563,Normal
Medial Femur of Nor_25.jpg,391,6,169,10,137,0,172,15,77,0,12,2,144,0,273,23,161,3,11,3,29,0,17,5,128,3,14,3,364,1,487,26,177,3,111,3,16,1,55,8,25,0,2,1,22,0,34,2,157,1,34,5,17,0,41,3,272,4,23,4,540,2,484,40,3,0,0,1,6,0,4,0,2,0,0,0,2,0,1,0,2,0,0,0,0,0,0,0,0,0,0,0,1,0,0,0,7,0,7,1,5,0,6,0,2,1,0,0,3,0,7,1,12,0,4,2,0,0,4,1,15,0,0,0,19,0,46,3,2,19,0,16,1,1,0,9,2,8,0,2,0,6,0,14,0,4,0,2,0,0,0,0,1,6,0,2,1,4,0,12,1,3,0,0,0,0,0,0,0,1,0,0,0,0,0,0,0,3,0,2,0,0,0,2,0,2,0,0,0,0,0,6,18,297,0,533,3,9,2,278,3,40,0,15,7,34,1,218,0,9,0,10,0,3,1,10,2,51,0,17,4,39,2,146,24,441,0,484,0,11,3,208,0,13,0,8,2,14,4,154,14,262,1,205,0,7,1,92,20,228,0,137,17,145,5,575,Normal
Medial Femur of Nor_26.jpg,423,10,161,6,198,3,169,22,86,0,21,4,136,3,298,23,123,3,11,2,32,1,18,5,126,1,27,1,349,0,537,28,142,2,63,9,15,0,33,9,14,2,1,0,5,0,28,5,162,1,59,8,20,0,33,6,299,1,52,9,446,1,485,41,9,0,1,2,5,0,7,0,2,1,0,0,1,0,4,1,2,1,0,0,0,0,0,0,3,0,1,0,2,0,0,1,15,1,5,1,5,0,6,2,6,0,2,0,5,1,5,0,17,0,4,2,1,0,7,0,24,0,1,0,36,0,30,9,3,22,0,16,0,1,0,13,0,6,0,4,1,6,0,11,0,3,0,2,0,0,0,2,0,6,0,0,0,4,1,25,0,2,0,1,0,0,0,2,0,0,0,0,0,0,0,1,0,2,0,2,0,1,0,1,0,3,0,1,2,2,0,4,22,269,3,397,2,21,1,280,5,33,0,15,8,35,5,215,1,17,0,10,0,0,0,4,5,41,0,17,2,30,2,119,22,473,0,391,1,20,4,191,4,18,0,15,3,26,0,127,22,258,1,224,2,7,2,108,18,220,0,192,8,151,4,574,Normal
Medial Femur of Nor_27.jpg,392,8,224,16,148,0,148,27,101,4,24,1,124,2,258,28,144,1,16,4,25,1,17,6,114,5,15,5,321,1,432,37,214,7,113,13,9,2,31,4,19,0,3,0,16,1,46,9,126,5,46,11,17,1,39,8,290,4,32,3,459,3,486,49,11,1,6,3,5,0,7,0,2,0,0,0,1,0,6,0,1,0,0,0,0,0,1,0,1,1,0,0,4,1,3,0,12,0,8,0,2,0,5,1,2,0,0,2,4,0,6,0,31,1,4,1,2,0,9,4,16,0,1,2,20,1,38,10,6,19,1,24,1,4,3,15,1,7,0,0,1,4,1,12,1,3,0,2,0,1,1,3,1,9,0,3,1,5,0,9,0,2,1,1,0,0,0,2,0,0,0,0,0,0,0,0,3,4,0,3,0,0,2,4,1,2,1,0,1,4,0,14,24,219,2,364,6,10,3,245,4,38,1,12,4,34,2,207,0,12,0,12,0,0,0,9,2,30,0,21,6,51,4,215,17,337,3,397,7,17,5,182,0,27,0,6,1,16,2,144,17,254,1,238,0,10,3,101,13,234,1,155,15,201,10,716,Normal
Medial Femur of Nor_28.jpg,350,10,92,8,167,2,159,22,83,0,17,1,136,3,333,18,149,5,10,4,35,0,8,3,166,2,11,2,451,0,454,25,118,1,77,5,9,0,42,6,10,0,1,0,15,0,33,6,146,0,48,6,8,0,46,10,293,5,25,7,492,2,547,45,8,0,1,0,1,0,2,0,1,0,0,0,2,0,1,0,2,0,1,1,1,0,0,0,1,0,0,0,3,0,1,1,6,2,1,1,2,0,8,1,3,0,0,0,0,0,5,2,17,0,3,2,5,0,6,0,21,0,4,0,22,1,37,2,2,21,0,20,0,4,0,6,0,3,0,0,0,5,0,13,1,4,0,2,0,0,0,3,1,5,0,4,0,4,0,13,0,2,0,2,0,0,0,0,0,1,0,0,0,0,0,0,0,1,0,1,0,1,0,2,1,1,0,0,0,1,0,7,29,330,1,431,5,9,0,313,5,49,0,14,6,36,2,222,1,9,0,11,1,0,0,6,4,26,0,12,4,30,0,131,19,437,1,483,3,7,2,224,1,20,0,8,3,16,0,138,13,310,1,227,1,1,1,93,9,217,0,154,18,129,5,535,Normal
Medial Femur of Nor_29.jpg,488,8,160,10,167,0,159,21,107,4,20,3,165,0,311,21,151,5,19,3,32,0,15,6,152,2,12,4,282,3,333,28,172,0,82,4,11,2,45,11,19,0,4,1,20,0,42,5,182,1,48,14,15,0,44,9,290,5,34,9,381,3,376,52,8,1,5,2,2,0,3,0,0,0,0,0,2,0,6,2,0,0,0,0,0,0,0,0,2,0,0,2,1,0,5,2,13,1,7,1,3,0,5,3,4,0,0,0,2,1,9,2,24,2,13,3,3,0,7,0,12,3,3,1,24,1,41,5,7,30,1,24,1,3,1,21,1,6,0,1,1,6,1,18,0,3,0,6,1,0,1,0,1,10,0,4,1,4,1,22,1,1,0,2,0,0,0,1,0,0,0,1,1,0,0,1,0,3,0,2,0,0,1,0,0,2,0,4,0,2,0,14,35,276,1,348,7,19,8,282,7,43,0,14,5,33,1,223,2,18,1,14,1,2,0,11,3,42,1,29,9,51,2,182,27,347,2,342,2,19,3,188,2,15,0,10,2,26,4,157,16,280,0,206,4,8,0,114,25,221,0,152,19,180,13,727,Normal
Medial Femur of Nor_3.jpg,402,10,165,17,144,0,180,19,74,0,19,2,120,2,264,18,168,7,16,4,26,1,17,4,127,2,10,2,370,2,415,28,192,2,103,8,13,0,54,6,24,1,5,0,19,1,43,4,162,1,33,4,11,0,42,9,283,6,32,4,470,1,500,46,10,0,1,0,4,0,4,3,4,0,1,0,3,0,3,0,1,0,0,0,0,0,0,0,3,0,0,0,0,0,1,0,13,1,9,0,1,0,7,2,1,0,1,1,1,0,3,2,17,0,6,3,4,0,3,2,21,2,5,1,26,2,33,5,5,27,0,12,1,0,0,10,0,2,0,1,0,2,1,9,1,5,0,2,0,0,0,0,1,5,0,1,1,4,0,7,0,4,0,2,0,0,0,1,0,0,0,0,0,0,0,0,1,2,0,0,0,0,0,1,0,1,0,0,0,3,0,7,24,288,1,430,2,7,0,287,4,31,0,12,7,36,2,188,1,13,0,18,0,1,0,8,2,51,1,16,2,53,0,180,20,407,1,451,2,15,2,221,1,18,0,9,4,23,1,166,16,265,2,183,0,3,2,94,20,209,2,138,11,177,2,628,Normal
Medial Femur of Nor_30.jpg,460,24,218,8,149,0,140,21,101,1,26,5,124,4,262,28,155,5,11,1,23,0,16,2,116,4,18,3,290,1,378,28,278,3,119,5,14,0,48,7,25,2,7,2,19,0,30,6,125,8,48,15,19,0,36,10,271,8,30,6,388,5,439,60,14,1,5,2,6,0,5,1,5,0,0,0,3,0,2,1,2,0,1,0,0,0,1,0,4,0,3,2,3,0,5,0,8,4,4,2,4,0,6,2,6,0,0,1,3,1,6,2,19,1,9,2,3,0,6,0,15,0,5,3,25,0,49,15,6,27,2,20,0,3,0,19,1,7,0,2,2,1,1,13,1,3,0,4,1,1,0,2,0,4,0,3,2,6,1,12,0,1,0,2,0,0,0,1,0,1,0,0,0,0,0,1,1,4,1,1,0,0,1,8,4,4,0,3,0,3,0,11,26,246,7,340,5,17,6,226,14,38,0,16,6,43,10,220,3,6,1,17,0,2,0,10,4,35,0,25,8,62,3,261,25,349,2,278,4,19,4,190,2,19,0,10,1,28,0,159,19,211,1,183,2,7,4,94,17,209,1,139,15,238,14,787,Normal
Medial Femur of Nor_31.jpg,716,18,288,15,165,3,164,21,187,7,26,4,98,6,224,27,162,6,19,2,22,1,21,1,139,4,22,7,194,4,215,24,254,3,115,13,28,0,58,16,39,3,5,3,23,3,33,6,132,5,64,6,15,0,44,6,227,8,29,8,263,7,300,59,18,4,3,1,2,1,5,1,2,0,0,0,2,0,8,1,7,0,1,0,0,0,0,0,6,1,3,0,4,0,4,3,11,1,14,2,4,1,10,4,6,0,0,2,8,1,6,2,29,2,8,1,3,0,8,1,18,2,5,3,25,1,60,12,11,32,1,26,1,3,2,23,4,11,0,3,1,5,0,21,3,3,1,9,1,1,1,5,2,7,0,5,2,6,3,29,1,7,0,3,0,2,1,4,0,1,0,0,0,1,0,1,1,6,0,4,0,0,0,2,1,3,0,2,2,4,3,27,33,205,1,228,9,23,4,193,10,56,1,22,11,47,3,193,1,23,0,25,1,3,0,15,7,55,1,32,12,82,6,284,25,204,4,206,4,20,1,130,0,20,0,16,2,27,1,161,17,176,4,150,2,20,7,153,34,191,1,164,16,295,20,932,Normal
Medial Femur of Nor_32.jpg,407,19,193,10,175,3,128,25,100,3,26,3,107,2,259,24,148,7,10,2,37,1,14,6,116,2,19,1,292,4,336,33,211,3,109,11,5,0,53,13,25,0,14,3,21,1,48,5,147,5,53,9,25,1,35,9,284,4,54,11,369,1,560,68,15,2,3,1,8,0,6,1,1,1,0,0,1,0,4,0,3,0,1,0,0,0,1,0,4,1,0,0,5,0,1,3,15,1,7,3,6,1,10,1,2,0,1,1,0,0,6,4,23,4,6,1,6,0,14,2,20,1,2,3,28,1,63,14,9,16,2,19,1,0,1,15,1,5,0,0,0,2,1,14,0,5,0,7,0,0,0,1,1,8,1,2,1,6,2,18,0,1,0,5,1,0,0,2,1,1,0,0,0,0,0,1,1,2,0,3,0,0,0,1,1,6,0,1,4,5,0,18,27,211,3,313,6,13,2,222,9,42,0,23,9,33,1,240,4,11,1,13,0,1,0,11,5,30,2,19,5,28,4,226,29,319,3,353,2,11,3,226,0,19,0,9,2,30,2,139,14,218,2,192,3,5,4,106,22,249,1,139,12,205,12,787,Normal
Medial Femur of Nor_33.jpg,380,4,152,11,186,1,155,18,90,3,20,2,135,2,253,18,164,2,6,6,40,0,15,4,157,4,19,2,418,2,470,32,140,1,90,8,7,1,57,6,21,0,2,1,11,1,32,4,154,6,58,5,16,1,22,5,282,2,40,8,458,2,492,41,6,0,1,1,6,0,7,0,4,0,0,0,2,0,2,0,3,0,0,1,0,0,1,0,0,0,0,0,1,0,1,0,13,0,6,0,1,0,11,0,3,0,1,0,2,0,6,1,10,0,7,0,3,0,7,3,28,2,3,1,19,0,54,5,4,24,0,21,0,4,1,17,0,7,0,1,1,4,0,9,1,2,0,1,1,0,0,2,0,12,0,1,1,3,0,8,2,0,0,2,0,0,0,3,1,0,0,0,0,0,0,1,0,4,0,3,0,0,0,2,0,3,0,2,0,2,1,6,37,286,2,391,4,9,4,269,6,46,0,22,11,42,1,219,1,12,0,16,0,2,0,5,5,32,0,19,8,35,3,154,22,385,3,423,0,14,3,231,1,15,0,13,1,11,1,157,17,220,3,228,3,5,1,105,22,212,2,151,5,154,7,621,Normal
Medial Femur of Nor_34.jpg,516,15,218,6,160,1,150,21,100,1,26,7,122,6,238,35,180,4,23,6,28,1,21,4,140,4,22,2,281,0,389,24,258,4,109,2,10,0,48,3,18,0,4,1,13,0,27,5,158,6,51,15,21,0,35,11,296,3,34,8,322,1,425,41,14,0,1,3,7,0,4,1,2,0,0,0,1,0,6,1,1,0,0,0,2,0,0,0,3,0,2,0,3,0,7,2,12,1,7,2,1,0,8,2,8,0,0,0,0,1,3,2,17,0,6,2,2,1,10,3,20,1,6,3,28,1,57,6,6,27,0,22,1,2,2,13,4,8,0,1,0,7,0,19,0,8,0,2,1,0,0,5,0,6,0,1,0,9,2,13,1,5,1,2,0,0,0,2,0,0,0,0,0,0,0,1,1,2,0,0,0,0,0,1,1,2,1,2,1,5,0,10,23,245,5,340,2,18,5,244,10,49,0,23,9,46,6,223,1,18,0,14,0,1,1,10,2,43,1,26,2,67,4,270,25,340,1,293,1,14,1,185,1,17,0,8,1,19,1,155,24,216,0,182,5,7,5,116,18,230,1,150,21,252,12,744,Normal
Medial Femur of Nor_35.jpg,422,5,152,11,160,0,150,22,98,0,16,2,132,2,281,16,155,4,10,2,33,1,26,4,166,2,15,2,316,2,517,39,161,4,79,5,7,1,38,7,15,0,2,1,14,0,31,4,162,1,46,7,22,0,45,8,299,4,38,6,479,0,522,49,12,0,2,0,1,0,5,0,0,0,0,0,3,1,3,0,1,1,0,0,0,0,0,0,1,0,0,0,1,0,2,0,13,1,5,0,2,0,10,1,1,0,1,1,1,0,3,2,24,1,7,0,3,0,7,2,21,2,4,1,33,0,39,5,2,20,1,17,0,0,0,24,1,5,0,0,1,4,0,17,0,4,0,2,0,0,0,4,2,3,1,1,2,4,1,17,0,0,0,0,1,0,0,1,0,0,0,0,0,0,0,0,0,3,0,1,0,0,0,2,0,2,0,3,0,0,0,5,17,291,3,414,4,19,2,278,8,41,0,11,9,30,4,224,4,9,0,17,0,1,0,6,5,40,0,12,1,35,5,157,17,424,0,403,2,15,0,212,5,14,0,7,0,20,0,123,18,265,1,211,1,6,1,85,16,186,0,164,11,162,10,581,Normal
Medial Femur of Nor_36.jpg,398,5,169,17,156,0,173,8,89,1,15,1,149,0,255,22,133,2,14,2,24,1,10,2,146,4,22,1,386,2,554,29,181,2,97,6,9,0,44,2,14,0,3,0,21,0,32,3,135,3,58,7,22,0,31,6,309,3,38,3,487,1,466,56,8,0,1,0,4,0,3,1,2,0,0,1,2,0,5,1,0,0,0,0,0,0,0,0,1,0,0,0,0,0,3,0,13,1,3,0,1,0,10,1,0,1,0,0,5,0,3,0,11,1,8,1,2,0,3,1,22,0,2,0,26,0,32,5,3,22,2,14,1,2,0,13,0,3,0,3,2,4,0,10,1,2,0,3,0,1,0,1,1,4,0,0,0,1,0,13,1,3,0,0,0,0,0,2,0,0,0,0,0,0,0,3,0,4,0,0,1,0,0,0,0,0,0,2,0,1,1,4,21,287,2,453,1,21,2,262,6,44,0,14,6,32,4,199,1,8,0,10,0,1,0,9,3,50,0,9,5,41,1,151,23,501,3,462,2,11,1,219,1,17,0,7,0,22,1,138,13,275,0,192,1,5,2,95,19,211,1,157,9,159,5,564,Normal
Medial Femur of Nor_37.jpg,391,10,186,12,141,2,158,18,66,1,8,3,142,1,282,23,167,5,19,2,23,0,24,4,114,0,14,4,376,1,416,16,243,0,94,3,11,0,59,9,18,1,1,1,33,0,42,0,143,3,48,4,10,0,35,4,287,1,36,6,510,1,495,41,6,0,1,0,1,0,2,0,1,0,0,0,3,0,0,3,0,0,0,0,0,0,0,0,0,0,0,0,2,0,2,0,4,1,3,0,4,0,14,1,3,0,0,0,2,0,8,3,14,0,4,1,1,0,9,1,23,0,2,0,22,0,35,1,2,17,0,23,1,1,0,15,1,3,0,2,1,5,0,11,1,2,0,1,0,0,0,2,1,5,0,3,0,6,1,14,0,0,0,0,0,0,0,0,0,0,0,0,0,0,0,1,0,6,0,5,0,1,0,0,1,5,0,1,0,1,0,4,21,273,3,467,4,9,1,271,4,39,0,11,10,48,2,218,0,13,0,10,0,0,0,10,4,44,1,12,2,49,4,183,24,430,1,444,3,11,0,173,0,11,0,4,3,12,1,182,18,252,1,182,4,5,0,81,18,210,0,151,14,186,4,575,Normal
Medial Femur of Nor_38.jpg,412,4,206,8,148,0,147,20,79,0,9,1,141,3,301,22,138,0,13,3,14,0,18,4,173,0,12,2,376,0,534,22,163,1,92,9,16,0,54,3,17,0,3,0,13,2,34,3,171,2,44,4,10,0,27,8,264,3,29,4,490,0,551,44,10,0,3,0,1,0,3,0,0,0,0,0,1,0,3,0,2,0,0,1,0,0,0,0,0,0,0,0,0,0,4,0,11,0,4,0,2,0,9,0,2,0,0,0,1,0,6,1,18,0,10,1,1,0,8,0,15,0,1,0,15,0,43,5,1,22,0,20,0,2,2,16,0,7,0,0,0,6,1,14,1,3,0,4,0,0,0,2,0,8,0,1,1,4,0,7,0,1,0,2,0,0,0,0,0,1,0,0,0,0,0,0,0,1,0,0,0,0,0,0,0,1,0,1,1,3,0,8,23,289,1,418,6,13,4,231,10,43,0,22,6,51,3,188,2,12,1,19,1,0,0,9,2,45,0,19,2,38,2,161,23,455,1,429,3,18,0,201,1,12,0,10,3,12,0,144,14,256,2,199,0,6,0,93,19,200,0,143,14,163,8,558,Normal
Medial Femur of Nor_39.jpg,390,13,129,12,187,0,159,14,78,3,25,1,138,0,293,20,147,7,6,2,42,0,19,3,121,4,18,5,384,1,438,31,143,2,93,4,11,0,55,11,17,0,3,1,20,0,36,3,157,4,48,19,33,0,39,12,311,4,47,10,423,2,554,70,9,1,0,0,6,1,6,1,4,0,0,0,0,0,2,3,3,0,0,0,0,0,1,0,0,0,0,0,0,0,2,0,19,1,3,3,4,0,4,0,2,0,0,1,1,1,6,0,17,1,4,2,5,0,6,0,22,0,5,1,30,0,38,8,1,17,0,16,0,2,0,15,0,4,0,3,2,5,0,13,0,2,0,2,0,0,0,1,2,5,0,1,0,3,0,17,1,0,0,0,0,1,0,0,0,0,0,0,0,0,0,0,0,7,0,2,0,0,0,2,0,0,0,2,2,2,0,4,22,280,4,363,7,15,4,272,5,48,1,15,12,30,3,231,1,15,0,9,0,0,0,6,3,41,0,13,6,29,5,134,23,427,1,404,5,9,1,231,4,16,0,9,3,18,2,127,13,246,2,223,3,7,0,119,21,209,0,172,17,112,6,618,Normal
Medial Femur of Nor_4.jpg,378,6,133,14,170,2,161,24,94,0,20,4,154,1,297,28,148,1,6,5,31,0,20,1,129,4,20,3,425,1,448,18,138,1,75,5,9,0,50,6,20,0,4,0,16,0,30,2,155,3,72,9,28,0,31,10,296,0,36,10,463,1,573,52,9,1,3,1,6,0,5,0,2,0,0,0,2,0,3,2,3,0,0,0,0,0,0,0,1,0,1,0,1,0,1,0,13,2,5,1,1,0,12,1,3,0,0,0,1,0,4,0,20,1,4,0,7,0,6,1,29,0,5,1,18,1,39,5,4,18,0,18,1,0,0,17,0,1,0,0,1,4,0,17,0,2,0,3,0,0,0,1,0,9,0,2,0,6,0,9,0,2,0,1,0,0,0,0,0,0,0,0,0,0,0,0,1,0,0,0,0,0,0,0,0,5,0,0,0,1,0,5,26,286,2,406,2,11,1,302,9,52,0,12,10,33,3,217,1,18,0,15,1,1,0,3,7,32,0,8,5,37,1,138,28,385,0,410,3,9,2,220,0,14,0,10,3,21,0,149,12,259,1,214,0,8,2,84,22,209,1,167,9,126,6,598,Normal
Medial Femur of Nor_5.jpg,413,3,146,8,147,3,152,20,116,0,13,1,160,2,293,29,134,0,16,2,16,0,15,2,141,2,10,2,397,3,491,21,128,1,68,6,11,1,38,7,17,0,0,1,13,0,22,3,179,2,43,6,6,0,37,7,312,1,27,10,476,7,511,37,7,0,0,0,1,1,3,2,0,0,1,0,3,0,3,1,2,0,0,0,0,0,1,0,1,0,0,0,1,0,2,0,8,0,4,0,3,0,15,1,2,1,1,0,3,0,9,2,24,1,9,0,4,1,11,1,14,0,4,0,21,0,33,4,2,23,0,21,1,0,2,23,2,4,1,0,0,6,0,13,1,4,0,2,0,0,0,1,0,2,0,5,0,9,0,12,0,1,0,0,0,0,0,2,0,0,0,0,0,0,0,1,0,2,0,0,0,1,0,1,2,1,0,4,2,2,0,11,28,314,1,443,3,15,0,259,6,36,0,23,11,41,3,232,2,16,0,10,0,0,0,7,8,35,0,21,6,34,1,119,22,478,0,445,4,13,0,207,1,16,0,14,2,15,1,132,22,271,0,214,1,14,1,95,22,205,0,126,14,124,7,557,Normal
Medial Femur of Nor_6.jpg,432,8,166,10,171,3,186,24,71,0,19,1,132,0,285,31,176,6,19,0,24,1,20,2,131,2,14,1,359,2,474,28,189,1,113,5,9,0,47,14,27,0,5,0,10,0,40,7,170,3,50,8,27,0,32,12,271,2,35,7,489,1,540,52,11,0,2,0,3,1,5,0,1,0,0,0,5,0,3,1,0,0,0,0,1,0,0,0,1,0,0,0,1,0,3,1,11,0,6,1,2,0,6,1,1,0,1,0,4,0,2,1,15,0,6,0,2,0,3,3,20,1,1,1,30,0,35,4,2,18,0,8,0,1,0,15,0,4,0,2,0,3,2,15,0,5,1,0,0,0,0,1,1,9,0,1,1,1,0,16,0,1,0,0,0,0,0,1,0,0,0,0,0,0,0,0,0,2,0,2,0,1,0,1,0,1,0,1,0,3,0,5,25,280,3,410,2,9,4,244,13,41,0,11,3,42,1,201,2,13,0,10,0,2,1,12,5,33,0,10,7,48,1,168,18,410,1,385,4,6,0,164,1,14,0,6,2,20,1,175,15,235,2,210,3,9,2,97,11,201,0,165,6,153,4,596,Normal
Medial Femur of Nor_7.jpg,364,6,145,10,145,0,145,15,75,1,17,1,139,2,298,26,175,4,15,4,31,0,15,4,140,3,8,1,386,1,566,29,152,1,68,9,13,0,49,4,18,0,7,0,16,0,39,3,146,4,44,8,18,2,31,5,297,3,43,8,521,3,635,55,5,0,1,0,3,0,6,0,0,0,0,0,1,0,3,1,2,1,0,0,1,0,0,0,1,0,0,0,0,0,3,0,6,0,1,0,4,0,8,0,4,1,1,0,2,0,4,1,27,1,1,0,1,0,5,1,11,0,3,1,38,0,49,3,1,17,0,20,1,0,2,6,1,6,0,3,0,3,0,13,0,8,0,3,0,0,0,0,3,9,0,1,2,3,1,12,1,0,0,1,0,0,0,0,0,0,0,0,0,0,0,0,0,6,0,1,0,0,0,0,0,4,0,3,0,3,0,2,19,249,0,406,1,10,2,270,1,42,0,20,3,29,3,201,1,11,0,11,0,0,0,3,1,34,0,18,3,27,3,125,23,403,1,483,0,10,2,225,1,18,0,9,4,15,1,145,10,290,0,206,2,4,2,84,20,191,2,130,15,139,4,559,Normal
Medial Femur of Nor_8.jpg,413,8,148,14,155,1,177,34,98,3,24,1,152,0,306,28,176,2,12,5,33,0,22,4,135,2,17,2,300,2,463,38,166,1,73,7,15,0,49,9,22,1,5,2,15,0,48,2,166,6,48,11,17,0,41,10,296,4,35,5,496,2,511,48,9,0,3,0,3,0,3,1,1,0,1,0,2,1,4,2,0,0,0,0,0,0,0,0,2,0,0,0,1,1,0,0,15,3,6,0,2,0,13,1,1,0,0,0,2,0,10,2,15,1,4,1,5,0,5,2,25,1,5,2,20,0,41,4,4,17,0,19,0,0,0,14,0,6,0,0,1,4,0,17,0,5,1,5,0,1,0,3,1,1,0,2,2,5,0,10,0,1,0,1,0,0,0,0,0,1,0,1,0,0,0,1,0,2,0,2,0,0,0,0,0,3,0,1,0,1,0,3,22,247,1,437,1,16,1,255,6,51,0,10,3,37,2,187,3,12,0,25,0,4,1,6,3,34,0,17,3,25,3,162,19,359,1,377,2,14,0,210,2,18,0,10,1,19,0,182,20,280,2,181,2,6,0,109,18,223,2,141,19,152,7,610,Normal
Medial Femur of Nor_9.jpg,390,11,189,8,171,0,151,23,82,0,20,3,143,0,303,21,163,4,17,1,26,0,21,2,158,3,23,2,357,0,468,29,164,0,86,2,10,0,47,3,20,0,4,1,14,1,42,4,160,4,53,11,24,0,44,7,288,1,36,10,391,3,464,48,9,0,1,0,6,0,4,1,0,0,0,0,4,0,9,0,0,0,0,0,0,0,0,0,1,0,1,0,0,0,0,1,6,0,4,0,4,0,5,1,0,1,0,0,4,0,8,0,26,0,10,1,0,0,2,1,25,0,2,1,22,1,46,7,4,20,0,19,0,0,0,14,2,6,0,1,1,2,0,10,0,3,0,3,0,0,0,1,1,10,0,3,0,4,2,17,0,2,0,2,0,0,0,1,1,0,0,0,0,0,0,1,0,0,0,2,0,0,0,1,1,0,0,3,2,4,0,5,29,319,0,366,5,14,1,265,6,36,0,13,6,52,0,218,1,10,0,8,0,0,0,5,5,27,0,17,2,45,1,158,22,445,3,382,4,14,0,232,3,21,0,7,4,18,0,146,10,287,5,187,2,5,0,87,21,208,1,155,18,179,4,629,Normal
