File,SH_1,MH_1,SH_2,MH_2,SH_3,MH_3,SH_4,MH_4,SH_5,MH_5,SH_6,MH_6,SH_7,MH_7,SH_8,MH_8,SH_9,MH_9,SH_10,MH_10,SH_11,MH_11,SH_12,MH_12,SH_13,MH_13,SH_14,MH_14,SH_15,MH_15,SH_16,MH_16,SH_17,MH_17,SH_18,MH_18,SH_19,MH_19,SH_20,MH_20,SH_21,MH_21,SH_22,MH_22,SH_23,MH_23,SH_24,MH_24,SH_25,MH_25,SH_26,MH_26,SH_27,MH_27,SH_28,MH_28,SH_29,MH_29,SH_30,MH_30,SH_31,MH_31,SH_32,MH_32,SH_33,MH_33,SH_34,MH_34,SH_35,MH_35,SH_36,MH_36,SH_37,MH_37,SH_38,MH_38,SH_39,MH_39,SH_40,MH_40,SH_41,MH_41,SH_42,MH_42,SH_43,MH_43,SH_44,MH_44,SH_45,MH_45,SH_46,MH_46,SH_47,MH_47,SH_48,MH_48,SH_49,MH_49,SH_50,MH_50,SH_51,MH_51,SH_52,MH_52,SH_53,MH_53,SH_54,MH_54,SH_55,MH_55,SH_56,MH_56,SH_57,MH_57,SH_58,MH_58,class
Medial Tibia of Normal_1.jpg,634,111,44,6,241,47,96,280,41,89,64,251,40,4,244,83,52,47,65,113,35,124,49,50,72,206,29,110,35,158,26,5,232,46,82,102,156,275,52,132,47,125,24,263,44,75,71,233,48,349,55,263,21,124,12,46,0,3,219,42,62,142,173,403,66,183,43,149,27,254,73,82,61,200,36,301,51,379,24,125,8,39,1,53,61,114,26,152,52,109,10,80,26,123,33,135,18,123,18,61,1,138,53,112,28,218,73,97,16,28,2,94,15,714,57,1108,Nor
Medial Tibia of Normal_10.jpg,408,94,77,3,156,56,99,242,53,101,36,229,69,7,106,102,48,61,42,109,37,90,93,61,81,218,54,104,40,101,52,2,150,65,80,166,132,326,71,158,80,170,46,276,59,77,40,219,55,433,98,317,26,108,24,44,4,4,107,55,71,148,151,461,99,184,70,133,37,255,61,87,41,205,45,291,60,342,41,88,13,42,3,65,35,99,35,148,58,114,19,67,22,129,43,133,50,131,47,26,3,173,53,123,37,208,52,108,11,29,4,67,16,600,57,985,Nor
Medial Tibia of Normal_11.jpg,418,106,49,10,133,56,69,222,62,94,66,207,63,2,198,78,57,77,51,117,33,97,63,65,89,285,83,161,46,151,42,4,162,70,59,134,130,517,85,216,54,144,30,212,33,83,55,205,27,251,50,315,27,103,11,36,4,5,198,70,82,124,153,307,51,144,52,145,35,227,57,66,62,254,83,407,85,306,28,125,22,41,0,80,53,148,48,185,50,92,12,81,21,132,36,149,33,115,17,38,0,139,48,123,34,148,37,104,27,43,3,84,20,599,51,969,Nor
Medial Tibia of Normal_12.jpg,567,92,57,3,234,56,94,264,55,88,58,256,57,7,169,77,55,47,56,120,37,80,48,62,83,228,36,77,21,108,40,6,225,48,113,133,199,255,39,125,66,160,28,266,48,77,63,273,57,537,81,349,21,115,10,49,4,4,176,66,69,118,198,520,84,188,54,130,29,222,57,82,50,211,40,234,48,320,18,107,13,27,3,65,61,86,29,144,61,116,14,67,21,137,46,154,31,176,33,42,2,207,57,139,28,192,55,102,13,33,1,71,18,651,43,932,Nor
Medial Tibia of Normal_13.jpg,595,92,49,6,270,51,82,234,41,87,58,264,49,18,196,90,48,63,41,123,39,104,49,55,78,197,32,90,39,119,18,7,262,60,113,168,179,262,39,126,52,155,21,234,42,83,73,261,55,533,73,344,14,114,13,43,2,13,192,69,71,153,187,529,89,206,63,118,13,182,57,78,50,180,23,236,48,311,19,108,13,34,0,69,36,93,29,133,59,116,19,77,16,128,46,111,16,151,33,46,3,214,70,139,21,184,46,89,10,25,1,81,21,616,28,974,Nor
Medial Tibia of Normal_14.jpg,441,87,69,6,154,43,96,278,74,70,54,276,103,12,126,89,40,54,35,133,47,81,71,66,67,174,48,79,32,142,40,3,187,47,96,129,149,224,61,144,51,155,56,273,62,73,52,259,97,620,126,293,41,124,19,53,4,12,121,67,57,123,143,606,124,236,50,134,31,218,67,88,46,153,49,214,49,309,19,88,12,28,1,39,26,88,36,110,38,109,17,62,21,107,41,131,41,119,43,47,5,203,47,115,29,228,69,100,15,23,3,68,18,655,61,968,Nor
Medial Tibia of Normal_15.jpg,406,102,70,7,173,63,89,244,71,90,47,214,67,6,165,80,50,61,43,110,43,96,74,80,69,240,56,98,33,143,40,3,178,60,96,147,153,269,58,150,59,127,39,232,74,92,50,245,72,420,78,324,31,128,23,34,3,6,158,65,70,152,156,413,90,167,50,128,31,224,76,103,44,208,53,261,58,330,42,103,21,30,2,64,46,135,36,155,52,118,14,79,17,119,33,145,51,154,30,38,5,166,67,135,45,214,79,96,14,31,2,78,19,630,63,1007,Nor
Medial Tibia of Normal_16.jpg,438,96,69,7,199,80,94,222,65,74,54,241,59,10,176,98,46,66,52,116,38,108,60,78,82,180,34,91,43,120,33,10,199,68,83,196,167,311,66,151,69,143,29,220,61,67,50,242,41,479,88,285,30,109,17,27,3,5,147,83,72,208,145,496,87,217,67,124,19,210,52,96,57,183,44,281,65,307,33,83,17,31,1,88,36,105,36,166,67,107,20,76,19,105,43,103,35,129,33,21,4,190,63,121,28,204,40,101,14,26,2,98,17,568,44,962,Nor
Medial Tibia of Normal_17.jpg,495,83,51,14,151,74,81,301,62,106,56,195,35,11,163,82,59,57,56,80,29,79,56,65,108,229,72,100,42,95,46,10,159,72,72,157,196,578,100,181,38,128,26,300,64,95,67,164,27,262,51,309,22,89,7,21,1,5,188,54,90,142,207,257,51,121,39,154,48,295,73,81,52,233,60,533,95,304,18,122,11,39,1,76,43,92,33,153,45,72,12,56,11,78,23,100,29,122,29,24,1,110,39,124,45,268,75,94,11,29,1,58,10,662,43,1028,Nor
Medial Tibia of Normal_18.jpg,453,120,66,24,147,92,54,236,70,88,67,159,41,13,201,81,65,71,51,89,39,118,63,86,90,264,92,139,55,117,42,14,151,88,65,144,114,432,99,254,60,115,34,239,75,104,56,159,42,182,55,250,29,99,16,27,2,8,196,74,84,137,119,160,47,144,51,136,46,209,56,87,58,241,85,440,119,220,42,131,34,35,6,73,60,149,59,223,55,115,15,81,25,116,42,124,35,115,42,26,3,146,61,135,43,212,61,111,21,36,8,83,26,655,78,1110,Nor
Medial Tibia of Normal_19.jpg,454,110,82,5,186,68,81,254,59,98,58,214,63,14,173,84,61,77,38,122,42,98,69,63,68,191,56,103,37,135,55,6,176,62,76,174,159,323,61,145,54,147,34,227,63,78,48,224,63,424,78,320,28,99,20,32,6,12,145,81,82,175,153,466,90,186,47,142,37,236,68,119,37,194,51,323,64,339,30,106,13,28,1,56,36,86,30,156,58,104,17,62,14,126,43,119,41,138,41,29,2,179,42,121,29,231,68,92,7,20,1,68,18,563,57,976,Nor
Medial Tibia of Normal_2.jpg,615,135,53,11,233,63,79,387,76,92,71,218,38,11,207,96,56,56,55,110,40,109,73,65,82,161,31,74,23,117,26,13,243,81,80,107,154,216,60,109,49,117,36,422,74,91,79,184,44,204,75,184,19,101,14,33,1,12,229,88,73,108,154,238,70,127,51,134,40,350,121,65,64,184,31,186,50,211,24,105,22,36,2,52,73,96,32,124,49,86,10,114,33,114,34,122,30,147,35,37,2,147,57,159,35,310,137,103,19,35,4,114,34,845,96,1342,Nor
Medial Tibia of Normal_20.jpg,457,101,77,12,167,76,68,241,72,115,62,224,62,8,170,93,63,72,49,126,26,82,60,67,101,248,65,120,39,124,52,12,169,55,95,186,154,448,102,172,47,135,33,263,58,117,43,169,39,265,52,296,27,112,18,21,4,6,146,68,101,172,173,265,63,149,49,133,43,234,56,90,42,238,65,495,88,326,33,117,12,28,1,78,45,115,37,178,49,82,22,73,16,106,25,139,33,139,35,32,1,145,46,122,59,244,54,99,15,22,2,68,17,582,32,927,Nor
Medial Tibia of Normal_21.jpg,458,100,51,7,246,59,87,264,56,67,40,221,49,7,195,101,56,86,44,105,44,103,38,62,66,184,31,104,45,115,24,12,239,76,92,162,156,240,54,156,53,147,34,252,38,93,64,258,63,425,75,296,21,96,7,29,2,14,179,64,65,160,179,456,83,185,68,133,34,226,54,89,47,188,33,234,54,289,23,87,13,27,0,86,66,132,39,156,62,100,18,84,16,143,46,134,27,163,31,33,2,220,77,140,25,205,58,104,8,29,0,67,26,587,26,1018,Nor
Medial Tibia of Normal_22.jpg,417,95,52,4,182,69,97,250,56,91,46,249,75,18,177,121,35,81,62,146,61,99,52,87,73,180,41,93,33,134,43,6,191,66,107,144,189,245,57,165,71,173,30,296,54,103,44,213,59,478,88,288,19,102,14,44,1,11,188,72,66,138,167,435,97,234,78,142,22,252,67,99,47,190,47,217,64,240,24,92,16,24,0,71,34,110,33,163,46,106,15,90,13,130,49,118,37,142,42,27,3,207,61,128,42,236,51,94,15,25,2,58,14,576,41,922,Nor
Medial Tibia of Normal_23.jpg,548,96,50,12,195,65,72,282,35,103,61,187,27,9,242,72,54,83,63,96,38,100,47,56,83,243,57,122,39,127,26,10,174,80,77,156,226,533,80,220,72,119,13,273,32,89,44,182,23,260,39,316,17,85,6,33,0,3,236,55,102,134,218,254,39,150,59,167,26,230,52,82,57,259,39,475,84,289,16,98,11,43,0,57,52,129,37,182,77,101,14,68,18,78,35,104,21,138,19,29,3,142,70,125,27,211,56,117,15,44,0,65,17,637,43,974,Nor
Medial Tibia of Normal_24.jpg,609,77,53,16,173,89,75,257,31,113,53,133,20,9,262,78,52,64,37,89,25,64,51,62,105,233,56,134,42,89,33,21,161,86,54,168,182,632,114,228,51,112,22,248,43,108,52,189,27,228,48,270,17,63,6,10,3,10,245,52,128,163,187,235,50,143,34,149,42,244,45,101,42,260,70,617,98,276,15,96,12,43,0,87,44,161,45,230,48,63,5,58,7,102,24,116,36,122,20,23,0,148,49,134,38,237,49,110,12,41,1,71,8,527,34,913,Nor
Medial Tibia of Normal_25.jpg,494,81,48,8,215,62,81,312,45,83,48,219,47,10,187,110,40,45,49,106,40,90,53,52,89,189,28,84,36,141,26,4,224,45,99,154,195,296,40,154,69,151,31,290,43,90,56,230,44,514,71,334,22,93,3,46,2,10,181,62,68,153,203,442,94,195,61,130,33,257,49,113,40,202,25,247,49,295,27,79,10,23,2,62,37,97,35,147,61,88,8,64,11,102,38,86,36,171,40,43,3,183,69,137,30,282,70,96,10,29,2,74,11,598,25,959,Nor
Medial Tibia of Normal_26.jpg,428,108,71,14,128,72,72,237,69,105,48,176,54,9,158,80,50,67,46,83,33,113,69,83,93,259,70,152,60,134,40,12,123,78,83,168,122,424,105,220,66,117,37,230,52,97,45,175,49,260,65,297,40,102,11,28,3,8,173,77,82,148,130,217,50,129,56,152,47,192,51,108,51,240,84,443,91,243,36,131,23,45,8,69,54,144,57,207,59,101,10,76,23,111,31,131,49,127,32,26,6,150,50,145,37,200,56,93,34,41,6,97,19,622,69,1014,Nor
Medial Tibia of Normal_27.jpg,568,133,31,9,212,85,55,246,40,105,52,181,13,5,268,82,68,51,70,82,25,113,28,60,102,251,43,144,44,148,34,8,199,80,61,124,176,478,84,224,54,141,21,265,45,98,58,170,22,210,31,305,13,110,9,33,3,5,270,70,106,132,153,200,51,135,71,139,27,213,59,70,73,265,54,439,94,254,23,104,15,60,0,66,71,150,36,203,67,127,13,96,19,105,26,129,21,120,25,26,3,141,60,135,35,220,65,109,16,44,1,88,21,669,45,1069,Nor
Medial Tibia of Normal_28.jpg,415,107,60,16,148,65,71,273,60,97,60,215,44,13,173,101,52,66,66,103,40,101,57,78,95,246,71,141,51,148,33,9,167,73,85,157,135,396,98,182,56,140,31,259,57,83,42,172,47,248,60,288,36,110,25,25,3,14,161,56,83,193,152,244,52,176,69,164,41,234,52,77,54,244,62,437,95,326,34,113,21,27,1,50,50,106,35,192,63,95,12,66,18,76,33,121,42,140,25,23,5,164,43,126,29,205,53,94,17,26,3,86,25,617,57,1001,Nor
Medial Tibia of Normal_29.jpg,439,89,46,6,202,70,108,249,49,77,52,285,97,20,136,101,51,65,47,140,53,94,44,71,68,185,35,89,37,125,43,8,195,61,89,155,148,226,59,146,47,151,32,241,50,64,57,267,93,548,102,275,32,111,11,46,3,14,143,70,63,140,134,613,99,250,55,122,34,219,57,108,42,197,33,212,43,281,30,108,3,21,0,58,44,82,24,115,59,127,18,63,14,182,49,121,29,138,42,41,6,221,50,116,27,193,51,94,13,20,0,64,12,561,45,916,Nor
Medial Tibia of Normal_3.jpg,590,100,72,13,176,73,64,397,75,83,57,177,48,10,195,94,75,70,59,87,35,114,57,72,80,195,49,90,33,86,35,9,197,62,82,92,165,224,47,140,55,127,37,375,79,84,75,171,50,178,59,188,14,109,13,27,3,15,225,68,92,88,155,181,64,119,47,116,32,341,134,106,88,211,46,238,62,199,25,104,16,36,2,74,61,102,32,141,40,126,13,89,19,114,35,114,46,136,45,39,6,122,42,126,44,367,116,82,11,29,3,70,24,865,108,1379,Nor
Medial Tibia of Normal_30.jpg,488,100,42,17,173,69,82,294,48,121,44,191,29,4,253,91,46,73,52,99,36,88,49,58,84,229,49,135,37,138,28,9,176,71,71,171,193,503,82,219,71,130,19,256,51,105,58,166,29,238,43,305,20,104,12,16,0,8,207,71,82,153,192,289,56,172,65,137,33,226,52,100,39,246,64,524,93,323,20,110,6,34,3,55,49,114,44,218,60,83,13,71,18,84,33,117,35,112,19,20,2,143,52,132,36,217,43,103,16,27,0,70,16,562,38,903,Nor
Medial Tibia of Normal_31.jpg,354,88,60,5,121,76,59,245,59,106,42,195,48,5,161,73,46,69,31,103,41,101,59,54,89,267,107,140,63,136,33,7,118,79,62,160,127,499,103,229,50,122,37,233,57,107,53,179,59,274,69,332,38,100,18,26,3,3,149,69,72,146,143,244,65,143,45,147,62,259,58,64,47,263,72,394,100,288,36,107,20,36,3,58,43,151,44,199,39,87,20,81,17,77,32,127,53,113,39,24,2,146,56,160,47,206,69,114,20,35,4,75,25,608,53,998,Nor
Medial Tibia of Normal_32.jpg,494,117,39,4,236,70,85,229,44,78,55,259,44,4,195,79,52,75,73,181,52,89,39,53,81,231,32,134,46,192,27,4,202,63,81,125,129,279,44,163,60,139,23,227,42,81,53,218,46,354,69,309,19,116,20,46,3,5,201,65,75,124,119,408,86,200,65,161,17,171,42,89,73,203,34,238,49,278,29,114,16,45,0,60,76,165,39,157,54,124,17,86,32,169,36,177,22,154,20,49,2,186,72,127,22,160,48,123,18,39,0,85,25,634,44,976,Nor
Medial Tibia of Normal_33.jpg,427,84,75,7,149,56,65,248,65,93,52,241,61,7,141,86,37,76,46,105,37,80,81,52,89,262,71,120,51,136,51,11,161,60,77,151,143,547,94,176,59,145,39,233,66,110,53,208,72,312,67,337,23,90,16,31,2,4,158,56,80,152,150,272,60,168,52,148,49,208,47,88,58,248,84,463,94,318,33,103,21,30,2,67,36,129,42,191,48,105,17,62,13,99,46,128,42,138,39,26,1,157,42,154,33,241,49,97,17,31,1,62,14,570,54,922,Nor
Medial Tibia of Normal_34.jpg,552,105,40,10,208,74,87,282,53,106,46,227,40,8,207,97,41,58,65,109,29,88,52,52,93,201,21,95,22,119,28,6,222,54,94,159,199,382,61,170,52,154,34,253,54,88,51,234,34,416,75,311,17,93,9,38,1,4,192,66,84,143,182,384,71,156,59,122,38,248,62,100,41,216,33,289,56,288,20,83,11,30,2,66,60,110,25,127,56,103,16,80,22,110,40,118,20,149,34,29,0,144,57,139,29,256,62,107,11,31,2,96,18,627,39,1033,Nor
Medial Tibia of Normal_35.jpg,362,114,52,17,140,81,42,247,55,102,58,195,57,12,163,84,55,92,47,118,34,114,72,83,84,252,65,146,61,149,41,16,138,94,60,148,129,413,91,205,64,125,34,246,66,98,51,204,48,216,57,277,45,105,21,29,3,6,163,77,98,142,104,216,46,144,74,133,43,200,68,77,61,204,61,349,90,231,42,112,25,37,5,72,59,117,40,197,72,97,17,106,23,115,31,134,36,107,29,22,2,146,72,128,42,198,51,106,25,52,6,103,21,662,69,1100,Nor
Medial Tibia of Normal_36.jpg,481,94,52,16,167,68,72,244,54,100,63,195,28,6,222,100,65,96,62,99,52,71,64,85,116,253,70,146,43,160,27,16,151,89,53,159,149,548,93,247,67,131,27,239,60,102,40,150,35,234,51,288,24,111,17,21,0,4,218,64,114,165,162,221,52,157,45,167,44,194,54,85,48,240,62,578,122,288,27,120,18,51,3,51,44,113,38,221,54,75,8,79,12,76,30,94,37,116,18,26,1,124,48,130,28,189,52,108,8,31,1,74,13,546,45,948,Nor
Medial Tibia of Normal_37.jpg,537,77,63,7,220,68,103,291,46,86,45,200,54,7,207,91,37,53,33,77,40,97,59,53,76,185,37,86,26,95,25,6,199,66,94,164,216,285,58,158,46,120,34,302,42,75,50,246,53,449,90,297,20,83,9,33,2,7,189,69,89,159,256,503,77,173,52,132,31,250,64,111,44,208,32,285,56,356,16,83,8,22,2,74,37,84,45,154,54,102,9,64,12,87,30,113,39,138,38,49,0,170,58,152,25,277,66,94,12,28,1,68,14,637,38,1015,Nor
Medial Tibia of Normal_38.jpg,586,114,36,10,215,70,78,224,44,85,43,250,33,7,226,84,40,78,56,119,43,98,59,65,59,182,36,118,41,124,34,8,240,61,70,193,225,342,41,153,59,135,19,227,40,103,68,217,39,415,77,341,27,71,13,37,0,13,219,69,86,184,214,445,86,200,52,139,18,191,43,104,53,221,32,379,66,352,22,88,12,32,0,71,50,106,30,161,77,123,5,67,8,141,28,121,25,148,15,35,1,174,62,147,22,214,46,95,15,21,0,77,14,537,33,880,Nor
Medial Tibia of Normal_39.jpg,387,133,56,8,151,64,55,195,44,93,49,193,42,4,215,69,56,57,61,114,33,127,56,65,77,216,52,121,46,178,32,7,172,82,73,137,113,398,76,173,69,125,30,196,65,81,75,237,47,257,62,330,37,109,21,33,4,6,170,65,88,140,129,247,58,141,53,129,25,151,40,65,46,290,65,411,72,320,45,128,26,29,1,94,57,148,45,230,65,118,23,100,27,131,47,179,38,138,26,32,2,186,69,147,29,177,49,126,17,39,3,107,31,593,58,1000,Nor
Medial Tibia of Normal_4.jpg,630,104,36,7,266,75,85,253,38,70,52,252,31,4,230,90,59,56,77,122,29,102,29,58,81,237,21,120,34,175,16,2,250,65,83,124,203,315,53,133,47,146,14,237,24,75,51,232,23,340,57,373,16,118,15,48,1,2,262,56,68,126,201,394,48,150,67,167,20,193,50,80,37,187,29,344,46,401,14,128,13,55,0,40,67,80,25,133,47,103,13,95,26,116,27,133,10,138,16,52,2,162,53,141,15,188,45,106,13,39,1,83,29,694,33,976,Nor
Medial Tibia of Normal_40.jpg,401,115,87,9,154,69,78,213,62,83,59,261,100,6,120,108,70,96,44,151,50,122,77,65,70,216,73,117,43,159,39,9,142,77,102,154,144,249,64,173,62,156,31,236,79,86,57,249,90,427,92,299,54,114,28,46,13,7,139,78,76,124,126,442,86,183,70,121,31,173,43,91,49,203,40,215,38,307,35,116,18,39,1,57,44,113,42,123,68,97,25,89,25,157,47,129,33,134,35,44,5,211,56,136,25,164,43,111,23,34,1,108,28,615,67,944,Nor
Medial Tibia of Normal_41.jpg,483,123,54,12,169,65,70,209,52,93,45,209,44,7,224,90,55,75,67,127,45,130,43,91,80,256,61,145,35,129,27,5,185,79,54,144,139,405,83,217,62,134,23,214,42,96,58,210,44,243,53,232,28,110,20,25,1,9,195,82,94,143,134,221,50,145,50,149,29,183,48,79,64,288,75,451,71,294,24,115,28,43,1,76,78,147,46,207,60,105,22,102,22,134,32,148,28,121,21,23,1,139,52,127,28,190,67,133,16,41,3,94,26,615,49,947,Nor
Medial Tibia of Normal_42.jpg,488,142,52,11,187,102,70,155,29,107,64,221,47,7,229,70,72,87,81,157,51,130,40,74,87,308,62,210,47,170,25,5,198,105,48,150,106,335,69,237,72,112,24,153,45,74,60,217,41,224,53,263,35,118,12,27,2,13,236,77,77,132,130,274,51,176,56,121,20,149,34,80,62,256,35,341,66,263,29,128,21,37,1,99,85,182,52,215,62,124,17,111,32,205,39,184,27,107,11,32,3,178,71,127,27,116,38,128,23,28,3,99,30,580,40,918,Nor
Medial Tibia of Normal_43.jpg,450,102,72,8,193,62,112,239,58,80,54,225,77,21,170,113,50,68,39,108,49,102,65,65,65,151,48,94,35,104,37,8,216,66,92,184,162,264,50,170,49,128,40,255,53,104,72,266,67,517,88,290,17,93,16,31,3,13,167,76,61,157,130,538,107,220,57,111,34,229,65,107,46,191,45,252,53,289,23,86,7,19,1,83,56,104,28,153,52,109,6,65,17,109,40,120,46,139,45,34,1,203,63,125,35,244,65,90,10,25,0,60,15,564,45,975,Nor
Medial Tibia of Normal_44.jpg,488,81,46,9,197,67,98,265,52,94,51,233,52,7,171,97,39,52,44,99,38,70,54,61,75,170,39,97,32,109,24,4,209,39,119,155,217,308,48,107,50,146,29,278,38,86,49,239,49,479,82,314,20,83,21,34,1,11,177,65,81,184,227,517,94,197,57,132,22,226,61,116,39,193,44,360,66,338,29,93,10,34,0,60,44,88,35,172,66,88,9,81,18,90,39,111,32,142,24,48,3,181,67,136,31,250,66,73,7,24,2,80,15,597,42,954,Nor
Medial Tibia of Normal_45.jpg,438,82,55,12,131,59,71,272,55,92,48,222,46,1,164,76,54,60,30,89,34,82,49,67,104,246,62,115,43,132,46,12,153,68,76,150,185,587,91,177,58,135,30,229,48,97,46,198,55,278,56,354,30,98,16,40,1,5,150,51,92,162,163,347,76,149,61,146,30,208,60,72,52,247,84,498,93,358,30,106,11,44,0,46,46,103,32,203,49,103,21,56,20,83,38,114,30,121,36,25,4,135,50,143,23,193,60,109,10,37,1,58,20,635,45,920,Nor
Medial Tibia of Normal_46.jpg,436,99,65,6,184,70,71,251,62,117,53,215,43,8,151,104,74,81,58,108,44,105,75,71,67,241,58,141,51,134,51,7,151,67,85,168,168,426,91,188,49,136,32,248,63,78,53,201,54,308,61,301,20,99,12,27,1,7,170,59,83,195,199,345,83,155,53,163,39,238,55,91,51,218,48,411,97,309,40,108,18,43,2,79,55,121,37,174,53,116,16,71,18,109,32,123,40,124,41,34,3,167,58,123,30,210,53,89,13,35,3,65,17,555,39,917,Nor
Medial Tibia of Normal_47.jpg,526,104,45,10,249,81,80,281,46,88,50,249,45,15,205,87,65,78,72,152,39,111,52,83,74,191,24,127,37,147,28,8,254,62,103,172,181,246,43,166,59,144,34,224,48,64,68,254,55,442,82,281,19,119,23,48,1,10,210,77,55,127,153,422,68,210,74,139,16,222,62,91,67,180,17,235,54,280,21,86,13,22,0,75,64,107,24,123,48,117,17,79,17,148,32,141,24,149,24,33,2,200,54,97,16,210,59,112,12,25,0,94,21,629,47,1057,Nor
Medial Tibia of Normal_48.jpg,551,96,63,6,199,59,94,259,63,73,57,241,65,11,158,92,62,72,35,116,38,76,83,84,70,174,38,92,28,110,33,10,193,69,111,168,198,281,64,138,54,143,37,255,70,96,54,231,70,507,110,305,23,101,10,31,0,11,159,81,78,166,182,478,90,198,56,139,26,186,51,87,57,193,36,285,48,345,27,98,15,25,2,53,47,101,35,151,63,108,16,61,19,104,41,123,38,155,36,37,0,204,67,125,29,218,47,104,13,30,2,72,11,618,46,974,Nor
Medial Tibia of Normal_49.jpg,495,77,69,8,205,60,73,236,58,93,61,253,59,10,147,128,46,80,39,123,54,89,59,68,67,204,42,95,32,115,23,5,181,83,85,153,168,304,59,127,52,143,30,257,61,81,46,280,78,512,117,273,27,87,12,41,4,14,176,90,86,146,148,612,110,179,57,95,34,246,74,118,48,188,41,228,48,290,19,99,11,29,1,62,34,90,36,126,54,125,15,60,13,153,60,115,28,137,37,55,3,209,64,123,30,221,73,100,13,21,3,63,13,574,40,910,Nor
Medial Tibia of Normal_5.jpg,528,116,72,18,193,68,77,408,71,94,71,206,51,14,183,78,62,67,50,80,35,114,63,63,89,164,44,95,31,117,42,8,193,59,93,103,163,208,62,139,50,120,38,363,80,111,64,174,51,269,53,187,29,107,17,38,3,10,163,60,99,116,174,283,70,137,69,143,45,364,107,104,66,179,52,210,67,211,20,110,17,51,6,48,42,79,36,125,45,97,18,71,15,80,35,110,28,125,36,38,4,129,51,132,49,373,128,81,15,38,2,98,21,839,90,1333,Nor
Medial Tibia of Normal_50.jpg,451,102,51,13,172,91,58,226,46,121,34,200,37,4,219,65,50,69,48,107,43,106,45,65,92,296,102,163,48,129,33,10,146,77,74,127,141,513,104,263,67,102,10,220,52,105,53,182,48,197,42,242,32,96,6,18,2,4,226,62,110,128,126,208,42,121,52,161,38,178,56,74,56,296,117,485,117,219,18,124,25,49,4,77,55,131,56,258,59,93,14,82,10,96,45,141,30,125,22,27,0,146,63,174,45,198,42,119,20,49,5,79,14,601,59,1004,Nor
Medial Tibia of Normal_51.jpg,409,117,71,13,136,57,61,350,65,71,63,162,58,8,145,85,55,55,31,98,32,98,91,57,86,233,73,96,40,98,31,9,104,75,71,126,154,340,81,149,51,114,54,331,64,119,58,161,52,212,56,265,42,113,19,44,7,14,136,80,106,114,120,197,67,107,45,123,49,301,108,89,62,232,77,304,91,226,32,112,17,47,12,61,38,115,57,173,41,89,20,83,25,98,41,150,43,138,51,46,6,132,51,131,45,283,102,118,17,53,2,99,25,787,111,1169,Nor
Medial Tibia of Normal_52.jpg,462,162,60,11,207,84,67,186,45,80,75,202,35,6,197,71,71,73,90,150,37,180,51,94,77,246,55,157,40,138,14,7,163,99,79,161,143,379,65,207,55,112,22,180,36,80,58,214,38,264,61,299,34,128,26,29,6,7,225,82,63,169,131,229,59,149,58,118,30,163,38,64,58,213,49,310,64,299,30,121,22,42,2,91,81,124,34,179,53,108,19,149,39,164,42,139,27,113,19,28,6,168,49,115,18,123,42,126,21,33,2,144,34,620,40,1018,Nor
Medial Tibia of Normal_53.jpg,393,110,83,15,157,70,82,422,80,103,55,159,55,12,153,78,61,62,36,103,30,116,81,51,81,175,68,89,30,102,41,15,136,62,73,93,145,218,60,144,60,145,50,410,79,90,52,146,57,180,74,171,28,86,17,31,6,13,136,74,92,111,130,180,65,128,55,146,46,333,135,93,57,180,56,242,85,199,33,83,15,35,10,49,38,81,42,147,42,75,13,91,23,74,43,87,40,113,57,23,7,123,52,138,50,387,126,107,14,34,3,79,27,910,142,1422,Nor
Medial Tibia of Normal_54.jpg,372,169,70,13,140,96,51,140,55,100,62,233,53,11,171,58,60,101,81,150,54,191,88,83,81,298,83,239,56,198,42,9,139,98,53,122,73,325,101,206,61,117,39,145,65,74,50,211,59,187,48,242,48,122,35,29,4,10,156,89,68,110,68,199,60,170,59,129,25,133,24,71,63,224,83,262,68,230,51,127,33,42,3,70,72,212,58,191,54,127,46,172,42,177,67,171,32,85,20,25,1,150,52,132,28,124,26,125,35,46,4,149,45,651,76,1030,Nor
Medial Tibia of Normal_55.jpg,376,292,70,9,162,115,71,129,49,88,69,205,56,8,154,81,81,96,108,208,54,303,66,85,62,186,55,142,60,161,24,8,173,106,60,100,68,116,48,151,58,92,25,136,71,73,73,197,49,162,53,134,51,137,43,28,2,15,144,120,54,108,62,148,43,146,81,109,26,148,44,69,74,194,65,158,55,184,51,144,47,31,5,86,104,173,67,160,61,153,57,274,80,158,53,163,30,106,30,33,5,164,60,90,22,135,41,149,47,34,6,215,67,775,119,1277,Nor
Medial Tibia of Normal_56.jpg,565,157,73,5,183,73,84,324,82,87,98,221,45,7,191,79,68,62,60,124,48,120,72,73,85,230,56,117,44,159,24,5,202,60,76,111,135,248,79,140,48,167,39,293,73,77,64,199,44,198,51,216,27,112,26,35,5,11,190,69,87,117,136,243,67,159,60,129,30,252,89,76,58,219,40,294,79,252,37,130,27,39,5,55,51,120,28,135,63,115,25,121,33,110,35,122,33,127,29,36,5,119,40,114,26,269,87,97,14,33,4,108,33,808,84,1214,Nor
Medial Tibia of Normal_57.jpg,352,98,70,21,170,72,74,419,98,111,45,137,67,16,146,101,51,69,44,65,31,111,89,70,79,147,73,66,38,86,48,20,167,71,77,105,114,169,75,106,54,142,47,396,92,88,57,146,66,173,62,131,33,86,26,44,7,21,156,80,79,100,109,171,59,113,42,133,55,371,129,119,51,140,53,212,68,137,36,78,21,46,17,55,40,64,35,119,55,77,18,102,22,80,22,83,56,129,53,49,15,123,51,101,43,357,136,87,25,39,10,116,26,899,173,1557,Nor
Medial Tibia of Normal_58.jpg,538,97,59,18,224,71,97,260,56,108,49,265,76,9,182,89,49,81,46,135,37,87,42,77,56,179,25,111,29,109,45,7,240,58,91,178,195,246,46,132,56,140,33,236,60,94,42,211,55,513,84,315,17,119,12,44,4,7,156,61,68,186,187,571,85,232,70,129,35,258,48,110,39,190,28,287,53,354,23,101,13,27,1,87,48,126,41,175,66,88,15,62,8,136,38,139,28,145,35,39,2,209,68,114,23,198,53,85,9,19,1,68,13,530,31,893,Nor
Medial Tibia of Normal_59.jpg,572,102,64,8,210,64,83,355,62,91,56,210,40,16,213,86,65,59,68,86,30,96,51,58,102,200,59,93,33,112,23,8,225,66,93,106,169,270,64,132,59,137,21,363,67,87,46,182,42,212,45,223,13,94,12,29,2,5,247,75,93,105,208,237,56,132,63,138,28,339,114,105,50,197,50,297,61,249,16,92,19,43,2,61,63,83,31,142,64,90,16,102,17,69,17,119,29,160,31,46,3,110,61,126,31,331,105,94,11,32,3,93,20,805,73,1272,Nor
Medial Tibia of Normal_6.jpg,495,75,60,10,146,72,73,295,65,117,54,181,35,6,192,97,51,79,51,122,31,85,56,56,82,261,71,127,51,162,37,11,160,66,76,152,204,501,94,181,70,151,34,256,54,109,43,191,32,248,60,321,16,90,14,20,1,2,177,58,95,144,196,260,47,158,50,146,33,239,55,81,45,225,70,514,103,299,24,104,13,34,5,71,32,118,44,221,48,83,9,53,11,87,40,124,36,139,29,24,2,134,49,162,38,236,67,87,13,50,5,46,14,563,46,940,Nor
Medial Tibia of Normal_60.jpg,421,227,68,8,147,98,50,138,60,66,57,172,36,7,198,65,78,74,69,123,41,234,64,128,85,221,73,143,60,134,27,5,146,93,52,151,100,295,69,191,55,112,19,148,64,89,55,197,36,173,67,285,58,133,34,25,6,7,192,107,76,152,97,181,57,125,52,108,14,125,27,68,75,262,69,296,86,252,55,131,52,37,8,83,81,218,52,200,63,149,31,196,58,124,57,152,40,91,15,29,3,132,52,118,34,129,34,140,32,45,3,190,58,677,85,1092,Nor
Medial Tibia of Normal_61.jpg,389,152,60,11,139,101,69,181,55,99,80,231,58,9,171,64,68,97,72,168,49,173,54,80,83,271,77,192,63,175,38,8,142,78,53,104,94,285,75,206,63,132,26,173,64,95,85,214,54,177,45,239,44,124,29,28,0,7,150,106,63,110,87,175,50,175,58,133,26,158,45,83,65,263,83,263,82,264,57,139,36,48,7,74,70,213,70,200,58,116,27,142,36,141,44,184,39,104,28,46,3,132,65,151,39,156,39,134,29,41,4,108,35,661,83,1057,Nor
Medial Tibia of Normal_62.jpg,528,99,66,9,172,58,69,244,46,103,51,246,44,3,204,87,67,53,46,75,36,89,51,64,88,247,64,122,48,127,31,8,182,63,52,115,184,518,70,197,54,130,20,241,56,81,38,182,28,260,58,305,22,104,12,26,1,5,216,68,120,147,182,321,63,134,60,153,24,211,42,74,59,263,59,467,68,339,29,123,15,56,1,59,55,100,42,208,55,114,11,65,20,92,39,135,31,128,18,45,4,144,55,153,23,200,49,102,16,45,1,68,12,624,45,996,Nor
Medial Tibia of Normal_63.jpg,520,89,49,12,193,66,61,293,48,91,55,200,33,3,220,70,63,60,68,111,32,78,62,65,93,254,51,129,47,127,32,18,192,79,63,155,185,499,98,180,64,131,23,235,46,90,46,199,30,248,57,301,15,95,9,14,2,3,223,88,93,151,195,232,57,148,62,140,23,218,56,85,63,244,63,457,79,312,29,108,12,49,5,77,61,114,42,196,73,95,16,92,23,67,19,128,30,148,21,26,0,136,45,145,32,214,46,106,13,42,1,73,22,625,40,1008,Nor
Medial Tibia of Normal_7.jpg,481,55,58,10,205,61,100,279,72,93,45,274,56,13,168,109,40,75,38,105,48,81,52,81,79,194,37,107,44,127,32,2,204,66,96,154,176,266,52,137,49,153,42,271,53,85,53,255,73,507,103,284,33,97,16,52,7,9,156,67,72,140,186,468,110,207,62,132,35,242,52,96,38,170,49,251,48,264,24,96,5,27,3,69,37,94,29,164,47,90,17,66,13,127,57,125,31,146,47,37,3,196,56,133,29,217,58,83,16,24,1,82,14,593,51,1013,Nor
Medial Tibia of Normal_8.jpg,420,81,71,12,126,72,76,294,62,98,38,186,44,7,184,96,50,68,39,95,27,85,72,39,117,225,77,132,41,123,56,8,124,75,58,179,146,503,99,213,52,128,36,259,51,99,47,213,41,247,50,289,29,76,22,22,4,6,167,60,94,173,159,266,43,143,52,160,47,257,58,87,47,231,65,474,100,311,24,99,28,32,4,70,38,108,39,188,63,91,13,69,19,116,37,107,44,124,23,21,2,157,62,153,40,221,67,100,21,40,1,70,14,589,63,969,Nor
Medial Tibia of Normal_9.jpg,469,87,50,13,163,73,75,284,47,104,50,194,35,8,207,82,53,73,58,84,32,113,56,59,100,286,79,138,62,118,35,11,171,73,59,143,152,494,110,218,58,137,31,261,48,101,42,164,28,178,42,275,18,97,10,36,1,7,227,72,103,136,162,186,40,140,50,162,48,239,73,73,57,262,69,498,113,286,29,115,22,57,4,64,50,124,49,227,60,89,14,82,15,69,32,103,31,134,19,19,2,107,39,149,35,237,73,94,18,53,3,81,18,613,56,1000,Nor
Medial Tibia of OA_1.jpg,436,100,62,11,182,62,41,261,46,92,61,182,38,12,219,73,69,70,52,93,25,94,51,64,87,264,68,118,35,90,28,16,154,65,69,175,169,514,102,223,74,147,25,282,60,97,50,173,28,258,70,326,24,106,15,22,0,6,224,72,84,145,144,244,47,136,52,143,43,230,64,72,55,241,62,464,77,278,26,96,19,38,1,67,60,119,52,182,62,107,13,56,10,97,30,120,24,120,28,29,2,157,47,120,40,247,70,115,14,37,2,80,8,608,54,998,OA
Medial Tibia of OA_10.jpg,657,73,40,5,228,49,102,258,39,83,52,262,49,7,218,104,52,73,48,107,36,77,34,46,99,223,44,110,34,127,23,4,229,45,100,137,184,456,48,147,49,151,36,232,48,70,59,229,34,462,59,422,16,82,8,32,3,9,214,58,81,134,196,500,59,144,55,156,23,240,51,89,44,200,39,409,56,450,19,102,8,36,0,47,28,79,25,142,45,90,10,50,7,76,28,135,25,142,21,38,0,143,40,129,21,220,54,93,7,35,1,54,9,579,30,896,OA
Medial Tibia of OA_11.jpg,480,84,61,11,169,65,68,248,59,127,46,183,37,7,204,89,56,84,49,77,37,90,72,55,83,247,64,131,46,110,39,7,166,68,90,185,177,418,98,205,59,130,21,296,57,117,38,178,27,296,47,304,20,96,5,14,1,12,166,67,88,177,172,233,53,174,59,150,40,263,69,112,56,222,50,393,95,289,17,101,12,35,4,59,54,112,52,202,57,89,8,50,8,93,26,117,34,121,35,25,2,142,70,147,39,268,69,115,12,40,2,49,5,589,36,1007,OA
Medial Tibia of OA_12.jpg,666,91,48,9,219,58,70,271,39,91,50,212,32,3,227,95,56,43,48,81,23,96,43,67,87,221,48,116,38,114,23,9,217,75,75,166,269,517,69,185,46,130,26,240,61,95,45,181,40,336,61,355,16,83,6,35,2,4,229,54,83,184,259,319,50,143,49,141,32,217,51,74,44,219,46,494,63,326,12,100,8,46,3,54,59,117,39,169,56,88,5,73,12,98,19,131,32,128,21,33,3,130,51,110,24,235,43,108,12,48,1,64,10,598,23,978,OA
Medial Tibia of OA_13.jpg,415,72,65,8,120,67,60,278,82,89,48,167,36,7,156,65,58,58,35,91,37,101,80,54,98,255,93,100,38,111,35,12,125,66,78,146,136,552,111,213,57,115,29,274,77,98,52,179,53,296,41,381,39,98,13,28,2,2,171,59,99,134,124,236,57,101,57,154,33,200,64,66,59,270,90,593,117,316,30,95,23,48,5,59,43,100,43,198,57,100,8,65,12,93,42,118,57,157,25,27,0,133,49,155,53,249,61,109,20,44,5,68,10,602,44,932,OA
Medial Tibia of OA_14.jpg,573,84,71,9,206,80,75,272,56,99,38,170,43,7,214,103,48,61,51,72,28,72,62,62,93,196,47,106,53,95,27,13,170,77,92,195,230,470,74,196,46,140,15,286,53,128,47,186,39,342,70,326,17,74,2,16,3,10,193,60,87,191,220,366,48,170,53,132,29,248,45,91,58,223,51,471,86,297,14,87,5,24,2,71,42,109,56,200,58,82,4,57,9,84,34,116,33,138,17,22,1,157,59,154,26,235,49,92,11,36,1,75,12,565,25,922,OA
Medial Tibia of OA_15.jpg,493,99,52,9,160,79,77,267,65,113,67,199,39,6,227,99,41,63,44,103,25,87,48,59,87,250,85,127,44,119,30,13,173,64,76,154,161,476,84,183,55,134,24,252,57,95,41,179,38,239,49,267,26,98,15,22,3,8,181,77,96,171,151,266,52,131,52,131,33,247,56,96,64,239,74,500,95,329,27,105,17,48,1,62,41,144,42,200,53,88,11,87,19,76,31,102,27,118,23,29,4,127,42,146,40,208,63,87,16,35,2,81,17,639,49,990,OA
Medial Tibia of OA_16.jpg,432,96,51,15,168,96,62,243,77,115,51,191,32,6,203,89,74,86,64,98,36,95,54,88,80,222,70,147,42,122,28,16,180,101,77,163,168,414,104,248,60,104,24,234,76,128,44,184,41,221,62,270,26,90,17,27,2,9,224,70,74,134,127,234,65,153,51,139,39,216,63,87,53,250,62,367,102,236,28,94,17,26,4,75,55,122,52,210,54,85,18,93,20,83,39,120,27,113,28,30,3,168,52,157,48,223,71,103,20,34,5,98,16,609,56,1073,OA
Medial Tibia of OA_17.jpg,760,108,73,7,211,69,82,147,49,97,74,238,37,8,225,58,67,77,64,166,31,90,38,69,79,269,52,170,43,175,20,6,232,67,83,163,152,488,72,205,49,102,10,162,48,86,58,239,32,303,45,304,17,131,6,33,2,4,221,64,100,172,152,345,46,173,39,140,21,125,23,65,70,301,45,561,75,353,20,114,10,30,1,101,82,252,33,231,51,114,13,69,14,161,39,203,23,94,7,28,0,169,42,128,9,133,19,120,12,36,2,69,11,472,13,699,OA
Medial Tibia of OA_18.jpg,533,64,69,12,169,72,66,266,50,98,54,176,37,7,201,82,48,70,38,75,26,68,64,65,92,221,50,90,39,92,29,12,190,67,81,198,222,499,94,174,59,132,28,318,61,116,43,177,51,341,50,325,16,70,7,28,2,6,202,65,85,191,220,316,49,133,54,137,16,225,49,82,59,247,55,499,79,324,20,91,8,30,1,67,44,113,38,223,52,108,7,60,6,70,32,111,31,119,25,21,0,154,52,156,33,237,55,106,9,32,3,62,12,580,39,933,OA
Medial Tibia of OA_19.jpg,510,73,44,5,204,55,118,323,43,100,47,212,38,14,195,107,39,50,39,82,40,81,53,56,84,173,18,84,27,94,32,3,264,43,86,204,276,342,62,162,63,143,16,324,34,73,46,188,27,478,76,360,14,89,8,30,1,5,194,56,58,177,249,555,82,205,65,147,20,282,45,98,39,144,16,325,55,348,17,91,8,24,1,63,64,75,18,133,41,80,6,60,11,87,30,103,21,120,20,23,1,162,45,133,23,282,50,76,5,25,0,81,9,572,19,944,OA
Medial Tibia of OA_2.jpg,450,92,66,8,139,72,81,218,46,100,54,192,46,7,181,74,48,62,46,117,43,115,57,51,83,268,49,148,41,128,39,1,160,60,87,132,154,547,89,202,58,114,24,215,62,95,45,228,48,313,47,378,31,87,14,34,1,10,155,58,101,139,139,291,49,123,46,135,36,187,49,86,49,257,75,574,92,338,33,118,16,40,3,58,44,129,25,204,61,110,16,75,17,110,47,132,33,97,31,35,0,143,41,133,36,205,59,107,14,41,1,70,23,581,33,869,OA
Medial Tibia of OA_20.jpg,510,98,46,7,196,71,76,241,25,98,37,193,25,7,268,80,52,78,65,98,43,104,37,65,104,232,54,123,41,132,10,10,198,75,70,153,201,445,85,193,54,126,17,273,32,105,53,213,25,276,56,305,19,97,8,30,3,5,287,58,98,134,204,258,26,141,53,159,25,199,52,91,44,283,50,464,69,274,13,101,15,43,0,76,66,146,37,220,57,95,7,61,10,128,36,155,23,140,21,27,1,158,49,168,23,206,47,99,12,43,2,78,11,602,26,935,OA
Medial Tibia of OA_21.jpg,845,22,96,2,138,22,98,939,55,83,18,90,12,2,144,114,18,29,14,26,8,26,92,22,111,99,25,26,17,48,25,2,147,19,106,65,279,159,31,67,27,135,40,921,44,76,18,74,16,126,16,126,1,30,0,12,1,4,145,18,106,88,328,158,17,58,13,110,37,919,156,92,25,130,29,181,38,163,1,32,0,20,1,31,7,47,15,90,22,33,0,19,2,41,11,51,29,143,55,10,1,56,18,99,29,916,150,25,1,15,0,15,2,900,19,1437,OA
Medial Tibia of OA_22.jpg,398,120,62,14,174,69,77,264,65,113,67,170,36,15,207,86,54,63,55,82,31,132,57,80,84,243,59,110,42,105,21,12,181,91,80,146,157,333,91,172,74,133,25,285,66,112,56,161,42,248,68,235,30,124,11,36,0,19,186,69,87,161,156,220,66,135,58,117,29,237,64,81,60,216,54,373,87,237,29,102,23,33,1,62,54,109,51,176,61,108,21,103,23,79,38,108,28,140,32,21,1,153,52,137,33,256,54,119,18,29,3,96,32,703,77,1178,OA
Medial Tibia of OA_23.jpg,400,100,72,10,138,71,58,227,68,97,62,232,59,2,138,84,55,67,48,97,38,117,77,69,80,235,70,122,53,128,31,12,129,84,68,164,112,392,94,200,56,119,35,229,63,86,71,201,59,232,72,333,30,102,17,37,6,9,158,80,69,177,149,314,68,176,59,151,42,189,52,76,53,240,74,375,105,349,40,109,16,40,5,58,56,110,54,189,51,125,17,76,26,105,43,137,37,120,35,31,4,152,61,136,42,192,58,120,30,43,3,85,18,629,68,1000,OA
Medial Tibia of OA_24.jpg,385,105,61,17,136,73,74,246,58,91,50,234,67,3,142,92,54,56,34,107,34,91,62,75,80,233,65,108,48,124,33,7,151,84,69,155,151,356,81,191,62,127,35,247,72,76,52,218,52,265,70,310,40,102,21,37,1,7,146,64,89,151,157,353,72,194,63,133,46,213,45,72,52,236,83,430,89,343,49,105,24,46,2,67,26,112,49,185,54,98,21,109,20,106,33,114,39,135,29,26,3,156,45,132,26,191,52,111,22,26,4,85,21,644,67,980,OA
Medial Tibia of OA_25.jpg,548,86,32,11,187,66,83,290,46,95,39,212,45,10,218,91,58,60,36,100,43,83,48,71,88,223,37,97,37,128,34,12,197,66,84,152,189,444,65,187,50,132,28,245,44,92,40,195,35,382,66,324,16,93,10,29,0,7,211,56,85,191,219,474,76,196,52,148,25,232,56,88,46,223,29,466,74,381,17,103,7,18,2,49,29,100,39,154,52,73,10,56,8,85,29,86,34,129,29,24,2,166,51,121,20,235,38,90,6,35,1,55,9,531,36,910,OA
Medial Tibia of OA_26.jpg,719,64,58,3,210,32,104,200,49,60,36,236,36,7,193,82,38,66,53,131,38,72,62,49,77,189,34,106,31,131,12,6,227,58,118,182,252,398,47,184,44,119,21,211,43,67,49,263,38,695,81,462,15,92,4,30,1,4,168,62,67,203,242,695,71,184,37,121,24,175,20,92,51,182,31,409,42,415,22,75,5,23,0,83,63,119,27,175,41,79,6,45,10,142,34,157,22,129,16,31,0,202,50,139,10,165,28,94,3,30,0,51,5,434,6,686,OA
Medial Tibia of OA_27.jpg,552,127,36,6,217,60,78,158,38,79,66,226,40,1,241,66,63,51,80,131,37,105,30,52,66,222,30,147,31,174,12,5,233,65,68,137,130,399,53,177,56,122,6,197,54,78,69,234,39,336,43,347,24,113,14,36,0,9,201,70,92,158,163,352,61,144,63,132,19,120,38,91,58,288,40,438,62,403,20,142,16,42,3,80,92,179,31,209,63,125,15,81,20,183,36,196,22,160,25,43,1,176,73,142,17,134,35,108,11,35,1,69,20,583,33,825,OA
Medial Tibia of OA_28.jpg,474,107,56,4,177,93,70,184,40,78,85,258,47,9,177,92,71,92,88,192,58,134,50,85,72,239,52,195,51,165,31,13,205,99,70,162,109,318,69,197,75,114,20,183,50,96,74,230,42,218,58,266,26,131,25,32,1,7,177,92,70,159,122,252,60,191,66,117,22,135,47,78,71,245,36,284,60,292,34,113,10,33,4,84,79,164,34,158,69,108,17,119,32,151,31,165,45,117,14,37,5,165,74,109,28,168,42,134,27,47,1,124,22,614,55,961,OA
Medial Tibia of OA_29.jpg,690,81,51,2,277,52,120,192,50,84,57,240,50,5,177,75,54,71,54,129,33,89,67,54,82,219,37,137,42,157,28,1,259,48,106,165,179,348,52,148,36,146,26,195,44,78,65,309,58,556,70,438,12,103,5,37,2,3,199,50,53,137,153,541,84,215,40,123,24,160,27,78,51,199,32,327,45,394,19,91,11,27,1,69,59,108,23,153,45,90,7,53,9,169,38,154,30,130,16,54,1,232,50,138,14,185,35,121,6,45,0,54,13,549,24,779,OA
Medial Tibia of OA_3.jpg,560,112,43,7,235,64,100,223,50,64,58,261,60,7,181,88,46,46,75,125,38,135,43,57,69,206,36,85,28,126,28,5,216,63,106,125,182,225,47,125,59,145,26,202,36,87,63,311,59,449,99,322,31,120,15,43,1,5,180,77,66,107,128,447,82,195,56,107,22,162,49,104,50,217,46,226,49,320,18,96,12,24,3,60,73,121,34,137,61,107,21,95,21,165,42,169,25,149,33,54,4,220,68,145,23,189,49,136,22,41,3,93,18,662,49,1016,OA
Medial Tibia of OA_30.jpg,501,105,96,2,133,50,96,171,81,68,58,250,65,3,104,70,41,52,28,119,38,112,96,57,72,210,77,99,27,129,45,6,126,55,93,128,150,359,66,135,41,120,35,181,73,77,54,288,90,579,115,458,44,104,22,51,5,3,114,51,71,127,148,484,86,161,56,136,34,142,32,63,61,215,66,315,67,435,40,126,18,51,4,62,42,111,43,153,33,100,16,51,22,180,50,175,65,143,33,53,2,232,31,158,24,138,32,116,21,51,4,71,24,610,50,835,OA
Medial Tibia of OA_31.jpg,620,84,46,2,161,68,72,176,58,86,60,243,34,4,233,70,34,89,46,136,38,67,50,58,83,237,55,139,50,155,34,18,178,54,49,143,165,583,84,207,49,104,11,201,54,80,44,174,35,373,48,328,20,74,4,18,2,4,215,67,84,199,174,363,67,177,41,145,36,170,22,80,70,273,70,706,111,392,22,102,13,30,1,75,50,201,42,230,53,101,7,72,8,116,37,135,28,131,17,30,1,142,48,137,28,161,29,70,8,33,1,50,13,462,18,748,OA
Medial Tibia of OA_32.jpg,438,116,56,10,159,102,61,151,55,93,65,220,35,5,203,78,75,94,81,165,43,98,51,72,63,286,57,177,54,164,29,7,162,93,66,170,123,475,83,219,47,105,18,175,41,96,57,207,35,255,37,306,38,115,19,22,0,7,217,80,98,163,110,260,67,166,53,114,26,162,36,74,60,316,67,493,82,289,41,120,14,24,3,81,73,206,42,258,53,106,21,107,19,107,33,144,26,118,27,21,1,150,70,136,19,143,38,96,22,39,3,94,22,518,36,824,OA
Medial Tibia of OA_33.jpg,567,95,70,9,182,52,104,287,45,87,54,235,60,13,142,115,42,41,33,82,24,82,59,59,79,180,41,58,24,88,34,9,206,49,102,194,234,382,54,136,53,133,38,283,59,103,51,230,44,498,80,335,18,87,8,32,1,9,146,59,72,178,231,500,85,165,54,118,26,285,56,88,42,210,39,411,58,373,18,85,10,22,1,52,35,88,28,145,44,84,13,56,10,94,42,81,32,117,32,34,2,174,39,128,34,280,59,85,7,27,1,55,6,594,32,928,OA
Medial Tibia of OA_34.jpg,714,115,52,4,252,65,76,159,34,51,49,234,35,5,228,63,50,82,79,166,32,119,25,66,69,200,26,140,35,197,21,5,261,73,74,150,149,326,37,135,41,101,17,173,37,71,56,285,42,444,65,349,29,108,14,26,1,4,206,67,82,148,151,419,71,198,47,99,12,127,20,82,61,214,32,344,42,401,32,113,11,44,0,85,77,176,38,172,59,111,11,111,28,170,51,213,18,142,9,39,1,208,55,119,13,130,28,126,9,46,2,87,19,562,30,896,OA
Medial Tibia of OA_35.jpg,601,66,66,8,160,40,71,205,45,72,39,219,47,3,159,70,55,67,54,114,24,50,66,48,88,245,57,130,42,141,41,5,136,64,88,187,182,565,76,205,33,120,13,175,57,75,50,222,47,451,64,498,18,81,10,31,2,5,156,46,90,195,181,464,50,152,31,127,28,169,29,76,35,223,64,684,73,451,28,88,10,40,0,65,32,160,50,197,30,82,9,54,16,104,46,135,30,125,23,26,2,167,28,139,26,150,18,106,12,31,0,48,7,462,27,660,OA
Medial Tibia of OA_36.jpg,618,87,57,4,144,59,78,192,61,93,51,221,51,2,174,74,55,76,43,111,44,81,71,40,87,270,80,159,42,156,37,6,134,66,83,147,137,541,72,184,44,114,25,198,71,81,42,253,47,393,48,407,26,84,5,38,2,4,189,48,101,162,156,349,55,149,40,121,30,197,21,104,48,265,77,534,76,381,31,110,7,42,2,80,38,163,48,217,41,88,16,50,14,138,39,159,46,135,18,27,3,166,39,126,24,164,39,94,13,30,1,54,13,499,37,767,OA
Medial Tibia of OA_37.jpg,431,145,75,9,183,66,79,177,69,63,67,226,64,8,175,69,73,76,59,130,58,150,48,77,72,231,55,153,53,136,35,9,158,93,59,142,114,284,73,169,55,140,16,192,56,72,80,277,58,319,79,297,52,129,30,38,5,5,173,98,69,135,83,338,77,179,60,129,20,136,36,78,74,231,48,264,62,284,47,124,15,27,4,88,95,167,52,146,57,124,22,125,23,219,53,166,32,139,30,41,1,188,63,128,32,129,34,149,29,29,2,114,34,629,60,984,OA
Medial Tibia of OA_38.jpg,503,71,66,14,140,50,82,300,55,104,35,150,39,11,168,103,49,45,19,50,18,59,69,77,128,214,73,77,33,61,31,20,142,54,81,219,250,661,118,191,49,109,26,353,77,93,35,146,29,329,57,354,26,66,7,24,1,12,208,47,126,233,230,317,58,113,46,119,45,276,64,80,47,203,61,621,120,312,13,93,5,36,5,37,21,69,28,185,44,78,9,53,11,40,18,59,30,129,32,17,4,123,52,146,32,272,54,85,10,27,3,60,6,575,38,962,OA
Medial Tibia of OA_39.jpg,741,96,54,7,205,79,72,187,50,71,57,220,39,4,233,84,63,71,57,137,28,87,60,65,100,191,42,132,30,118,18,6,206,60,78,180,184,487,76,172,32,117,16,211,49,98,70,251,44,353,57,359,15,74,2,27,0,7,202,65,99,191,196,376,62,157,53,107,22,191,37,74,65,255,53,526,64,362,18,95,10,44,0,76,57,179,55,221,62,114,7,81,14,125,47,173,30,145,18,36,1,176,58,136,13,157,34,109,13,35,1,66,12,495,24,809,OA
Medial Tibia of OA_4.jpg,575,100,47,3,228,72,100,232,41,85,58,261,58,11,195,109,36,57,62,131,38,105,43,84,47,190,29,77,38,116,17,3,247,70,99,141,157,205,44,118,66,150,27,232,44,91,47,272,53,460,90,276,14,116,19,43,2,11,200,83,52,177,190,462,90,219,74,104,22,166,50,120,53,204,29,249,45,320,24,107,14,23,0,79,55,99,33,149,70,122,19,75,20,117,40,133,36,156,23,36,2,207,75,145,21,213,51,91,13,25,1,100,20,630,41,1010,OA
Medial Tibia of OA_40.jpg,770,101,37,6,221,72,70,141,35,75,64,221,26,2,281,60,53,70,82,132,33,108,27,58,94,263,41,195,36,184,20,5,211,42,67,119,167,478,59,210,44,126,13,183,26,79,56,241,31,254,22,361,17,109,7,36,0,3,263,58,96,130,166,254,32,135,46,143,21,137,29,78,64,333,52,516,65,402,14,100,13,41,1,80,104,246,47,250,64,113,5,74,15,155,29,205,24,134,13,34,0,147,47,133,17,140,30,109,6,42,2,78,11,585,19,791,OA
Medial Tibia of OA_41.jpg,480,124,77,6,124,76,71,232,82,71,59,211,64,8,150,84,48,61,45,107,42,148,76,59,80,257,81,95,51,128,36,10,151,83,68,142,116,434,86,186,55,141,29,202,75,91,60,190,65,226,49,312,45,119,23,25,4,5,146,97,82,142,109,274,59,135,50,133,43,168,67,86,66,281,75,384,91,319,49,103,29,39,6,61,64,138,53,180,54,137,27,91,25,122,39,157,35,160,35,37,5,152,54,120,42,176,50,117,20,47,6,108,32,643,73,997,OA
Medial Tibia of OA_42.jpg,592,108,40,5,222,64,86,218,46,74,54,275,53,9,166,90,47,94,79,140,35,105,43,67,72,208,26,100,30,141,20,5,205,59,106,179,162,271,60,140,43,128,17,216,33,78,69,270,48,499,85,310,16,97,22,36,0,8,195,84,69,169,156,446,85,203,57,106,20,190,38,97,58,202,22,255,48,305,16,107,12,32,1,74,70,124,34,147,55,124,20,84,21,147,55,141,36,147,23,38,3,221,60,135,17,193,42,112,9,24,0,75,20,587,40,902,OA
Medial Tibia of OA_43.jpg,547,103,67,6,169,66,66,242,43,101,44,180,37,7,217,76,72,62,57,110,30,120,53,59,90,268,55,120,39,127,31,7,198,90,61,184,172,333,78,193,59,130,22,259,58,77,52,214,35,255,62,332,32,118,19,27,3,9,225,71,66,186,204,267,78,145,58,147,31,189,55,100,47,201,47,437,80,340,25,124,21,42,1,66,58,123,51,187,61,109,14,93,27,104,34,135,31,125,33,28,3,156,48,134,29,201,49,113,23,33,4,110,24,597,54,975,OA
Medial Tibia of OA_44.jpg,410,93,75,12,148,76,86,266,68,98,63,195,56,8,145,94,53,49,37,77,26,77,82,75,70,192,82,111,42,98,47,15,158,66,79,194,169,389,82,156,48,122,50,269,59,103,43,177,49,363,80,287,29,85,20,35,3,20,155,85,77,172,178,342,70,160,45,126,34,228,73,91,55,208,75,452,89,292,28,109,16,25,6,67,43,95,41,183,61,101,22,78,15,68,35,107,54,143,26,19,3,153,56,136,49,254,63,90,15,32,3,61,11,620,63,1052,OA
Medial Tibia of OA_45.jpg,468,80,59,8,147,67,78,297,55,119,45,196,43,4,186,91,63,72,45,97,35,104,47,50,105,265,69,135,57,123,43,8,177,70,72,150,190,490,84,213,58,147,23,254,43,94,54,199,29,243,49,268,22,90,9,20,1,9,217,59,76,159,213,319,56,146,54,147,38,306,61,85,54,238,48,461,91,325,20,107,11,39,1,55,50,116,38,171,67,104,7,62,12,62,24,99,30,126,20,17,0,134,40,128,38,234,50,106,12,29,0,60,14,598,42,981,OA
Medial Tibia of OA_46.jpg,439,100,89,4,125,49,53,179,74,101,48,215,75,3,132,53,69,68,43,129,43,68,93,45,85,277,83,157,59,201,45,0,115,66,69,113,118,441,73,156,59,171,25,181,73,72,59,254,66,316,67,380,39,114,21,38,2,3,141,61,80,110,108,331,59,148,49,128,36,168,43,79,47,276,94,359,62,353,40,106,22,45,1,79,34,215,59,183,44,127,24,69,20,227,47,249,51,151,35,45,6,160,49,149,39,130,51,120,20,47,2,51,14,604,69,849,OA
Medial Tibia of OA_47.jpg,578,112,42,11,257,57,63,140,36,65,46,265,33,5,220,74,41,63,93,177,40,114,41,66,68,211,22,136,34,189,15,3,239,67,94,123,198,307,38,171,39,125,19,189,39,61,62,292,48,532,76,433,20,110,14,41,1,7,218,56,76,118,193,404,69,171,46,125,15,129,17,80,50,218,21,322,49,341,24,114,12,40,1,64,68,104,37,136,65,119,15,83,16,223,39,194,17,138,13,46,2,238,61,129,11,131,23,133,7,35,0,82,23,565,30,858,OA
Medial Tibia of OA_48.jpg,428,173,53,15,175,111,42,125,34,85,67,187,34,13,224,75,74,89,119,126,50,181,49,110,73,288,61,239,63,175,14,11,183,95,65,152,127,344,94,267,74,78,9,131,35,88,69,190,24,195,50,253,38,157,17,24,2,6,226,127,84,173,120,197,53,151,50,95,18,122,22,63,85,290,53,374,86,256,50,143,20,37,1,93,83,191,46,244,65,142,21,138,35,110,39,131,16,94,7,17,1,145,58,112,14,111,24,118,29,35,2,163,35,596,46,948,OA
Medial Tibia of OA_49.jpg,510,100,47,17,212,66,93,420,79,91,51,177,49,15,203,105,41,48,52,64,21,96,50,56,89,148,33,53,33,84,30,13,234,66,95,145,217,199,63,112,62,112,26,417,61,88,58,167,45,291,75,216,13,90,7,34,3,11,184,55,80,135,204,316,82,132,69,153,30,382,121,91,45,131,32,250,66,224,24,90,10,39,8,37,38,57,19,114,47,74,10,79,14,62,32,74,24,104,43,32,5,115,53,122,39,394,121,89,13,42,2,78,15,849,71,1385,OA
Medial Tibia of OA_5.jpg,377,107,59,11,156,87,72,257,55,100,51,198,37,6,150,91,55,80,55,125,37,118,60,64,91,252,63,126,47,138,38,7,164,87,66,152,144,407,87,189,80,153,26,256,63,112,52,168,49,225,61,276,25,94,19,26,2,12,181,57,79,131,147,235,50,162,70,147,49,227,50,80,55,230,52,363,91,277,29,120,8,40,5,72,53,125,45,212,56,93,16,81,26,104,41,117,43,120,25,35,4,149,56,157,46,213,62,116,22,35,3,86,19,619,63,1050,OA
Medial Tibia of OA_50.jpg,642,123,54,12,242,83,79,350,48,96,76,236,60,9,207,83,47,66,61,148,37,123,50,71,69,183,31,104,32,131,22,9,249,60,73,119,163,226,51,133,54,134,22,337,65,94,80,200,39,246,52,249,26,97,14,43,1,9,217,66,69,91,151,250,60,191,57,145,41,307,113,90,62,163,39,207,38,228,18,110,19,49,3,57,42,97,35,116,50,109,13,77,17,116,36,92,29,112,28,41,1,153,56,134,37,320,117,90,12,31,2,89,22,775,95,1234,OA
Medial Tibia of OA_51.jpg,358,117,68,12,151,68,70,367,92,92,68,194,58,11,154,88,37,61,46,88,26,111,80,68,74,186,64,99,32,99,44,12,124,62,71,110,120,216,75,120,51,124,44,358,87,98,54,192,55,215,72,224,34,95,24,33,4,5,156,58,89,108,146,206,70,128,49,132,34,341,122,74,60,218,64,280,79,238,45,120,25,41,7,45,38,110,38,159,54,94,15,107,26,64,38,92,32,123,45,28,6,112,53,127,55,326,136,88,17,41,7,118,27,854,135,1318,OA
Medial Tibia of OA_52.jpg,460,175,52,7,217,86,77,169,36,74,74,267,45,7,186,79,69,100,93,144,51,165,54,103,69,221,29,138,41,162,20,6,216,114,86,165,125,186,58,145,76,120,14,172,44,71,56,274,44,299,66,254,36,160,21,33,3,5,178,99,56,142,115,338,73,217,70,107,14,131,30,81,58,190,29,213,45,285,33,134,22,30,0,79,80,147,36,138,70,129,23,173,41,123,52,151,23,122,16,34,2,218,75,103,15,147,20,151,21,27,0,149,50,654,40,996,OA
Medial Tibia of OA_53.jpg,385,90,72,16,154,68,82,456,104,98,56,142,47,14,157,93,49,53,33,70,38,95,67,72,82,156,51,71,29,95,40,21,161,79,62,104,154,198,59,124,58,122,63,446,80,89,55,135,60,178,71,158,25,66,21,33,8,16,182,73,76,98,130,203,69,120,60,125,45,387,147,90,54,152,61,191,69,135,28,78,14,43,8,61,48,76,38,109,65,92,25,101,21,78,33,91,34,131,43,42,10,98,50,123,51,377,126,87,28,36,10,99,24,932,136,1526,OA
Medial Tibia of OA_54.jpg,394,123,66,10,157,65,87,258,68,101,52,176,54,10,159,83,49,68,45,92,37,136,64,63,92,242,76,134,47,120,43,8,133,64,85,119,147,321,84,172,66,128,35,296,68,94,65,200,57,209,78,248,30,111,16,38,4,6,159,73,87,138,157,266,61,125,57,149,44,218,73,82,58,240,73,347,79,310,28,109,19,53,2,67,48,103,42,184,47,103,21,96,28,107,36,128,47,143,36,38,4,136,63,151,39,220,62,126,26,49,5,90,24,716,83,1130,OA
Medial Tibia of OA_55.jpg,510,120,49,6,207,83,81,235,38,85,73,252,72,11,186,97,58,71,90,150,40,126,56,83,78,180,33,105,42,132,25,6,227,92,94,150,137,234,49,136,48,131,24,215,56,65,77,267,57,378,69,285,39,117,21,35,2,8,167,75,70,152,158,416,89,222,63,107,30,200,62,100,48,176,33,253,47,282,32,126,10,38,2,70,54,98,26,116,50,114,18,92,25,157,41,112,28,139,27,42,1,216,51,111,26,197,56,107,15,36,2,113,21,647,58,1045,OA
Medial Tibia of OA_56.jpg,561,113,45,14,241,72,93,315,46,87,55,219,47,9,227,76,66,62,78,102,34,127,43,79,66,192,31,96,33,124,15,5,233,83,95,123,157,255,61,127,41,99,17,288,53,80,66,213,47,303,73,246,19,114,11,45,5,12,237,63,73,141,180,335,76,166,59,149,32,275,98,81,52,180,25,226,49,281,19,100,18,33,5,50,70,74,28,113,50,106,17,104,20,118,44,115,15,100,36,37,2,169,53,115,23,288,73,122,10,39,2,101,23,759,68,1196,OA
Medial Tibia of OA_57.jpg,464,132,52,7,160,81,61,270,65,106,53,177,36,10,173,96,63,73,57,106,46,125,54,84,91,252,84,136,56,119,49,8,165,72,77,117,139,352,88,183,75,143,22,266,57,82,57,184,36,215,56,224,26,106,11,34,2,9,203,71,86,110,171,207,64,117,65,119,32,238,71,102,74,227,56,315,80,217,24,124,19,40,3,77,66,131,49,211,75,93,18,103,19,99,43,121,31,143,21,29,4,134,52,137,31,237,77,128,12,44,3,96,27,720,88,1181,OA
Medial Tibia of OA_58.jpg,536,118,72,11,181,66,74,440,91,86,54,152,40,17,234,110,58,54,43,74,26,108,58,54,92,178,44,72,35,79,38,14,212,69,68,94,178,177,50,118,47,145,42,434,77,92,57,152,42,167,52,151,24,78,19,31,3,17,225,60,88,105,179,153,55,127,60,127,31,387,150,84,53,165,52,188,73,162,15,89,14,21,0,58,46,77,39,113,60,96,13,98,33,81,34,110,26,115,29,40,4,109,59,136,36,407,132,78,16,34,2,92,28,941,112,1542,OA
Medial Tibia of OA_59.jpg,483,54,63,11,142,59,78,296,76,99,41,192,53,7,171,106,37,64,31,64,31,71,72,51,96,189,68,87,34,83,43,14,134,65,60,201,257,534,102,178,52,154,32,311,82,100,50,166,28,392,73,335,33,74,7,17,3,9,168,56,126,209,240,426,87,174,42,133,43,298,52,94,36,233,61,521,86,371,26,79,12,23,5,52,25,88,48,170,34,60,4,63,9,66,28,78,35,131,38,21,1,157,38,134,27,234,57,82,6,30,1,53,13,532,32,884,OA
Medial Tibia of OA_6.jpg,399,81,62,13,118,65,59,220,67,118,38,140,37,7,208,76,40,52,35,60,21,66,41,48,106,263,91,122,53,100,43,22,129,72,46,171,159,598,104,213,53,106,23,270,58,137,46,189,39,235,50,296,35,65,11,15,1,6,198,58,118,151,122,223,48,120,49,128,46,185,57,92,51,296,110,595,111,268,34,105,23,38,3,82,51,179,48,238,61,97,13,58,10,113,38,144,62,136,32,27,6,144,56,170,41,201,47,113,16,48,3,73,8,571,73,938,OA
Medial Tibia of OA_60.jpg,500,107,76,5,134,75,60,214,55,99,51,197,47,6,188,76,54,58,44,108,28,101,66,44,76,270,67,152,62,157,41,9,133,70,70,151,137,501,114,222,52,126,17,219,53,99,44,199,43,228,50,336,35,96,9,33,3,5,183,62,90,144,165,265,64,156,52,139,35,164,46,79,45,259,65,543,109,358,34,110,20,48,4,56,43,132,48,179,58,101,22,89,18,108,37,136,26,117,26,27,5,147,46,129,26,206,48,108,23,42,5,77,21,581,55,976,OA
Medial Tibia of OA_61.jpg,522,112,47,10,244,78,92,261,48,110,56,203,31,4,208,83,54,58,51,96,30,86,42,76,79,169,37,106,32,87,15,4,237,58,97,171,232,338,54,143,56,136,18,247,48,107,56,197,41,487,68,342,19,108,14,35,6,5,193,77,95,166,196,418,71,177,55,135,22,225,57,92,53,213,30,331,53,333,22,101,10,23,0,62,59,101,28,145,56,114,12,71,25,86,31,104,25,141,29,43,3,170,67,142,20,228,61,103,9,34,0,81,19,627,43,980,OA
Medial Tibia of OA_62.jpg,516,87,59,6,172,48,86,260,62,85,54,234,54,7,166,114,48,77,48,123,40,87,61,65,85,215,49,106,37,113,42,9,182,72,105,162,197,330,57,161,45,151,46,268,50,93,47,236,59,480,79,340,28,105,10,44,2,7,184,61,73,141,161,450,68,177,49,112,29,238,50,111,58,186,34,241,49,285,30,84,11,27,1,79,57,122,37,160,58,104,9,66,8,139,44,135,51,155,44,23,2,206,49,153,41,234,54,115,18,14,4,61,13,566,47,902,OA
Medial Tibia of OA_63.jpg,576,76,42,1,240,61,101,285,49,80,54,250,55,16,182,102,49,58,28,121,47,77,41,69,63,182,31,77,28,100,23,12,230,51,105,160,185,233,41,132,54,126,39,243,53,91,61,245,55,505,77,274,15,104,9,28,0,9,215,74,62,179,182,604,112,203,53,120,16,221,52,109,60,203,36,245,57,286,15,99,7,22,1,85,62,82,34,169,50,116,9,73,13,132,42,133,33,155,31,42,0,185,70,136,23,230,55,96,10,18,1,60,4,588,34,979,OA
Medial Tibia of OA_64.jpg,620,122,43,13,198,69,66,242,43,91,51,191,33,10,252,58,54,67,60,88,30,106,25,63,88,238,68,151,30,134,33,16,221,74,59,132,151,457,78,210,59,102,24,261,36,99,63,195,35,234,50,261,16,103,9,26,0,6,219,67,104,122,160,215,41,131,57,143,28,207,51,80,60,288,63,511,82,322,11,113,10,35,2,71,69,141,51,254,72,97,9,72,20,99,34,145,24,127,20,35,1,155,66,139,23,213,47,114,11,48,3,72,22,620,45,978,OA
Medial Tibia of OA_65.jpg,471,107,42,11,216,74,92,175,52,72,52,227,58,13,153,98,65,73,77,140,30,106,55,94,79,203,36,108,35,163,31,5,184,63,97,193,189,317,53,162,54,133,31,202,45,73,66,289,54,503,99,351,24,123,13,41,3,11,159,72,75,174,179,504,80,213,46,106,23,147,35,96,51,202,42,302,54,343,41,97,9,23,3,69,60,87,35,138,69,102,14,92,20,121,50,130,25,135,21,37,0,242,59,129,20,176,28,116,17,21,1,95,13,539,49,841,OA
Medial Tibia of OA_66.jpg,521,109,57,21,216,60,61,238,39,115,55,164,29,7,245,105,50,73,52,116,36,99,39,69,95,253,69,124,46,136,33,13,200,85,60,135,177,477,89,232,64,140,17,220,49,121,57,189,28,225,45,258,29,84,7,16,1,8,251,73,89,113,164,183,44,144,61,145,31,212,55,91,65,248,69,444,90,262,16,101,13,29,2,76,69,159,47,233,66,95,11,88,10,127,34,149,31,124,20,29,1,153,56,163,38,198,52,131,14,35,6,70,22,596,52,1010,OA
Medial Tibia of OA_67.jpg,564,79,35,6,168,38,63,239,40,90,47,181,29,2,241,73,51,57,35,110,33,75,45,43,116,264,44,125,32,131,17,8,161,67,76,200,224,611,82,206,45,97,21,251,39,92,34,201,17,353,46,349,21,100,6,28,1,2,249,44,122,190,207,348,46,139,26,121,22,215,37,78,51,252,62,587,93,333,19,77,6,24,1,57,52,123,38,221,46,76,8,63,9,98,29,137,14,131,11,19,0,159,49,165,21,202,43,105,10,40,1,67,10,523,18,853,OA
Medial Tibia of OA_68.jpg,348,129,37,8,167,71,98,204,63,89,63,279,115,6,116,93,48,86,56,162,72,116,50,72,58,217,56,148,52,148,46,6,188,80,83,120,99,221,49,142,53,138,41,193,65,77,59,237,86,375,90,254,40,128,36,46,4,8,129,86,59,154,113,436,68,212,65,154,29,192,45,99,63,184,66,216,48,305,42,122,15,48,3,68,66,125,34,149,51,122,32,107,22,143,57,143,36,139,43,50,3,168,37,128,28,154,60,106,25,29,5,115,22,638,84,982,OA
Medial Tibia of OA_7.jpg,468,136,45,5,212,79,75,188,33,79,61,253,74,6,185,85,61,76,71,148,43,127,49,84,79,200,41,147,48,165,24,4,222,70,89,114,113,226,49,135,58,126,25,195,51,75,63,250,51,338,65,268,28,145,14,39,2,11,198,76,71,137,136,393,80,218,64,119,11,162,50,81,66,213,34,233,62,281,36,136,21,39,3,75,82,142,40,163,49,126,22,118,31,157,45,171,34,145,32,42,3,204,59,114,23,157,51,124,11,33,1,92,31,666,50,1056,OA
Medial Tibia of OA_8.jpg,339,114,65,13,136,74,65,232,75,77,59,256,92,11,130,83,66,77,61,161,51,125,68,72,62,233,62,156,41,169,39,4,155,98,76,152,97,196,68,146,58,126,41,229,64,86,61,253,55,319,91,270,57,116,29,43,6,8,132,86,47,133,111,400,91,181,51,132,46,189,59,82,67,208,54,175,65,257,46,108,25,47,3,61,39,127,33,139,57,112,33,114,32,159,54,154,47,139,36,34,8,193,62,121,23,171,54,110,23,33,5,122,32,666,88,1048,OA
Medial Tibia of OA_9.jpg,493,69,40,5,200,77,72,253,56,109,33,211,51,10,158,124,53,85,29,99,41,85,53,82,84,198,53,137,39,107,44,14,212,64,88,203,172,444,73,158,53,128,27,237,60,104,63,209,40,390,80,328,26,93,8,37,1,5,201,63,76,210,204,409,69,165,55,133,35,238,51,86,44,192,41,383,75,290,24,86,9,31,3,75,47,90,34,159,59,90,15,69,7,112,49,107,31,129,29,20,3,173,52,141,30,214,45,82,5,39,2,61,16,540,26,937,OA
