File,LBP_1,LBP_2,LBP_3,LBP_4,LBP_5,LBP_6,LBP_7,LBP_8,LBP_9,LBP_10,LBP_11,LBP_12,LBP_13,LBP_14,LBP_15,LBP_16,LBP_17,LBP_18,LBP_19,LBP_20,LBP_21,LBP_22,LBP_23,LBP_24,LBP_25,LBP_26,LBP_27,LBP_28,LBP_29,LBP_30,LBP_31,LBP_32,LBP_33,LBP_34,LBP_35,LBP_36,LBP_37,LBP_38,LBP_39,LBP_40,LBP_41,LBP_42,LBP_43,LBP_44,LBP_45,LBP_46,LBP_47,LBP_48,LBP_49,LBP_50,LBP_51,LBP_52,LBP_53,LBP_54,LBP_55,LBP_56,LBP_57,LBP_58,LBP_59,LBP_60,LBP_61,LBP_62,LBP_63,LBP_64,LBP_65,LBP_66,LBP_67,LBP_68,LBP_69,LBP_70,LBP_71,LBP_72,LBP_73,LBP_74,LBP_75,LBP_76,LBP_77,LBP_78,LBP_79,LBP_80,LBP_81,LBP_82,LBP_83,LBP_84,LBP_85,LBP_86,LBP_87,LBP_88,LBP_89,LBP_90,LBP_91,LBP_92,LBP_93,LBP_94,LBP_95,LBP_96,LBP_97,LBP_98,LBP_99,LBP_100,LBP_101,LBP_102,LBP_103,LBP_104,LBP_105,LBP_106,LBP_107,LBP_108,LBP_109,LBP_110,LBP_111,LBP_112,LBP_113,LBP_114,LBP_115,LBP_116,LBP_117,LBP_118,LBP_119,LBP_120,LBP_121,LBP_122,LBP_123,LBP_124,LBP_125,LBP_126,LBP_127,LBP_128,LBP_129,LBP_130,LBP_131,LBP_132,LBP_133,LBP_134,LBP_135,LBP_136,LBP_137,LBP_138,LBP_139,LBP_140,LBP_141,LBP_142,LBP_143,LBP_144,LBP_145,LBP_146,LBP_147,LBP_148,LBP_149,LBP_150,LBP_151,LBP_152,LBP_153,LBP_154,LBP_155,LBP_156,LBP_157,LBP_158,LBP_159,LBP_160,LBP_161,LBP_162,LBP_163,LBP_164,LBP_165,LBP_166,LBP_167,LBP_168,LBP_169,LBP_170,LBP_171,LBP_172,LBP_173,LBP_174,LBP_175,LBP_176,LBP_177,LBP_178,LBP_179,LBP_180,LBP_181,LBP_182,LBP_183,LBP_184,LBP_185,LBP_186,LBP_187,LBP_188,LBP_189,LBP_190,LBP_191,LBP_192,LBP_193,LBP_194,LBP_195,LBP_196,LBP_197,LBP_198,LBP_199,LBP_200,LBP_201,LBP_202,LBP_203,LBP_204,LBP_205,LBP_206,LBP_207,LBP_208,LBP_209,LBP_210,LBP_211,LBP_212,LBP_213,LBP_214,LBP_215,LBP_216,LBP_217,LBP_218,LBP_219,LBP_220,LBP_221,LBP_222,LBP_223,LBP_224,LBP_225,LBP_226,LBP_227,LBP_228,LBP_229,LBP_230,LBP_231,LBP_232,LBP_233,LBP_234,LBP_235,LBP_236,LBP_237,LBP_238,LBP_239,LBP_240,LBP_241,LBP_242,LBP_243,LBP_244,LBP_245,LBP_246,LBP_247,LBP_248,LBP_249,LBP_250,LBP_251,LBP_252,LBP_253,LBP_254,LBP_255,LBP_256,class
Medial Femur of Normal_1.jpg,321,99,5,63,273,38,96,283,4,0,1,0,80,5,56,125,87,24,2,8,17,2,8,20,56,5,1,0,181,10,105,163,3,1,0,0,7,0,0,3,0,0,0,0,0,0,0,0,55,5,3,4,13,1,6,4,89,10,2,4,216,9,119,120,243,11,4,12,107,2,33,23,2,0,1,0,13,0,12,3,17,0,1,1,1,0,1,0,17,1,0,2,12,0,3,6,72,6,4,2,20,0,4,8,0,0,0,0,7,0,5,4,238,13,3,10,23,0,7,8,301,4,3,13,323,6,97,45,3,53,0,113,6,15,2,424,0,1,0,1,3,6,0,191,3,4,0,14,1,1,0,14,3,5,0,8,3,7,4,141,1,0,0,2,0,1,1,7,0,0,0,0,0,1,0,1,1,3,0,9,0,0,0,8,0,9,0,23,4,12,3,243,74,249,1,329,29,20,6,380,1,4,0,2,4,12,5,125,7,10,0,8,0,1,1,4,4,5,0,9,6,11,2,42,48,126,2,157,6,5,4,120,2,4,0,1,4,0,1,85,127,173,2,142,4,6,4,60,163,128,3,222,112,47,64,707,Nor
Medial Femur of Normal_10.jpg,340,109,8,77,229,17,108,231,8,1,0,1,78,6,76,135,117,25,4,11,18,0,4,8,73,9,0,12,214,7,145,152,4,1,0,5,5,0,5,3,0,0,0,0,2,0,2,1,72,6,1,9,14,0,2,7,163,13,2,16,342,9,164,129,233,18,3,10,78,1,19,11,5,0,0,0,25,0,13,2,18,1,0,0,0,0,0,0,10,0,1,0,20,1,5,2,75,5,2,5,21,1,10,4,0,0,0,0,12,0,3,4,208,10,2,5,18,0,5,2,286,11,9,6,307,1,121,25,10,64,1,189,5,5,1,365,1,2,0,3,4,7,5,179,2,7,0,19,0,0,0,12,2,12,0,11,4,4,3,143,0,3,0,1,0,0,0,4,0,0,0,0,0,0,0,5,0,2,0,13,0,0,0,4,2,13,0,16,4,8,2,207,100,225,1,401,15,12,13,356,2,4,0,6,7,7,7,121,4,7,0,10,1,0,0,1,3,5,0,7,3,2,4,29,43,107,2,192,8,4,12,95,3,1,0,0,4,4,4,75,114,143,3,118,3,3,2,26,146,133,4,191,114,28,94,594,Nor
Medial Femur of Normal_11.jpg,320,157,3,68,185,11,76,215,9,2,0,0,65,7,78,155,160,31,4,16,26,0,7,9,71,9,2,5,255,19,161,190,3,3,0,2,6,0,2,4,0,0,0,0,1,1,2,6,85,14,2,3,13,0,6,7,125,17,1,4,327,17,194,131,175,25,5,12,50,0,21,16,6,2,0,0,14,1,9,4,18,2,0,0,1,0,0,0,9,2,0,1,10,0,0,3,95,16,1,1,20,1,7,9,3,0,0,0,8,0,5,3,243,16,3,7,15,0,6,9,264,6,1,9,319,4,138,35,8,60,0,111,3,14,2,236,0,3,0,3,4,6,2,163,0,17,0,8,1,1,0,8,0,8,1,7,6,9,4,118,0,0,0,0,0,0,1,4,0,1,0,0,0,0,0,2,0,5,0,10,0,0,0,7,0,5,0,18,5,8,5,156,86,225,1,260,8,12,6,281,4,5,0,3,5,13,14,116,8,17,0,6,0,0,0,3,7,6,0,6,8,10,7,36,76,166,0,187,8,3,4,128,0,4,0,2,4,7,8,124,147,206,2,156,7,0,9,39,164,145,2,143,129,46,104,676,Nor
Medial Femur of Normal_12.jpg,284,95,5,57,211,18,98,253,5,0,0,1,101,5,66,168,88,20,1,7,16,1,4,9,72,11,2,8,211,16,93,164,6,1,1,0,2,0,0,1,0,0,0,0,2,1,0,1,50,6,2,6,10,0,4,3,150,18,3,18,304,6,153,136,236,15,5,9,61,2,17,13,5,0,0,0,21,0,4,2,17,1,0,0,1,0,0,0,12,0,1,0,15,0,3,0,66,5,5,1,7,0,7,8,0,1,0,0,7,0,5,1,247,9,2,5,13,0,6,2,442,7,1,9,362,1,99,32,7,67,0,163,5,10,1,536,0,2,0,1,3,4,0,213,0,8,0,12,0,0,0,13,1,8,0,6,3,3,1,141,0,1,0,1,0,0,0,8,0,0,0,0,0,0,0,0,0,2,0,8,0,0,0,10,3,8,0,17,4,7,2,197,99,224,0,305,25,13,10,344,2,2,0,3,11,8,5,88,8,8,0,6,0,0,0,2,4,7,0,10,4,2,0,23,85,130,2,153,10,1,6,110,3,2,0,1,11,3,11,77,140,136,1,152,3,4,3,35,189,129,2,190,88,20,69,582,Nor
Medial Femur of Normal_13.jpg,400,87,7,72,260,21,87,213,11,2,0,0,87,4,62,114,91,14,1,13,11,0,9,6,58,9,2,9,166,2,75,107,9,1,0,0,4,0,1,3,0,0,0,0,2,1,1,2,57,11,3,8,8,0,5,4,194,17,4,17,319,6,149,149,290,16,3,8,91,2,23,11,6,0,0,0,27,0,12,5,12,0,0,0,0,0,1,0,10,2,1,0,14,0,2,0,89,2,0,4,19,0,9,1,2,0,0,0,13,1,6,4,192,7,1,10,16,0,3,1,470,7,7,8,316,2,116,30,4,91,0,201,7,8,1,464,0,4,0,3,2,5,1,216,1,11,0,18,0,0,0,10,2,7,0,12,3,6,2,122,0,1,0,6,0,0,0,5,0,0,1,0,0,0,0,6,0,9,0,24,0,0,0,12,3,12,0,32,1,8,3,258,89,188,3,333,24,16,10,369,1,0,0,8,6,3,6,106,5,4,0,7,0,0,0,0,9,0,0,8,9,1,0,18,54,76,0,153,11,4,6,97,2,1,0,1,3,1,5,71,101,98,1,136,5,2,3,23,184,126,2,213,99,26,77,568,Nor
Medial Femur of Normal_14.jpg,405,121,9,69,262,27,94,259,8,1,1,0,99,4,87,142,89,12,3,12,10,0,6,11,76,8,1,5,176,7,94,127,8,1,2,2,4,0,0,2,1,0,0,0,2,0,3,3,60,3,0,9,10,0,5,3,138,20,6,18,234,8,137,137,274,16,2,8,78,0,17,11,8,1,0,1,16,2,8,7,12,0,1,0,1,0,0,0,21,1,0,0,16,0,5,1,77,4,0,5,14,0,4,4,0,1,0,0,7,0,7,4,210,8,4,10,14,0,6,4,378,2,16,13,260,1,93,21,10,73,0,187,8,17,4,424,0,1,0,3,2,5,1,194,2,12,0,13,0,2,0,13,1,12,0,5,3,5,4,141,0,3,0,9,0,0,0,8,0,0,0,0,0,0,0,5,1,7,0,15,0,0,1,8,3,14,1,36,4,8,0,263,103,228,1,296,29,22,18,304,2,2,0,3,13,4,7,100,6,6,0,4,0,0,2,5,0,7,0,2,8,2,3,26,67,114,1,171,8,3,6,114,2,3,0,6,6,2,6,74,117,117,2,142,2,1,4,29,144,135,5,223,103,19,78,651,Nor
Medial Femur of Normal_15.jpg,388,132,13,65,231,21,93,270,12,4,0,3,96,9,89,156,88,19,1,10,17,0,5,9,84,11,0,4,216,11,125,147,10,1,0,2,5,0,1,2,0,1,0,0,1,0,1,4,60,14,2,8,9,0,6,6,159,10,0,14,302,5,175,125,231,12,6,10,50,0,17,10,4,0,0,2,15,1,10,1,19,1,0,0,2,0,0,0,10,0,0,1,8,0,3,2,79,2,2,6,14,1,6,10,1,1,0,0,7,0,3,4,222,12,5,7,16,0,5,4,313,4,8,5,283,3,102,44,10,87,0,164,3,11,2,337,1,2,0,3,4,5,3,202,2,7,0,7,0,1,0,1,6,5,1,17,3,3,3,151,0,2,0,3,0,0,0,10,0,0,0,0,0,0,0,6,1,6,0,17,0,0,0,6,2,13,0,19,1,6,0,187,92,207,2,308,22,12,13,312,0,5,0,8,5,8,7,102,13,13,0,9,0,0,0,1,3,5,0,7,8,0,5,36,77,130,0,186,15,4,10,103,1,5,0,6,6,2,10,74,126,137,4,137,4,2,2,37,194,127,7,203,109,29,91,604,Nor
Medial Femur of Normal_16.jpg,427,111,10,87,170,7,98,206,10,4,0,5,72,9,75,105,93,19,3,10,14,0,5,8,78,11,0,4,230,8,136,100,13,0,2,6,5,0,2,4,0,0,0,0,6,1,3,5,86,14,1,8,9,0,7,3,229,14,4,14,381,9,200,140,190,17,6,10,54,0,25,11,3,0,0,0,18,1,10,1,11,0,0,0,2,0,0,0,6,0,0,0,11,0,0,0,95,5,3,3,19,0,13,2,3,0,0,0,12,0,12,1,177,8,2,6,9,0,1,0,375,1,5,6,325,4,115,28,12,99,1,259,6,12,6,376,0,3,0,3,3,1,2,182,1,6,0,14,0,0,0,12,2,8,0,13,3,7,3,109,0,1,0,1,0,0,0,5,0,0,0,0,0,0,0,2,0,6,0,9,0,0,0,5,3,14,0,24,7,6,6,137,85,214,3,413,11,17,9,351,1,5,0,7,10,2,6,103,8,5,0,7,0,0,0,2,5,4,0,2,5,4,7,42,70,110,4,204,4,3,8,99,0,2,0,5,7,1,11,96,83,98,3,126,2,2,5,34,179,129,7,163,105,18,103,536,Nor
Medial Femur of Normal_17.jpg,394,99,14,73,243,15,89,179,7,3,0,3,103,3,58,105,91,25,2,16,21,0,4,9,71,10,0,7,249,7,125,156,16,1,0,1,8,0,6,9,0,0,0,0,3,0,2,0,72,14,3,3,16,0,12,5,182,22,3,13,445,8,185,138,240,14,7,12,80,0,25,14,6,0,0,1,26,0,10,4,11,1,1,0,0,0,0,0,9,0,0,0,8,0,2,2,108,9,3,2,26,1,16,5,1,0,0,0,11,0,5,2,190,9,3,6,18,0,3,1,355,10,5,5,328,0,117,23,6,70,0,161,5,14,0,283,2,1,0,4,2,5,0,152,1,6,0,18,0,0,0,6,4,5,0,10,2,6,3,119,0,0,0,3,0,0,0,4,0,0,0,0,0,0,0,3,1,4,0,13,0,0,0,7,4,7,0,29,6,10,4,197,84,233,1,383,20,13,7,266,2,6,0,7,7,6,9,105,5,10,0,7,0,0,0,4,7,9,0,11,4,0,7,36,60,105,2,179,10,2,2,101,1,3,0,7,2,2,6,74,99,124,0,105,3,1,4,29,147,143,2,213,127,42,95,602,Nor
Medial Femur of Normal_18.jpg,452,126,11,88,223,12,100,144,7,3,0,4,76,7,60,104,122,24,1,10,23,0,4,7,84,10,0,7,242,14,161,125,13,2,0,5,10,0,5,3,0,0,0,0,0,0,1,2,76,11,6,10,9,0,8,8,173,16,6,14,407,7,220,115,229,23,2,15,60,0,26,15,3,0,0,0,17,0,11,4,16,1,0,1,2,0,0,0,11,0,0,0,12,1,3,0,86,7,3,11,17,1,14,2,3,0,0,0,15,3,11,8,175,4,8,13,12,0,7,4,193,8,3,3,287,4,95,19,8,94,0,156,6,13,3,252,0,4,0,4,2,5,1,136,6,20,0,11,0,0,0,9,2,9,0,14,4,4,2,136,0,0,0,3,1,0,0,3,0,0,0,1,0,0,0,3,2,4,0,10,0,1,0,0,4,11,0,28,8,11,5,194,99,243,1,335,26,9,7,289,5,2,0,8,8,6,8,104,8,7,0,5,0,0,1,1,3,11,0,5,10,1,5,36,58,163,6,224,2,4,8,113,2,7,0,8,8,3,9,107,118,142,5,122,2,3,3,28,150,156,5,174,113,34,127,618,Nor
Medial Femur of Normal_19.jpg,420,107,10,92,262,19,102,189,19,3,0,0,92,7,62,122,86,12,4,12,9,1,5,6,69,9,2,1,220,12,122,118,9,3,1,1,8,0,2,2,2,0,0,0,8,0,2,3,66,10,4,8,18,0,2,3,177,17,4,14,347,8,182,124,250,19,5,16,83,1,20,18,3,0,0,0,15,0,6,3,18,0,0,0,1,0,0,0,8,0,0,0,9,0,3,1,98,5,3,0,19,1,9,5,2,0,0,0,10,1,12,4,191,5,1,4,15,0,4,1,265,3,2,8,277,0,103,28,15,73,0,194,4,8,2,315,0,3,0,2,3,3,1,166,4,17,0,9,0,0,1,5,1,9,0,18,3,4,1,131,0,3,0,4,0,0,0,2,0,0,0,0,0,0,0,7,0,5,0,14,0,0,0,6,4,20,0,36,7,12,7,195,83,227,4,448,16,12,11,321,2,2,0,7,6,4,5,102,4,7,0,9,0,0,0,1,6,5,0,8,3,1,2,35,84,108,5,198,4,5,9,110,3,5,0,3,7,4,5,98,101,147,0,138,1,1,6,26,176,135,8,208,90,27,77,593,Nor
Medial Femur of Normal_2.jpg,544,131,12,89,356,21,99,188,8,0,0,2,88,6,72,115,140,27,5,5,15,1,8,12,77,8,1,6,180,13,117,114,6,2,0,5,4,0,5,4,2,0,0,0,4,0,2,3,77,17,1,3,6,1,11,9,108,12,3,13,197,5,137,117,310,23,12,11,117,2,24,20,3,0,2,1,24,1,8,3,21,1,1,1,1,0,0,0,12,0,1,3,9,1,7,3,84,5,2,5,27,0,11,9,3,0,0,1,13,1,4,1,169,9,8,4,20,0,8,8,169,5,14,9,187,2,93,40,16,68,1,109,10,11,4,255,1,5,0,7,2,8,3,141,3,5,0,15,3,0,1,6,1,11,0,18,6,10,9,146,0,5,0,2,2,0,0,4,0,0,0,0,1,0,0,6,3,4,0,15,2,0,2,12,7,15,0,48,9,21,2,328,91,179,2,255,33,9,9,216,7,7,0,12,7,5,5,114,7,8,0,13,1,0,1,2,3,7,0,19,7,0,4,36,58,130,3,125,16,8,5,107,3,1,3,9,11,4,7,122,109,113,5,131,3,3,9,41,130,112,6,315,96,29,102,816,Nor
Medial Femur of Normal_20.jpg,370,96,10,81,251,11,100,192,9,1,0,2,96,5,60,117,108,19,6,12,12,0,2,5,72,12,0,4,216,10,119,144,6,4,0,1,3,0,2,6,0,0,0,0,2,0,3,4,79,7,3,5,7,1,4,7,203,16,4,17,433,7,189,135,235,17,7,10,64,2,22,18,4,0,0,0,18,2,7,6,21,2,0,1,1,0,2,0,11,0,0,0,18,0,5,2,91,5,0,3,21,1,6,1,2,0,0,0,11,1,5,4,210,4,6,4,9,0,3,2,399,10,5,9,367,3,107,31,7,71,0,150,4,10,3,364,0,1,0,3,4,4,1,175,1,9,0,12,0,0,2,9,1,4,0,13,2,5,5,131,0,1,0,2,0,0,0,8,0,0,0,1,0,0,0,1,0,5,0,15,0,1,0,8,2,16,0,22,5,6,4,188,91,200,3,307,13,12,7,309,3,3,0,8,9,8,9,116,5,11,0,6,0,0,0,2,5,2,0,7,7,2,5,33,57,122,1,179,11,2,6,113,3,2,0,4,4,2,3,72,87,141,1,130,5,1,2,28,196,126,3,195,110,25,93,533,Nor
Medial Femur of Normal_21.jpg,394,177,16,75,209,16,106,225,11,2,0,0,81,8,97,153,149,21,5,17,17,0,8,18,85,11,1,9,191,13,163,182,10,2,0,3,4,0,2,4,0,0,0,0,2,0,3,2,73,10,2,13,9,0,5,5,135,16,0,8,270,7,168,138,190,16,1,8,45,0,17,20,3,0,0,1,11,0,15,6,14,0,0,0,1,0,0,1,6,1,0,0,22,0,6,2,92,4,2,5,18,0,8,2,1,0,0,0,11,0,8,5,222,13,5,4,8,0,5,3,252,11,6,8,253,1,114,28,2,94,1,178,4,10,4,293,0,0,0,2,3,7,5,192,1,13,0,13,0,0,0,12,1,8,0,11,10,6,4,136,0,1,0,3,0,1,0,9,0,0,0,0,0,0,0,5,1,10,0,9,0,0,0,7,5,10,1,28,4,7,2,163,101,218,1,301,18,12,17,309,4,3,0,2,8,5,13,141,4,11,0,8,0,0,0,2,8,11,0,4,3,1,1,42,89,141,1,188,11,5,6,116,3,2,0,1,9,4,8,109,125,156,6,130,3,0,1,39,184,103,7,163,112,32,112,585,Nor
Medial Femur of Normal_22.jpg,405,113,15,91,261,24,104,227,11,4,0,1,104,6,74,148,89,5,2,13,13,0,7,10,85,12,1,4,202,11,125,169,2,1,0,1,7,0,0,7,0,0,0,0,2,0,2,2,59,12,2,9,16,2,8,7,154,12,4,19,268,2,185,134,238,15,7,13,81,1,19,18,5,0,0,1,19,0,4,3,12,0,0,1,2,0,0,0,13,0,0,0,10,0,2,0,61,3,2,3,26,1,7,4,3,0,0,0,7,1,11,5,213,8,3,6,12,0,4,5,338,6,8,10,245,1,97,36,14,95,0,164,3,11,6,456,0,1,0,8,3,9,2,242,4,8,1,9,0,0,0,8,2,17,0,14,1,8,5,123,0,0,0,3,0,0,0,8,0,0,0,0,0,0,0,7,2,4,0,11,0,0,0,5,4,7,0,27,1,5,2,204,81,182,2,296,26,16,13,334,2,6,1,6,9,7,7,104,9,14,0,6,1,0,1,2,8,5,0,2,4,2,3,26,71,91,1,176,6,3,8,105,2,0,0,9,6,2,6,72,127,104,4,134,1,1,4,32,171,107,10,215,89,28,90,604,Nor
Medial Femur of Normal_23.jpg,416,118,8,73,264,18,86,159,6,2,0,1,113,9,72,97,111,19,4,17,24,1,2,7,86,15,0,3,238,10,133,141,10,2,1,1,5,1,4,4,0,0,0,0,3,0,4,4,74,12,4,6,23,0,3,9,168,15,0,10,436,9,215,151,248,23,6,7,86,1,20,14,5,0,0,0,23,0,5,2,19,1,0,1,0,0,1,0,14,0,1,0,12,2,3,0,90,4,4,2,36,0,8,5,2,0,0,0,9,0,8,2,204,14,4,7,18,0,2,3,311,6,8,8,334,2,94,36,11,69,0,131,1,8,4,256,0,2,0,2,3,4,3,161,4,15,0,20,0,0,1,2,1,5,0,19,6,13,2,122,0,2,0,0,1,1,0,8,0,0,0,0,0,0,0,2,0,10,0,5,0,1,0,13,7,20,0,39,8,5,4,200,74,190,1,330,20,11,12,257,2,2,0,10,3,4,6,94,0,12,0,5,0,0,0,2,4,4,1,10,3,3,6,25,72,105,7,172,10,5,10,114,3,4,0,8,8,3,9,92,77,115,0,137,3,1,4,24,162,149,1,221,102,48,89,622,Nor
Medial Femur of Normal_24.jpg,420,96,11,79,229,15,105,177,9,2,0,3,105,4,60,112,92,10,0,9,15,0,7,12,79,10,0,6,234,8,113,116,15,5,2,2,7,0,0,5,0,0,1,0,1,0,4,2,82,13,3,7,18,0,6,2,200,10,1,16,453,9,215,134,254,20,5,12,76,1,24,13,5,0,0,0,18,0,12,4,13,2,0,1,1,0,0,0,7,0,2,1,18,0,4,1,102,5,3,6,23,1,10,2,0,0,0,0,15,0,4,5,187,7,3,3,13,0,6,3,319,3,5,5,328,3,89,16,5,65,0,172,4,13,3,298,0,2,0,1,5,3,0,176,4,12,0,18,0,0,0,13,0,8,0,11,3,4,5,133,0,4,0,2,0,0,0,5,0,0,0,0,1,0,0,5,1,8,0,11,0,0,0,1,1,13,0,28,5,13,10,237,81,196,3,444,16,8,11,304,5,3,0,12,8,8,2,99,6,6,0,9,0,1,1,0,5,5,0,9,1,2,2,30,66,113,1,172,13,1,8,87,4,8,0,4,10,1,3,66,101,125,3,125,2,2,2,20,189,119,2,223,103,25,96,516,Nor
Medial Femur of Normal_25.jpg,325,94,7,59,225,18,89,246,12,3,1,1,95,6,70,158,111,18,1,7,16,1,6,2,68,15,1,3,210,11,118,150,10,0,0,1,3,0,0,5,0,0,0,0,1,1,3,2,58,11,2,9,13,1,5,5,156,15,1,14,280,5,169,142,234,12,2,8,71,0,18,19,7,0,0,0,25,0,5,6,16,0,0,0,1,0,0,0,12,0,0,1,16,0,5,3,71,8,0,6,22,0,4,2,1,1,0,0,5,0,5,2,233,6,5,3,13,0,3,1,399,10,8,6,312,1,107,40,13,81,0,190,3,17,2,528,0,0,0,1,1,6,4,206,2,7,0,25,0,2,0,7,3,7,0,10,4,4,2,141,0,0,0,6,0,0,0,7,0,0,0,0,0,0,0,6,1,6,0,19,0,0,0,5,1,12,0,28,6,4,3,175,92,185,3,293,25,19,3,352,2,4,0,1,10,3,8,89,6,9,0,6,1,0,0,3,9,3,0,9,5,1,2,32,58,101,2,152,9,4,5,144,2,4,0,3,3,4,8,89,134,144,3,129,3,3,6,29,165,134,5,163,89,33,71,588,Nor
Medial Femur of Normal_26.jpg,436,131,9,84,213,26,93,191,5,2,0,3,80,7,83,143,170,20,3,16,18,0,3,8,90,13,1,11,243,8,150,175,14,4,1,3,8,0,5,10,1,1,0,0,0,0,2,5,91,11,7,7,13,1,3,10,130,19,4,10,356,8,218,132,201,23,6,10,49,1,20,11,5,0,0,0,20,0,16,2,17,1,0,1,1,0,0,0,8,0,0,0,15,0,6,1,109,9,3,10,29,0,7,4,0,0,0,0,13,1,9,4,201,14,7,4,13,1,8,3,209,9,5,8,250,3,118,38,10,76,0,117,3,7,0,187,1,1,0,2,0,14,3,167,2,18,0,12,0,0,0,3,4,12,1,13,8,10,1,162,0,3,0,3,1,0,0,4,0,0,0,0,0,0,0,3,1,15,0,11,0,1,0,3,2,10,0,17,9,8,10,147,72,233,2,283,15,9,6,220,3,7,0,5,5,7,9,108,8,6,0,9,0,0,0,2,4,6,0,1,5,7,8,35,71,174,2,177,14,5,11,101,2,2,0,6,2,4,11,124,139,163,5,142,7,0,5,23,166,160,4,162,141,41,117,651,Nor
Medial Femur of Normal_27.jpg,394,146,12,66,237,16,92,186,13,4,0,2,91,7,80,110,147,22,1,12,20,4,12,9,86,15,0,6,271,11,168,181,14,5,0,5,9,0,2,3,1,0,0,0,3,0,2,5,94,13,1,7,14,1,5,8,126,17,4,9,397,7,211,149,219,27,8,10,62,4,17,19,3,1,0,0,21,0,11,5,11,0,1,0,0,0,0,1,16,0,0,0,21,0,2,1,89,15,2,8,23,1,6,6,1,0,0,0,12,0,11,2,205,12,2,7,15,0,8,3,240,10,5,10,274,3,121,32,7,70,1,102,3,10,3,189,0,3,0,2,2,7,2,158,2,10,0,15,0,2,0,7,0,12,0,12,7,6,3,121,1,0,0,2,0,0,0,5,0,0,0,1,0,2,0,4,3,7,0,15,0,0,0,8,2,6,0,19,13,5,5,225,81,203,4,259,19,8,7,255,2,6,0,7,8,10,6,120,6,13,0,7,0,0,0,2,11,7,0,4,6,1,6,33,58,153,1,166,10,7,6,107,1,2,0,7,7,5,7,107,133,147,2,115,4,1,3,31,155,166,1,148,121,44,124,676,Nor
Medial Femur of Normal_28.jpg,400,98,9,83,232,13,85,188,13,1,0,1,98,6,75,100,108,17,2,12,18,0,6,9,78,13,1,7,250,10,133,133,7,4,0,3,8,0,2,3,1,0,0,0,4,0,4,2,84,6,3,7,10,0,6,6,199,16,3,13,412,4,230,136,245,18,12,11,62,0,21,15,4,0,0,0,27,0,12,1,26,0,0,0,1,0,0,0,9,0,0,0,17,0,1,1,99,6,2,6,22,0,8,5,5,0,0,0,7,1,8,1,218,7,6,4,8,0,4,0,340,8,6,10,324,1,125,24,12,63,0,159,6,9,3,298,0,1,0,5,0,4,1,161,2,12,0,8,1,1,0,5,4,6,0,13,1,5,1,120,1,3,0,1,1,0,0,8,0,0,0,1,0,0,0,1,0,9,1,11,0,0,0,7,3,8,0,25,9,7,6,220,96,176,3,344,18,8,9,277,2,4,0,2,10,6,5,93,2,14,0,12,0,0,0,2,7,4,0,6,6,3,3,17,75,125,3,153,7,3,5,92,3,0,0,7,11,5,7,85,117,148,0,117,4,0,3,34,173,140,3,208,115,39,97,560,Nor
Medial Femur of Normal_29.jpg,403,83,7,64,303,15,95,189,12,0,0,2,74,3,54,98,69,10,0,11,14,1,3,5,56,8,0,11,189,5,74,105,8,3,1,1,4,0,0,3,0,0,0,0,2,0,1,1,65,9,1,11,10,0,4,4,184,17,5,16,350,7,176,142,278,11,6,10,98,1,20,18,9,0,1,0,27,1,10,4,10,0,0,1,2,0,0,0,12,0,0,1,15,0,4,1,108,6,2,3,19,0,4,3,2,0,0,0,14,0,2,4,191,3,1,5,10,0,3,4,407,9,13,11,314,1,85,28,15,74,1,207,5,13,3,491,0,2,0,1,0,2,3,180,2,10,1,10,0,0,0,8,1,3,0,13,4,2,3,159,0,0,0,2,0,0,0,13,0,0,0,0,0,0,0,7,4,7,0,21,0,0,0,11,4,16,0,40,6,5,4,225,89,213,5,396,23,20,12,354,1,2,1,5,5,4,5,89,4,4,0,6,0,0,0,0,2,2,0,6,4,2,4,24,55,102,2,176,9,2,5,97,2,2,0,4,4,5,5,68,89,108,1,133,3,4,1,25,152,129,5,251,72,25,71,554,Nor
Medial Femur of Normal_3.jpg,523,107,15,65,369,20,107,187,13,4,1,2,99,1,84,84,116,17,1,9,20,1,4,4,58,10,2,13,167,4,105,135,15,2,0,1,9,1,7,6,1,0,0,0,2,1,3,6,56,18,2,9,20,0,4,8,126,15,7,13,223,7,132,144,342,23,7,18,104,0,21,13,9,0,0,0,18,0,16,6,19,1,0,1,3,0,0,1,10,2,0,0,20,0,10,2,102,9,7,6,31,1,4,4,1,0,0,0,6,0,7,6,194,6,4,7,18,0,10,1,204,4,10,15,240,1,92,27,12,84,2,110,9,9,2,227,0,2,0,8,5,9,2,158,4,7,0,20,0,0,0,7,4,6,0,13,7,10,4,138,2,0,0,3,1,0,1,12,0,0,0,0,0,0,0,8,1,10,0,11,1,3,0,7,8,15,0,61,10,12,9,317,103,223,2,224,24,22,13,208,1,6,0,10,12,7,7,74,5,3,1,4,1,0,1,3,7,9,0,19,8,2,1,40,60,107,1,146,13,8,4,95,2,0,1,5,5,4,2,108,94,120,4,156,3,4,6,34,142,128,6,313,100,37,81,773,Nor
Medial Femur of Normal_30.jpg,342,107,7,63,223,14,95,202,7,3,1,2,91,4,85,102,115,24,2,16,22,0,8,13,69,19,2,3,260,11,148,141,15,5,1,2,4,0,1,5,0,0,0,0,0,0,2,3,71,12,1,7,13,0,5,4,177,16,2,9,475,7,246,162,208,21,2,12,60,3,17,10,3,0,0,0,20,1,16,0,14,2,0,0,2,0,0,0,12,2,0,0,13,0,7,0,90,8,3,9,22,0,3,4,0,1,0,0,14,0,8,5,204,9,1,4,9,0,7,0,328,10,0,9,336,2,103,25,7,58,0,184,4,3,0,296,0,2,0,3,2,5,4,160,0,17,0,14,0,1,0,5,1,14,0,6,2,5,4,122,0,1,0,1,0,0,0,2,0,0,0,1,0,0,0,0,1,2,0,6,0,0,0,4,2,17,0,28,4,8,3,173,79,239,0,380,21,20,18,320,1,3,0,7,4,6,5,118,5,8,0,8,0,0,0,2,2,7,0,9,3,3,2,39,73,144,0,188,5,3,6,101,2,2,0,3,8,4,4,62,95,137,1,114,6,1,3,28,154,138,2,170,124,38,95,524,Nor
Medial Femur of Normal_31.jpg,354,123,4,63,187,24,93,201,11,2,0,1,86,4,81,120,160,36,2,8,21,3,6,12,79,15,0,6,276,6,206,212,14,4,1,1,5,0,1,5,1,0,0,0,0,0,1,1,93,13,2,6,19,0,6,7,157,15,3,11,389,9,213,111,174,30,5,20,43,0,11,15,3,0,0,0,13,0,15,6,23,3,0,0,1,0,0,0,11,2,0,0,16,0,3,1,100,4,2,10,24,1,10,8,2,0,0,0,7,0,5,2,216,12,6,5,12,0,7,6,286,7,7,8,283,2,145,32,10,63,0,134,3,6,1,228,0,3,0,2,1,10,2,155,2,10,0,12,0,0,0,1,2,8,0,11,1,12,4,111,0,1,0,0,0,0,0,3,0,0,0,0,0,0,0,5,0,1,0,17,1,1,0,3,3,13,0,23,3,6,6,151,75,242,3,315,15,10,12,233,5,6,0,8,9,8,7,123,9,9,0,7,2,0,0,0,4,5,0,9,4,1,7,30,87,168,1,180,13,6,8,106,0,1,0,3,3,2,10,88,144,164,2,121,5,0,3,26,188,131,3,173,147,38,124,575,Nor
Medial Femur of Normal_32.jpg,319,90,5,86,206,16,84,262,11,3,0,0,73,6,71,170,87,14,3,12,18,1,5,17,75,15,4,6,185,12,123,154,2,0,1,1,4,1,3,5,0,0,0,0,2,0,0,3,62,10,2,6,5,0,4,5,153,10,2,10,275,12,142,133,193,16,3,4,68,0,12,18,2,0,0,0,18,0,7,4,14,0,0,0,0,0,1,1,8,1,0,0,18,0,2,2,75,5,2,4,23,0,5,5,1,0,0,0,14,0,4,2,235,12,3,2,18,0,10,3,370,6,5,5,328,0,101,33,6,92,0,190,5,12,1,448,0,2,0,0,0,2,3,201,1,18,0,22,0,1,1,9,2,3,0,11,6,7,2,125,0,0,0,0,0,0,0,2,0,0,0,0,0,0,0,4,1,2,0,17,0,0,0,9,3,16,0,21,2,6,2,160,88,259,3,411,17,20,17,373,2,1,0,5,7,6,10,114,2,11,0,8,0,0,0,0,5,4,0,5,5,3,2,27,65,125,3,185,11,5,4,140,2,2,0,2,4,2,7,87,125,144,5,136,3,1,3,35,162,120,2,185,97,24,88,558,Nor
Medial Femur of Normal_33.jpg,322,108,4,73,232,22,80,250,10,0,0,1,70,7,74,116,114,15,4,11,15,0,9,11,68,8,2,5,221,4,141,154,7,2,0,3,4,0,3,2,0,0,0,0,1,2,1,3,73,20,2,13,8,0,3,2,194,10,3,10,381,8,199,111,217,6,2,5,74,1,18,13,5,0,0,0,19,0,9,2,17,0,0,0,0,0,0,0,14,0,0,0,16,0,3,1,91,10,1,1,18,0,1,7,3,0,0,0,12,2,8,3,229,8,2,3,15,0,7,4,463,6,4,8,374,3,95,33,7,51,0,178,6,10,1,360,0,1,0,3,2,4,3,164,1,3,0,20,0,0,0,3,3,6,0,14,3,6,1,149,0,1,0,2,0,0,0,3,0,0,0,1,0,0,0,4,1,7,0,6,0,0,0,6,4,8,0,21,2,6,4,178,102,221,0,333,13,8,10,332,1,4,1,3,7,1,10,107,3,6,0,7,0,0,1,2,2,8,0,9,3,2,2,28,62,139,1,156,10,3,12,88,3,1,0,5,8,5,2,84,108,139,1,139,3,0,1,31,191,136,3,193,98,40,75,536,Nor
Medial Femur of Normal_34.jpg,345,104,13,75,244,13,98,202,5,3,0,0,92,2,74,101,81,11,3,12,16,1,9,6,61,18,4,8,201,8,81,156,6,3,0,3,5,0,3,2,0,0,0,0,1,0,2,2,68,3,1,5,9,0,6,6,182,19,2,16,312,3,186,139,236,17,4,13,79,1,17,14,1,0,0,1,16,0,12,1,14,0,0,0,1,0,0,0,10,1,1,1,11,0,3,1,99,5,5,3,20,0,6,4,2,0,0,0,10,0,8,4,220,3,6,5,15,1,4,2,367,4,2,4,299,1,100,20,10,93,1,206,5,11,3,454,0,3,0,6,2,7,0,209,2,17,1,17,0,0,0,5,4,4,0,8,1,5,1,133,0,0,0,5,0,0,0,4,0,0,0,0,0,1,0,2,0,10,0,15,0,1,0,5,2,19,0,22,8,4,3,204,92,251,1,418,19,15,10,369,2,4,0,5,4,4,8,93,3,5,0,6,0,1,1,2,5,7,0,4,4,2,1,23,65,103,0,206,6,7,5,104,1,1,0,3,6,3,3,77,107,128,2,121,2,0,3,20,186,132,6,204,97,32,68,526,Nor
Medial Femur of Normal_35.jpg,441,100,13,82,245,9,96,161,8,2,0,2,94,4,88,109,106,24,2,16,19,2,2,5,91,15,3,13,255,7,141,129,17,2,0,2,7,0,3,0,1,0,0,0,5,0,1,4,80,7,1,6,18,0,2,3,215,29,2,15,437,11,216,117,277,17,6,16,50,0,31,10,4,0,0,0,19,0,7,3,10,1,0,0,1,0,1,0,10,0,0,1,10,0,7,1,97,2,3,5,25,0,7,4,3,0,0,0,20,1,10,5,181,9,3,0,17,0,8,3,309,8,3,3,306,1,101,23,5,75,0,187,5,5,1,239,0,3,0,3,3,4,1,115,2,14,0,18,0,0,1,7,1,10,1,19,3,6,6,112,0,3,0,2,0,0,0,1,0,0,0,0,0,0,0,7,3,6,0,12,0,0,0,5,5,20,0,32,17,8,8,193,81,197,1,369,23,5,15,265,3,5,0,7,10,4,9,91,5,11,0,19,0,0,0,3,1,7,0,9,4,0,3,42,65,106,3,167,9,4,5,90,5,1,0,10,6,4,13,90,89,118,1,118,3,1,6,25,155,136,6,200,108,31,114,631,Nor
Medial Femur of Normal_36.jpg,422,70,12,67,228,15,102,172,10,1,0,0,85,6,64,93,84,12,2,9,16,3,2,5,66,7,3,13,246,5,91,91,13,4,0,5,5,0,3,3,2,0,0,0,4,0,3,3,74,8,2,3,14,0,5,2,213,21,4,8,541,5,216,139,283,22,8,10,86,1,23,18,4,0,0,0,24,0,6,1,9,0,0,0,0,0,0,0,12,0,0,0,14,0,2,0,119,5,3,5,23,0,11,7,2,0,0,0,9,0,3,5,185,5,2,6,20,0,3,1,373,4,6,6,334,0,89,22,11,57,0,183,5,11,3,328,0,3,0,0,2,2,2,165,2,7,0,10,0,0,1,7,4,12,0,13,8,8,3,140,0,1,0,5,0,0,0,4,0,0,0,0,0,0,0,3,1,2,0,15,0,0,0,3,7,15,0,32,7,7,5,232,88,200,4,453,18,8,9,303,3,3,0,8,9,4,3,87,5,7,0,8,1,0,1,2,1,6,0,8,3,2,4,27,46,101,2,165,7,4,5,79,0,7,0,7,4,3,4,61,78,111,1,124,6,1,4,22,171,122,4,237,84,34,82,551,Nor
Medial Femur of Normal_37.jpg,430,102,6,76,303,26,86,248,13,4,1,1,93,9,62,103,98,19,5,5,14,1,2,9,80,13,0,4,149,7,85,106,7,0,0,0,2,0,3,4,0,0,0,0,3,1,1,5,57,8,4,13,6,0,5,15,169,11,3,16,271,6,159,147,274,15,6,9,87,1,22,16,7,0,0,1,25,0,7,7,16,2,0,0,3,0,1,1,17,1,0,0,14,0,4,0,77,5,1,8,21,0,10,10,1,1,0,0,10,0,13,6,205,7,5,4,15,0,6,1,417,5,12,10,291,4,103,26,6,94,0,182,4,21,2,484,1,1,0,9,4,5,3,212,5,11,0,15,0,0,0,6,1,3,0,21,1,4,2,116,0,2,0,3,0,1,1,8,0,0,0,1,0,0,0,5,0,9,0,15,0,0,0,14,1,19,0,31,3,6,4,268,99,152,0,291,24,13,14,331,2,2,0,6,9,4,4,80,7,7,0,6,1,0,0,0,6,10,0,5,6,0,7,28,54,68,0,131,12,1,5,112,3,2,0,1,6,2,2,75,121,108,0,117,1,1,6,35,172,97,5,229,83,24,88,636,Nor
Medial Femur of Normal_38.jpg,348,82,10,78,258,14,91,184,8,2,1,1,87,8,66,96,62,9,1,11,14,1,5,10,56,7,2,7,187,3,82,105,15,2,0,1,3,0,1,2,0,0,0,1,2,1,2,0,61,5,2,6,7,0,4,6,230,11,4,16,501,3,181,128,263,18,2,13,55,1,27,13,2,0,0,0,18,0,8,3,7,0,0,0,0,0,1,0,7,0,0,0,13,0,0,0,87,2,2,3,16,0,8,6,3,0,0,0,14,0,6,2,169,5,2,5,8,0,3,1,370,5,5,10,335,2,92,27,8,82,0,250,9,8,2,462,0,3,0,3,1,2,0,171,5,12,0,6,0,0,0,6,1,8,0,16,2,12,4,129,0,0,0,5,0,0,1,2,0,0,0,1,0,0,0,3,0,6,0,10,0,0,0,8,5,13,1,25,4,3,6,193,107,235,3,510,14,14,11,395,1,1,0,11,9,6,4,114,1,12,1,10,0,0,0,2,4,3,0,7,3,5,2,35,55,85,1,200,9,2,7,107,3,1,0,5,3,2,3,66,83,104,1,151,2,0,1,30,164,125,3,200,86,18,66,480,Nor
Medial Femur of Normal_39.jpg,307,153,5,81,168,12,66,224,9,2,1,0,80,4,81,120,125,24,1,12,25,2,15,6,79,15,0,10,238,12,168,151,4,2,0,0,4,0,4,3,1,0,0,0,1,0,3,1,74,13,3,1,17,1,9,13,153,8,0,9,421,8,203,119,181,21,1,14,58,3,12,19,2,1,0,0,10,0,9,4,22,0,0,0,2,0,0,0,7,0,0,0,9,0,1,0,82,14,1,2,14,2,5,7,0,0,0,0,8,0,12,7,210,18,3,6,15,0,5,7,297,6,3,9,354,2,131,29,5,72,0,161,2,11,0,291,0,2,0,0,0,3,2,175,3,19,0,14,1,0,1,3,0,5,0,5,3,11,3,146,0,0,0,1,0,0,1,5,0,0,0,0,0,0,0,4,1,10,0,5,0,0,0,5,5,9,1,16,11,4,3,157,70,255,1,369,16,13,9,343,1,4,0,5,9,5,5,128,7,14,1,8,0,0,1,2,2,10,0,8,5,4,2,52,73,151,4,191,8,2,9,117,3,3,0,6,4,2,6,110,124,176,2,112,3,2,6,36,155,110,2,131,124,40,91,577,Nor
Medial Femur of Normal_4.jpg,297,103,3,67,269,13,67,269,6,3,0,0,63,5,72,171,100,27,3,6,18,0,5,9,49,13,1,5,215,12,111,186,6,1,0,3,1,0,2,2,0,0,0,0,0,0,0,4,67,6,2,2,8,0,3,6,91,17,5,4,287,6,126,115,251,16,4,14,85,1,16,20,3,0,0,0,15,0,11,7,20,1,0,0,3,0,0,0,14,0,0,0,22,0,6,2,71,6,1,7,23,0,5,6,2,0,0,0,13,0,4,6,217,12,5,9,22,0,5,5,294,12,4,3,326,4,95,47,4,63,0,106,9,17,2,436,0,1,0,0,1,7,1,172,2,12,0,17,0,0,0,13,2,6,0,9,5,5,4,133,0,1,0,3,0,0,0,9,0,0,0,0,0,0,0,2,0,6,1,10,0,1,0,7,0,5,0,21,1,6,3,175,73,217,0,338,21,19,6,397,1,6,0,4,10,6,4,137,4,14,0,9,0,2,0,1,5,6,0,12,9,5,2,45,58,114,1,148,10,1,10,115,2,3,0,3,3,2,7,91,120,170,3,158,3,6,4,51,155,142,3,208,98,39,74,721,Nor
Medial Femur of Normal_40.jpg,325,108,9,77,215,16,86,261,12,3,0,0,84,8,64,137,107,11,1,12,6,0,7,8,70,15,0,6,191,7,97,113,9,1,0,3,3,0,1,1,0,0,0,0,0,0,0,1,68,13,2,10,9,0,3,7,157,15,2,20,307,7,148,123,238,15,3,7,51,1,13,10,4,0,0,0,17,1,5,4,13,0,0,1,1,0,1,1,9,0,0,0,13,0,5,0,92,5,1,3,13,0,3,5,3,0,1,0,7,0,7,3,216,12,4,11,10,0,9,2,483,4,3,5,305,1,99,31,8,87,0,212,6,9,2,612,0,1,0,1,1,5,1,207,2,13,0,17,0,0,1,6,2,6,0,6,3,6,5,114,0,1,0,4,0,0,0,3,0,0,0,0,0,0,0,1,0,4,0,12,0,2,0,10,1,10,0,18,4,2,3,175,91,164,4,344,19,16,11,331,2,4,0,4,9,9,9,137,5,5,0,3,1,0,0,2,8,6,0,1,6,3,1,27,72,108,2,181,8,2,9,107,1,3,0,4,9,6,12,70,100,164,5,118,1,2,2,37,211,124,6,183,97,23,74,538,Nor
Medial Femur of Normal_41.jpg,400,132,11,76,188,8,82,177,8,5,0,1,87,6,92,111,124,21,3,15,15,0,10,6,85,12,1,8,272,11,160,158,9,2,0,1,6,0,4,3,0,0,0,0,2,0,6,3,97,4,2,7,16,1,4,4,190,15,1,7,486,1,237,122,171,19,5,8,37,1,27,22,3,0,1,0,20,1,11,4,17,0,1,0,1,0,2,0,6,0,0,0,12,1,5,0,102,7,4,7,22,0,11,9,0,0,0,0,7,0,7,2,202,11,5,3,12,1,7,2,236,7,6,5,317,1,117,22,7,76,0,153,1,4,2,198,1,2,0,4,1,8,2,136,4,11,0,13,0,0,0,4,4,10,0,9,5,6,2,127,0,2,0,3,0,0,0,4,0,0,0,0,0,0,0,1,0,7,0,11,0,0,0,2,2,21,0,16,8,9,4,162,75,262,3,340,10,10,8,267,5,4,0,5,9,4,2,126,9,6,1,3,0,0,0,1,4,6,0,6,8,5,1,34,99,166,3,234,21,1,9,101,1,4,0,3,6,7,11,86,136,162,8,129,4,2,3,18,165,131,2,174,139,40,108,550,Nor
Medial Femur of Normal_42.jpg,389,128,8,100,210,17,97,221,11,4,2,1,86,10,93,144,123,30,2,3,18,1,4,8,96,12,0,12,211,5,162,164,11,4,0,1,7,1,3,4,0,1,0,0,2,0,2,6,88,8,1,12,10,0,5,10,177,19,4,15,319,12,169,116,191,20,4,12,55,2,13,11,7,1,0,0,17,0,13,3,17,0,1,0,0,0,0,0,11,0,0,0,15,0,8,2,101,11,0,6,21,0,14,5,3,1,0,0,6,0,9,7,235,9,3,6,15,0,4,2,347,12,1,5,284,0,130,33,12,86,0,138,4,4,2,310,0,4,0,1,5,4,1,187,3,11,0,14,0,2,0,4,3,8,0,6,1,7,0,111,0,3,0,6,0,1,0,3,0,0,0,1,0,0,0,6,2,7,0,18,2,0,0,8,3,11,0,25,4,7,4,178,102,226,2,253,16,23,13,263,5,1,0,4,12,5,8,116,1,14,0,5,1,0,0,2,6,8,0,4,3,2,3,28,83,111,1,162,15,7,7,99,2,3,0,4,13,6,10,96,158,149,4,130,3,0,5,22,168,131,7,179,121,29,99,582,Nor
Medial Femur of Normal_43.jpg,374,88,9,66,253,22,84,253,4,4,1,1,87,4,77,126,97,14,1,11,10,0,3,8,77,11,0,5,164,6,103,127,6,0,2,2,4,0,3,5,0,0,0,0,3,0,1,2,75,11,2,7,9,0,4,5,173,16,4,14,286,5,159,128,247,11,11,7,54,0,23,18,6,0,0,0,25,0,6,1,19,0,0,0,0,0,0,0,13,0,0,0,14,1,6,0,80,4,1,3,16,0,6,5,0,0,0,0,11,0,5,0,203,12,2,3,8,1,3,2,429,6,6,3,311,0,89,23,12,82,1,226,8,13,4,547,0,2,0,10,1,8,5,235,1,13,0,14,1,0,0,4,0,4,0,16,3,2,5,135,0,0,0,3,0,0,0,9,0,0,0,0,0,0,0,5,2,5,0,15,0,0,0,13,3,13,0,27,0,6,5,208,96,205,7,334,25,11,12,351,3,2,0,5,8,2,2,82,8,9,0,8,0,0,1,1,5,5,0,5,3,1,3,21,79,89,1,161,9,4,10,103,2,1,0,4,9,1,3,83,119,123,5,145,3,0,3,26,198,129,7,190,76,21,70,536,Nor
Medial Femur of Normal_44.jpg,328,77,8,57,222,23,95,227,6,4,0,4,102,6,79,156,74,15,1,9,13,0,1,8,93,15,1,7,177,11,108,139,3,4,0,0,8,1,0,4,0,0,0,0,2,0,4,2,68,3,0,7,11,1,2,3,179,10,2,6,349,5,172,123,225,13,6,7,66,0,19,15,5,0,0,0,15,0,10,2,19,0,0,0,1,0,0,1,12,0,0,0,10,0,1,0,97,4,2,4,19,0,5,7,3,0,0,0,7,0,6,2,240,9,2,3,12,0,3,3,458,3,4,8,329,1,91,27,15,82,0,202,8,11,2,493,0,3,0,3,0,3,0,206,1,15,0,22,0,0,0,7,2,9,0,14,1,6,1,134,0,2,0,1,0,0,0,5,0,0,0,1,0,0,0,6,5,6,0,16,0,0,0,8,5,11,0,26,4,9,2,169,95,189,3,390,21,7,7,334,1,3,0,1,2,2,4,91,7,10,0,6,0,0,0,1,2,5,0,10,4,1,1,19,90,114,0,186,6,1,8,116,0,4,0,2,4,3,9,79,133,148,6,131,3,2,2,32,190,127,3,190,91,26,57,495,Nor
Medial Femur of Normal_45.jpg,333,121,8,71,217,15,72,224,6,2,0,1,81,8,73,124,117,25,3,13,21,2,16,4,66,14,1,8,238,11,151,186,8,1,0,3,2,0,0,5,1,0,0,0,1,0,1,1,71,13,2,4,15,0,9,5,192,17,5,8,444,8,214,129,184,16,5,14,54,0,25,14,3,0,0,0,21,0,10,1,13,1,0,1,1,0,0,2,7,0,0,0,17,0,8,2,67,10,0,4,15,0,5,9,1,0,0,0,9,0,6,3,196,11,2,3,15,0,5,6,330,6,4,4,355,0,129,41,3,67,0,140,7,13,1,320,0,3,0,1,0,8,2,209,0,12,0,20,1,1,0,6,2,8,0,14,2,6,2,119,0,0,0,3,0,0,0,3,0,0,0,0,0,0,0,4,0,6,0,9,0,0,0,5,3,9,0,20,3,3,3,172,76,214,2,315,29,15,6,348,3,2,0,4,11,12,8,79,3,9,0,8,0,0,0,5,4,9,0,5,5,2,4,31,67,127,0,191,8,6,5,124,1,4,0,3,4,3,3,97,139,161,1,128,2,1,2,36,168,112,0,167,113,34,86,563,Nor
Medial Femur of Normal_46.jpg,432,93,9,76,307,11,83,180,5,0,0,1,96,7,38,80,77,15,0,8,11,1,5,2,67,6,0,8,207,3,95,98,6,1,0,1,1,0,4,2,0,0,0,0,5,1,2,1,70,13,4,6,9,0,7,8,214,19,4,15,437,8,180,140,297,16,6,12,108,2,21,18,7,0,0,0,22,0,6,4,11,1,0,0,1,0,1,0,12,0,0,1,13,0,5,0,77,6,0,3,22,0,5,2,1,0,0,0,10,0,3,2,157,4,5,7,12,0,4,1,482,6,4,9,349,0,116,20,12,56,1,175,5,20,2,369,0,2,0,5,2,6,0,186,2,8,0,16,0,2,1,7,3,6,0,14,4,3,1,127,0,0,0,6,0,0,0,2,0,0,0,0,0,0,0,4,1,6,0,8,0,0,0,6,3,18,0,38,5,2,4,263,109,179,5,394,26,12,11,289,4,5,0,5,11,3,5,83,6,8,0,16,0,0,0,1,7,5,0,9,5,2,1,27,57,72,0,158,10,1,6,91,1,4,0,1,2,1,5,59,75,95,4,142,0,0,2,33,177,115,3,284,78,20,67,559,Nor
Medial Femur of Normal_47.jpg,371,105,12,67,237,14,83,249,14,4,0,0,99,6,73,137,97,18,3,8,13,1,6,8,66,10,1,9,182,7,98,130,7,0,1,1,3,0,3,4,0,0,0,0,0,0,1,5,52,6,6,9,3,0,1,2,193,14,2,15,277,4,156,123,232,8,3,9,67,1,21,11,6,0,0,0,32,0,9,1,12,1,1,0,2,0,0,0,14,0,0,0,12,0,3,1,83,3,1,2,16,0,7,4,0,0,0,0,13,0,8,2,206,4,3,4,11,0,4,2,456,12,5,7,312,4,110,34,13,82,2,194,2,16,3,517,0,1,0,4,0,0,1,238,3,14,0,18,0,0,0,8,1,11,0,12,5,4,1,138,0,1,0,1,0,0,0,4,0,0,0,1,0,0,0,5,1,7,0,17,0,0,0,7,5,12,0,30,2,5,3,208,103,180,1,372,18,11,7,348,2,3,0,6,13,2,8,91,6,8,0,8,0,0,0,1,3,3,0,2,5,3,7,17,57,95,1,152,8,2,10,111,1,3,0,3,7,5,3,96,129,109,2,138,4,3,2,28,186,110,3,181,82,19,73,578,Nor
Medial Femur of Normal_48.jpg,361,109,3,82,208,8,90,264,18,2,0,0,100,6,81,141,84,20,2,20,10,0,3,8,53,12,2,8,180,4,94,110,6,0,0,2,4,0,2,7,2,0,0,0,1,0,0,2,76,7,1,8,4,0,2,7,187,21,2,12,345,4,150,124,199,14,2,5,63,1,23,12,4,0,0,0,22,0,9,5,13,1,1,0,1,0,1,0,9,0,1,1,11,0,3,0,91,4,5,2,23,0,5,2,3,0,0,0,10,0,4,3,185,4,3,4,9,0,1,0,449,5,5,7,311,3,85,20,7,87,1,228,3,11,1,463,0,2,0,5,2,4,0,230,1,10,0,15,0,0,0,8,4,6,0,15,3,3,1,110,0,2,0,5,0,0,0,3,0,0,0,0,0,0,0,1,1,6,0,15,0,0,0,3,3,8,0,22,3,3,3,197,117,199,4,414,17,9,11,357,3,1,0,2,9,7,5,92,5,6,0,5,2,0,1,2,2,3,0,2,5,3,2,18,79,128,1,176,7,6,5,119,1,3,0,2,6,0,4,98,144,129,3,149,6,0,2,29,200,142,6,164,88,20,83,500,Nor
Medial Femur of Normal_49.jpg,379,84,6,70,270,14,101,207,12,0,1,1,74,5,55,96,92,17,1,3,15,0,4,5,76,8,0,1,168,6,80,125,7,1,0,2,3,0,3,5,0,0,0,0,2,0,1,0,65,11,1,4,8,0,8,2,174,12,3,16,281,6,150,134,272,8,1,7,88,1,15,14,3,0,0,0,30,0,9,6,17,2,1,1,1,0,0,0,13,1,0,1,14,0,2,2,70,3,4,4,21,0,7,3,4,1,0,0,8,0,5,0,222,9,2,6,14,0,2,2,490,10,10,4,319,2,99,36,19,79,1,216,7,16,2,581,0,2,0,1,3,5,0,222,1,8,0,20,0,1,0,1,2,3,0,9,3,6,2,143,0,0,0,4,2,0,0,6,0,0,0,0,0,0,0,4,3,6,0,20,0,1,1,13,3,9,0,38,2,7,2,217,115,172,1,346,18,9,13,389,1,8,0,1,8,3,3,83,1,5,0,4,0,0,0,0,4,7,0,1,3,1,2,21,65,95,2,154,8,2,4,98,3,0,0,4,6,4,6,89,101,105,3,146,1,1,1,31,184,147,4,212,74,18,57,525,Nor
Medial Femur of Normal_5.jpg,489,92,19,74,350,20,96,222,11,0,0,1,78,7,57,108,93,20,3,11,14,1,8,10,60,10,1,8,172,8,91,120,9,1,0,3,7,1,4,5,0,0,0,1,0,0,2,4,76,9,6,4,13,0,3,7,122,11,0,11,237,9,128,133,333,17,6,21,103,0,22,15,3,0,1,1,25,0,5,5,14,2,1,0,1,0,1,1,16,0,0,1,10,0,4,6,102,2,3,6,19,0,4,11,2,0,0,0,8,0,3,3,159,9,6,9,20,0,6,3,297,7,7,11,234,3,88,35,10,70,2,160,7,17,4,347,0,1,0,6,6,8,3,186,4,11,0,13,2,1,1,4,4,8,0,16,5,9,5,134,0,1,0,3,0,1,0,13,0,0,0,0,0,0,1,9,1,9,0,14,0,3,0,12,4,14,0,45,8,12,9,280,102,195,2,334,34,17,13,294,6,5,0,11,8,6,5,105,7,7,0,13,0,0,0,1,3,3,1,15,7,3,1,34,47,87,2,146,14,9,6,91,2,3,0,5,2,2,10,91,129,89,6,148,4,3,6,40,135,125,6,313,95,35,80,723,Nor
Medial Femur of Normal_50.jpg,385,95,5,64,241,19,116,197,8,7,0,2,87,5,87,123,128,21,4,14,26,0,7,6,64,15,1,10,257,10,192,190,4,3,0,1,9,0,1,3,0,0,0,0,0,1,3,0,92,10,3,6,26,0,3,4,153,13,1,7,478,10,222,125,227,23,3,16,80,0,18,23,1,0,0,0,16,1,14,3,18,0,0,0,0,0,0,0,8,0,0,0,9,0,3,2,101,7,6,5,27,0,10,10,2,0,0,0,14,1,15,6,199,8,4,5,17,0,8,1,197,5,2,6,326,2,93,21,5,57,0,127,4,9,0,198,0,2,0,5,1,3,0,153,2,15,0,10,0,1,0,2,0,11,1,22,5,7,2,134,0,0,0,2,0,0,0,3,0,0,0,0,0,0,0,0,2,9,0,10,0,0,0,1,4,15,0,25,6,10,6,207,78,226,2,345,9,3,7,262,1,8,0,3,6,5,2,108,5,14,0,12,2,0,0,3,3,4,0,11,2,5,2,40,79,124,3,179,7,2,1,100,2,1,0,4,5,7,9,86,113,143,2,141,6,1,7,25,161,151,3,206,101,39,98,624,Nor
Medial Femur of Normal_51.jpg,449,130,6,58,300,28,98,227,4,2,0,2,102,12,55,142,120,27,2,7,16,2,3,11,63,12,2,6,197,9,105,138,6,2,1,1,9,0,1,3,1,0,0,0,3,0,1,5,66,8,3,7,11,0,5,10,124,15,1,10,242,11,145,140,274,16,9,15,101,3,17,22,10,0,0,1,19,0,17,4,19,3,0,0,0,0,0,0,14,1,0,0,18,0,2,1,89,8,3,10,22,0,4,6,1,0,0,0,9,0,4,3,240,13,6,7,15,0,9,4,318,5,7,11,273,2,124,42,9,50,0,106,6,14,1,262,0,4,0,5,6,6,3,144,3,9,0,8,0,0,0,4,0,8,0,11,6,13,6,137,0,0,0,4,0,0,0,4,0,0,0,0,0,1,0,1,2,7,0,10,0,2,0,13,3,11,0,41,6,12,9,263,84,195,3,236,22,20,7,263,4,8,0,9,4,12,2,95,9,12,0,11,0,0,1,4,8,10,0,6,14,6,5,48,46,97,0,152,11,3,3,96,2,2,0,6,5,3,7,85,126,118,0,111,6,1,3,47,162,111,3,306,124,38,89,763,Nor
Medial Femur of Normal_52.jpg,364,173,9,92,140,18,69,202,9,3,0,1,70,3,75,159,143,26,2,14,20,1,10,7,81,13,2,10,247,8,207,193,4,3,1,3,1,0,0,1,0,0,0,0,2,0,2,2,99,14,1,6,5,0,6,4,176,23,3,8,371,4,219,127,145,26,1,11,44,1,15,11,3,1,0,0,20,0,9,2,17,0,0,0,1,0,0,0,8,0,0,0,15,0,4,1,87,12,3,4,17,1,7,12,1,1,0,0,7,0,17,8,211,6,3,2,20,1,4,4,337,5,1,1,361,1,128,29,7,85,1,164,1,7,3,263,1,4,0,0,1,3,2,184,2,16,1,17,0,1,0,6,1,7,0,9,4,4,6,119,0,2,0,3,0,0,0,5,0,0,0,0,0,0,0,0,4,7,0,9,0,0,0,2,2,10,0,17,2,7,7,116,68,212,5,319,12,15,12,296,0,0,0,5,12,2,11,137,4,11,0,6,1,0,0,4,1,4,0,3,2,2,4,29,64,150,3,178,9,3,8,121,3,3,0,5,16,5,23,134,149,161,3,108,6,0,5,28,173,115,2,110,159,33,122,531,Nor
Medial Femur of Normal_53.jpg,675,111,14,60,381,20,107,145,15,7,1,2,97,6,50,78,94,23,6,19,30,1,10,11,65,10,3,6,161,5,88,101,13,5,0,3,12,1,3,7,0,1,1,0,0,1,5,5,61,15,5,8,22,1,8,6,114,13,9,24,207,10,137,117,414,24,16,17,130,3,28,13,12,1,1,0,37,0,17,12,24,2,0,0,2,0,1,0,19,3,1,2,17,0,6,1,96,3,2,3,27,0,6,6,7,0,0,0,11,1,4,6,136,8,8,7,13,0,7,1,169,6,10,13,169,1,85,42,13,58,0,102,11,19,3,179,1,6,0,5,4,10,2,134,7,9,0,20,1,3,0,8,4,3,0,21,6,8,2,137,1,3,0,9,0,2,0,15,0,0,0,0,1,0,0,8,5,10,0,20,1,2,0,13,7,13,0,57,18,19,14,364,95,160,5,181,28,17,9,172,1,3,1,19,11,11,8,83,7,6,0,5,0,1,0,2,9,8,0,16,10,4,4,38,73,79,2,116,15,9,13,93,7,4,0,6,6,1,7,103,70,93,5,155,4,2,7,46,116,122,12,371,104,40,90,892,Nor
Medial Femur of Normal_54.jpg,330,148,11,93,139,11,76,163,7,1,1,1,63,12,85,135,180,31,1,14,19,0,8,11,122,12,2,4,307,11,242,194,10,2,2,3,6,0,6,2,0,0,0,0,7,1,2,5,107,8,0,3,17,0,7,4,155,15,1,6,539,3,268,112,146,19,3,15,39,0,21,12,0,0,0,0,19,1,13,4,9,0,0,0,3,0,0,2,13,1,0,0,13,0,7,2,90,3,1,7,15,0,8,6,0,0,0,0,12,0,7,3,196,14,2,3,16,0,7,2,241,7,4,5,356,5,130,28,8,53,0,149,4,5,0,160,0,3,0,1,2,1,2,126,2,18,0,17,0,0,0,1,1,10,0,6,4,8,2,102,0,1,0,0,0,0,0,1,0,0,0,0,0,0,0,1,0,6,0,5,0,2,0,6,3,13,0,16,4,3,6,136,65,241,1,365,11,10,11,257,1,1,0,4,4,7,9,142,4,4,0,6,0,0,0,4,2,10,0,9,1,1,4,30,73,191,0,213,6,2,8,94,1,6,0,7,9,5,7,104,136,147,1,106,4,3,6,25,165,124,3,113,158,44,146,567,Nor
Medial Femur of Normal_55.jpg,481,296,11,100,113,15,90,222,17,7,1,3,76,13,92,183,260,85,10,14,20,1,7,13,100,16,1,10,219,13,189,185,18,7,0,5,8,0,3,11,0,0,0,1,2,0,3,8,105,24,2,10,12,2,9,6,116,10,2,10,118,9,165,101,141,20,2,4,24,0,20,8,1,0,0,1,9,0,12,5,17,2,0,0,1,0,0,0,8,0,0,0,13,0,4,1,63,14,3,3,12,1,14,4,7,0,0,0,11,0,15,8,197,10,8,9,12,0,6,1,164,8,2,4,174,2,146,27,8,101,0,120,6,10,5,181,2,1,0,3,1,11,1,157,7,19,0,11,0,0,0,9,5,10,0,15,6,10,8,105,0,5,0,4,0,0,0,7,0,0,0,1,0,0,0,6,1,6,0,10,1,0,0,8,2,9,0,10,4,2,8,108,95,242,3,162,12,8,13,195,4,4,0,4,7,7,10,130,10,18,0,9,1,0,2,3,5,12,0,5,4,5,9,35,86,176,2,174,8,3,13,133,2,8,0,6,8,15,37,272,159,169,10,97,4,2,8,32,144,89,4,114,118,30,238,774,Nor
Medial Femur of Normal_56.jpg,468,93,9,51,401,15,98,159,6,3,0,0,79,8,52,91,103,17,1,9,22,2,6,10,53,10,0,6,207,11,75,105,12,3,1,2,10,0,2,4,1,0,0,0,3,1,2,0,66,10,1,7,18,0,5,4,150,22,1,10,329,8,160,154,355,20,12,16,121,4,28,14,6,1,0,1,20,1,14,4,22,1,0,2,1,0,0,0,15,2,0,3,16,0,2,5,90,7,3,8,26,0,11,6,1,0,0,1,9,0,4,5,163,7,7,5,21,1,8,5,302,7,8,11,282,2,93,33,11,63,0,108,9,16,1,271,0,3,0,4,3,5,1,126,2,6,0,16,0,0,0,8,2,8,0,12,2,10,7,134,0,2,0,4,1,1,0,13,0,1,0,2,0,0,0,5,0,9,0,11,0,1,0,12,4,12,0,51,9,15,8,323,87,179,4,280,19,17,11,228,3,4,1,10,8,5,6,98,5,4,0,11,0,0,0,1,9,10,0,11,5,6,4,35,52,81,2,122,17,1,13,101,2,4,1,4,2,3,11,74,89,95,3,135,1,1,4,39,157,138,5,309,100,35,81,778,Nor
Medial Femur of Normal_57.jpg,728,119,13,71,392,23,74,158,11,4,2,5,92,7,54,70,136,17,2,19,15,3,8,6,76,13,5,10,146,8,80,88,16,1,1,7,16,0,2,8,0,1,0,0,4,0,4,3,76,19,4,12,15,1,3,11,85,14,10,21,163,8,128,120,412,26,13,18,126,2,37,8,9,0,2,2,33,0,18,7,25,2,0,1,1,0,0,1,18,3,1,2,7,0,7,6,113,4,4,7,30,0,9,4,8,1,1,0,12,1,12,6,144,12,11,7,16,3,6,4,178,3,10,13,179,4,87,30,17,81,1,82,15,22,3,174,0,1,0,5,1,9,1,110,3,14,0,21,1,1,0,10,6,16,1,25,4,4,2,121,2,3,0,4,1,2,1,13,0,1,0,0,3,1,0,14,3,12,0,24,0,1,1,13,7,19,0,77,10,17,11,364,79,144,3,177,30,19,19,143,7,14,0,17,11,8,10,85,9,7,0,12,0,0,1,1,4,7,0,12,3,2,3,26,52,71,8,93,17,5,9,92,2,5,1,14,8,6,10,124,77,89,2,129,14,3,8,33,142,132,14,348,83,48,114,926,Nor
Medial Femur of Normal_58.jpg,404,86,14,64,276,14,84,185,10,1,0,1,90,1,83,138,81,19,2,9,14,0,4,11,50,8,1,7,164,6,90,144,16,2,0,2,5,0,1,5,0,0,0,0,2,0,2,4,67,5,3,5,11,0,7,2,182,13,8,17,412,8,172,120,289,15,3,9,96,1,20,10,2,0,2,0,26,1,6,2,13,0,0,0,1,0,1,0,14,0,0,0,5,0,2,0,88,4,3,2,23,0,6,2,1,0,0,0,11,0,4,2,171,8,4,2,9,0,4,3,366,9,5,7,285,1,79,15,8,86,1,218,9,12,1,416,0,0,0,7,1,1,1,192,2,7,0,19,0,0,0,3,0,10,0,18,2,3,4,123,0,1,0,5,0,1,1,6,0,0,0,0,0,0,1,6,2,1,0,17,0,0,0,6,7,11,0,34,4,10,3,225,78,199,3,488,23,13,10,322,2,7,0,3,4,3,2,92,4,6,1,7,0,0,0,2,2,4,0,8,3,1,4,29,63,135,4,211,9,0,6,103,1,3,0,7,4,1,4,71,77,122,4,140,2,0,2,21,160,143,4,223,86,30,69,527,Nor
Medial Femur of Normal_59.jpg,389,148,5,61,257,25,80,252,4,1,1,1,81,4,55,130,173,30,3,14,25,6,2,20,56,10,0,8,248,12,92,142,6,5,0,2,3,1,1,5,1,0,0,1,1,0,5,7,62,10,2,8,13,2,8,9,102,14,1,9,241,8,140,150,284,24,3,8,107,2,14,18,5,0,0,0,12,0,14,9,16,0,0,3,3,0,0,0,13,0,0,2,20,0,5,7,68,10,3,4,23,0,8,12,3,2,0,0,5,0,6,5,217,13,5,13,14,1,8,2,205,6,7,8,295,3,125,54,4,63,0,86,4,11,1,216,0,4,0,1,4,6,0,140,2,12,0,17,0,0,1,13,0,8,0,18,6,4,2,135,0,2,0,0,0,0,0,5,0,0,0,0,0,0,0,0,1,13,0,9,0,3,0,8,0,10,1,24,7,9,1,233,72,227,2,210,18,22,9,304,4,7,0,1,6,18,7,114,9,11,1,9,3,0,1,3,9,14,1,8,11,5,5,46,51,128,0,146,17,8,6,120,2,4,0,5,5,7,10,92,120,166,3,121,6,3,7,50,140,140,1,209,145,55,119,828,Nor
Medial Femur of Normal_6.jpg,353,120,3,57,227,21,75,213,5,1,0,0,83,9,66,142,130,24,2,14,22,0,11,7,57,9,0,6,220,15,151,176,2,6,0,2,2,0,3,7,0,0,0,0,2,0,4,2,73,13,5,10,18,0,6,4,113,3,2,10,285,7,180,134,202,19,5,6,71,1,13,16,12,0,0,0,25,1,8,6,17,1,0,0,1,0,0,0,16,0,0,0,18,0,7,1,97,8,0,6,20,0,10,9,0,0,0,0,8,1,5,5,258,14,2,4,16,1,10,6,328,13,6,5,279,2,126,38,4,68,0,129,7,9,1,322,0,1,0,1,2,3,1,177,1,9,1,18,0,0,0,6,1,5,0,8,7,10,4,120,0,2,0,2,0,0,0,4,0,0,0,0,0,0,0,2,0,3,0,11,0,1,0,5,1,13,0,27,5,9,3,177,93,254,1,304,16,17,3,294,2,7,0,3,7,5,5,113,4,13,0,4,0,0,0,2,10,13,0,8,5,7,5,35,74,174,0,174,9,1,4,128,2,5,0,6,5,7,7,88,115,177,3,149,6,0,4,43,156,152,3,174,118,49,95,628,Nor
Medial Femur of Normal_60.jpg,405,218,9,98,127,21,59,188,8,4,0,1,61,11,95,151,245,67,4,20,28,2,14,15,104,21,2,8,255,9,202,180,5,3,0,0,4,0,2,5,1,0,0,0,2,0,2,2,113,18,2,7,5,0,5,9,162,21,3,9,266,4,180,114,126,15,3,8,23,1,12,12,5,0,0,0,13,0,12,4,14,0,0,0,2,0,0,0,5,0,0,0,13,0,7,0,61,11,0,4,19,0,10,3,1,0,0,0,9,0,23,2,229,15,1,5,10,0,10,7,252,7,5,6,251,1,170,32,8,92,0,133,8,2,1,182,0,3,0,4,4,4,1,143,5,21,2,21,0,0,0,11,3,6,1,8,4,7,4,114,0,0,0,0,0,1,0,4,0,0,0,0,0,0,0,8,0,12,1,10,0,0,0,3,2,9,0,17,3,4,8,103,67,214,1,224,13,8,11,238,1,3,0,4,10,3,11,128,7,16,1,5,0,0,0,2,5,7,0,2,5,2,9,38,97,165,1,183,10,9,11,128,1,3,0,1,15,7,30,199,162,173,4,89,11,2,9,26,166,118,4,117,161,31,195,666,Nor
Medial Femur of Normal_61.jpg,400,134,15,82,198,15,91,195,9,0,0,0,79,5,71,113,146,25,1,11,18,2,8,5,92,13,0,13,232,8,133,161,17,6,0,4,9,0,3,1,0,0,0,0,3,0,1,4,110,14,0,6,7,0,6,4,153,22,3,6,346,8,196,127,198,27,4,10,66,1,16,15,1,2,0,0,20,0,11,7,10,2,0,0,0,0,0,0,8,0,0,0,14,0,6,0,97,9,2,6,22,1,5,4,3,0,0,0,15,1,7,5,201,15,1,4,25,1,7,2,281,4,3,2,320,5,104,20,11,68,1,146,6,13,3,236,0,3,0,4,2,4,4,145,7,12,0,15,1,0,0,4,2,8,0,9,3,4,4,132,0,2,0,2,1,1,0,5,0,0,0,0,0,0,0,4,2,8,1,11,1,0,0,6,2,14,0,26,6,11,6,157,79,215,2,325,21,14,16,263,4,8,0,6,8,5,11,131,6,12,0,11,0,0,1,2,3,9,0,7,6,4,3,26,67,138,1,208,14,10,7,89,3,2,0,2,5,7,7,119,140,161,3,120,3,4,1,26,179,132,4,174,140,35,118,650,Nor
Medial Femur of Normal_62.jpg,319,79,6,55,277,15,93,162,3,2,0,0,91,6,46,81,76,23,2,12,19,1,6,5,59,8,1,4,201,6,105,143,5,1,0,2,3,0,1,2,0,1,0,0,2,0,1,2,65,8,0,9,11,0,4,6,191,17,3,14,477,6,191,132,283,12,3,14,109,1,18,12,2,0,0,0,26,0,7,7,20,0,0,0,2,0,0,0,7,0,0,1,16,0,4,1,91,6,0,3,26,0,4,11,2,1,0,0,10,1,2,0,197,10,1,2,14,0,3,1,424,6,2,3,385,1,86,26,4,48,0,185,2,7,2,409,0,2,0,3,1,3,1,160,4,14,0,10,0,0,0,10,3,8,0,14,3,5,1,145,0,1,0,3,0,0,0,8,0,0,0,0,0,0,0,1,0,3,0,13,0,0,0,6,2,16,0,38,1,8,4,231,81,184,1,488,23,16,9,378,2,6,0,4,3,3,8,85,4,9,0,9,1,0,0,0,3,5,0,5,2,0,4,22,52,95,2,152,9,0,3,72,1,0,0,2,2,3,5,64,117,133,2,159,7,1,1,27,168,121,2,218,83,27,76,540,Nor
Medial Femur of Normal_63.jpg,404,96,10,71,248,17,93,195,5,4,0,1,75,11,78,88,124,22,0,16,19,1,8,9,86,15,1,7,242,12,127,146,7,3,1,1,5,0,1,8,0,0,0,0,4,0,2,3,91,11,2,4,18,0,3,5,187,12,1,15,387,12,201,129,220,19,1,12,73,4,33,14,4,0,0,0,18,1,8,4,14,3,1,0,1,0,0,0,8,1,0,0,13,0,3,1,83,10,6,4,26,2,13,12,2,0,0,0,10,0,3,5,199,6,4,3,16,0,8,2,308,4,5,3,339,2,111,39,9,87,0,149,7,6,4,241,0,1,0,0,1,2,1,165,1,14,0,16,1,0,0,2,4,8,0,9,4,9,6,136,0,0,0,2,0,0,0,6,0,0,0,0,0,1,1,0,1,9,0,11,0,0,0,3,2,15,0,26,3,1,8,194,80,205,1,296,21,18,5,278,1,5,1,8,4,7,13,97,5,9,0,6,0,0,0,1,3,8,0,5,10,2,3,39,77,147,0,201,11,2,8,81,2,1,0,4,7,3,5,94,115,160,2,125,5,1,3,28,140,152,8,204,133,44,101,615,Nor
Medial Femur of Normal_7.jpg,409,102,6,61,307,22,87,213,8,1,0,2,93,7,65,84,92,17,2,12,12,1,4,3,61,6,0,10,156,7,71,108,9,1,0,3,6,0,3,7,1,0,0,0,1,0,0,4,61,10,0,5,7,0,3,5,176,14,4,17,286,6,131,129,286,12,5,8,106,2,22,12,8,0,0,0,36,0,5,1,15,2,0,0,3,0,0,0,13,1,0,0,21,0,8,1,98,3,1,2,23,0,11,2,2,0,1,0,8,0,7,2,178,3,3,4,15,0,4,5,419,8,9,9,299,1,78,30,12,87,0,218,8,14,3,518,0,3,0,5,0,3,3,191,2,10,0,17,0,0,0,9,3,9,0,12,3,2,2,134,0,1,0,9,0,0,0,11,0,0,0,1,0,0,0,7,1,2,0,14,0,0,0,10,5,14,0,55,4,6,1,294,120,175,2,356,30,21,15,364,1,3,0,3,11,2,5,84,3,2,0,5,0,0,0,2,2,4,0,2,7,0,3,18,38,66,3,148,10,2,9,116,1,2,0,2,4,1,7,63,73,89,1,139,3,0,2,28,156,125,6,266,82,21,79,606,Nor
Medial Femur of Normal_8.jpg,407,111,7,71,257,16,82,214,8,2,1,0,84,6,71,109,125,22,2,5,17,0,3,12,64,14,2,6,201,7,124,159,11,5,0,5,2,1,0,4,0,0,0,1,1,0,2,0,69,14,2,10,10,1,9,9,156,15,4,9,325,3,180,145,257,15,2,12,72,0,22,10,7,1,1,0,31,0,11,2,15,0,1,1,0,0,0,0,17,0,0,0,14,1,5,2,81,8,2,5,20,0,4,4,3,0,0,0,10,0,6,3,242,12,6,4,13,0,6,4,355,11,3,9,322,2,120,35,7,67,0,145,4,16,1,320,0,3,0,2,3,7,3,176,1,8,0,17,0,0,1,6,2,4,0,14,2,13,5,137,0,1,0,2,0,0,0,3,0,0,0,0,0,0,0,6,2,5,0,19,1,0,0,6,2,8,0,29,7,4,3,207,100,207,3,259,18,15,9,268,4,2,0,2,15,3,7,91,4,12,0,2,0,0,0,0,3,5,0,3,15,3,3,33,81,125,0,168,15,1,4,102,1,2,0,2,11,2,7,88,99,158,4,138,3,5,1,35,187,149,5,211,113,24,91,623,Nor
Medial Femur of Normal_9.jpg,399,163,8,88,194,16,78,194,7,0,0,0,75,7,52,144,172,46,2,9,20,2,17,10,74,16,4,4,238,16,150,157,13,3,0,2,2,0,4,5,0,1,0,0,2,0,0,3,72,20,4,4,17,0,12,6,116,12,1,12,312,9,199,122,208,22,6,14,45,2,24,15,0,0,0,0,19,0,15,4,23,1,0,0,1,0,0,0,8,1,1,0,14,1,8,1,84,12,4,11,31,0,12,10,3,0,0,0,6,1,11,6,225,18,6,7,17,1,9,8,215,11,4,5,271,4,116,33,12,100,0,109,4,9,0,200,0,4,0,3,1,4,0,148,4,15,0,16,0,1,0,9,4,6,0,8,6,14,6,126,2,0,0,2,0,0,0,6,0,0,0,0,1,0,0,4,1,5,0,9,0,0,0,9,4,12,0,19,10,10,3,157,71,243,3,253,14,22,9,256,4,2,0,4,7,8,4,139,14,17,0,7,0,0,1,3,4,7,1,8,4,6,3,41,59,157,1,201,14,4,4,115,1,1,0,5,4,5,11,133,112,157,4,134,10,1,11,38,155,143,4,161,127,48,153,721,Nor
Medial Femur of OA_1.jpg,428,104,13,66,243,18,87,182,9,3,0,2,92,3,82,121,99,14,3,9,17,1,4,9,89,10,2,10,236,7,129,133,13,1,0,2,10,0,2,4,2,0,0,0,1,0,1,3,87,10,0,5,12,2,5,3,192,15,3,15,417,8,193,138,251,20,5,5,85,1,15,11,6,0,0,0,20,1,9,1,21,2,0,0,1,0,0,0,14,0,0,0,9,0,2,0,73,7,3,3,18,0,9,10,3,1,0,0,12,0,8,3,216,7,6,5,20,0,3,2,323,4,2,3,305,6,106,30,11,68,1,165,4,12,0,245,0,3,0,1,2,4,2,163,4,15,0,25,0,0,0,6,3,5,0,16,3,5,6,144,1,1,0,2,0,0,0,2,0,0,0,0,0,0,0,3,1,10,0,10,0,0,0,5,3,13,1,25,8,13,6,200,94,175,4,381,21,7,10,283,3,1,0,7,8,4,8,111,8,10,0,1,0,1,0,1,3,1,0,8,5,1,2,28,91,103,1,191,11,1,10,73,1,2,0,5,9,3,5,77,146,138,0,145,2,1,4,17,180,129,3,217,111,33,90,563,OA
Medial Femur of OA_10.jpg,272,79,4,66,230,10,87,236,4,1,1,0,80,3,81,90,95,16,2,3,18,1,8,5,59,13,0,10,243,11,149,163,5,2,0,0,5,0,5,0,0,0,0,0,2,0,0,1,54,6,2,3,16,0,0,5,136,16,1,6,536,16,188,138,201,20,5,10,86,2,24,22,3,0,0,0,23,0,14,1,9,0,0,0,0,0,0,2,8,0,0,0,19,0,3,2,76,4,0,8,19,0,6,2,1,0,0,0,12,0,7,1,203,6,2,7,20,0,6,5,262,4,1,6,388,0,94,33,0,58,0,146,6,6,0,377,0,0,0,5,4,5,1,153,2,16,0,8,1,0,0,10,2,5,0,11,1,3,2,143,0,0,0,3,0,0,0,5,0,0,0,1,0,0,0,1,1,3,0,6,0,0,0,7,3,6,0,26,6,10,1,226,75,272,0,532,16,14,9,401,0,2,0,8,7,7,6,102,5,9,0,11,0,0,0,4,1,2,0,8,3,6,2,40,59,106,4,164,10,4,8,113,0,3,0,0,3,0,6,49,92,131,0,121,5,2,2,43,116,122,2,187,84,42,64,637,OA
Medial Femur of OA_11.jpg,434,98,12,81,281,12,114,169,11,1,0,2,102,7,65,77,93,11,3,6,16,1,5,6,83,7,2,9,201,5,103,102,18,2,1,6,6,0,2,5,0,0,0,0,2,0,4,3,77,7,1,14,12,1,2,5,246,21,5,27,358,6,169,137,285,11,5,11,81,0,29,12,7,0,0,0,32,0,11,5,15,0,0,0,3,0,1,0,10,0,1,0,13,0,5,1,85,5,3,2,22,0,6,8,2,1,0,0,11,0,6,3,191,8,0,4,8,0,5,4,398,7,7,14,310,2,105,24,10,64,0,191,6,9,3,357,0,0,0,2,2,9,5,154,1,10,0,26,0,0,1,7,3,11,0,15,3,6,3,131,0,1,0,6,0,0,0,12,0,1,0,0,0,0,0,6,1,5,0,12,0,1,0,5,3,16,0,42,9,7,6,238,100,181,0,343,25,12,14,284,4,5,0,13,8,5,8,92,1,3,0,11,0,0,0,0,5,5,0,5,4,1,4,31,67,102,0,145,16,2,7,93,3,4,0,4,13,3,6,74,61,89,1,129,3,1,1,19,178,123,6,250,90,24,72,616,OA
Medial Femur of OA_12.jpg,359,91,10,78,220,3,103,187,7,2,0,1,81,3,78,90,88,11,0,9,18,0,4,11,69,4,1,6,216,10,125,123,10,3,1,2,7,0,0,0,0,0,0,0,2,0,0,2,66,7,1,5,12,0,6,6,203,21,5,10,516,5,205,116,227,13,8,8,72,2,25,12,6,1,0,0,30,0,6,3,19,0,0,0,1,0,0,0,5,0,0,0,11,0,0,1,86,3,3,5,25,0,5,3,2,0,0,0,13,0,7,1,202,9,3,3,10,0,5,3,389,8,2,6,367,3,99,22,8,61,1,199,8,7,0,378,0,4,0,2,1,3,1,147,2,7,0,22,1,0,0,8,2,3,0,17,5,4,3,122,0,3,0,4,0,0,0,3,0,0,0,0,0,0,0,2,0,6,0,8,0,0,0,7,1,21,1,30,5,8,5,197,75,229,2,457,11,13,10,342,3,1,1,3,3,2,3,113,2,7,0,8,0,0,0,0,5,5,0,9,4,1,3,34,71,117,1,204,10,5,3,103,1,2,0,2,3,1,7,67,96,115,3,119,3,1,1,25,170,144,2,193,97,29,63,527,OA
Medial Femur of OA_13.jpg,305,127,6,74,211,14,80,213,10,3,0,2,96,8,64,132,103,15,2,17,14,0,9,16,75,11,0,4,252,10,139,173,5,4,0,4,3,1,0,4,1,0,0,0,3,0,1,2,70,13,0,7,7,1,5,5,178,19,5,12,365,4,203,146,204,11,3,9,57,0,13,15,8,0,0,0,23,0,6,3,17,1,0,0,1,0,0,0,7,0,0,0,12,0,1,1,53,4,2,4,11,1,13,5,2,0,1,0,9,0,2,3,275,15,4,5,12,0,4,6,483,15,3,7,371,0,123,34,6,50,0,139,6,7,0,365,0,0,0,2,1,4,2,195,1,12,0,20,0,0,0,4,0,7,0,6,2,6,3,136,0,1,0,2,0,0,0,5,0,1,0,0,0,0,0,2,0,6,0,14,0,0,0,5,1,7,0,23,3,3,5,173,74,183,1,308,24,23,10,302,4,3,0,2,6,4,10,113,4,11,0,7,0,0,0,1,9,6,0,3,6,3,6,28,68,122,1,144,5,3,4,104,0,4,0,0,4,4,7,93,137,156,2,118,2,1,3,33,201,116,1,173,100,51,91,565,OA
Medial Femur of OA_14.jpg,391,83,8,82,228,14,88,189,12,2,1,2,91,7,102,156,86,16,2,14,7,0,4,8,89,9,1,6,213,3,139,146,15,1,2,2,5,1,2,2,0,1,0,0,5,0,2,4,79,13,5,12,7,0,2,4,211,14,5,16,363,5,207,131,225,9,3,6,54,0,22,13,13,1,0,0,21,0,7,1,15,0,0,0,0,0,0,1,16,0,0,1,11,1,4,1,115,6,2,3,17,0,6,8,4,0,1,0,9,0,8,0,244,10,5,4,8,0,1,0,411,12,7,9,295,1,98,26,14,69,0,177,8,11,4,343,1,4,0,3,4,7,2,201,3,6,0,13,0,0,0,2,1,9,1,10,3,2,3,108,0,0,0,7,0,0,0,7,0,0,0,0,0,0,0,2,1,10,0,14,0,0,0,4,3,10,0,30,6,6,3,194,122,196,1,357,21,16,9,268,3,5,0,2,8,10,8,102,2,4,0,3,0,0,0,0,8,6,0,1,4,0,1,24,82,127,5,171,9,3,6,90,4,4,0,8,5,4,6,62,97,120,4,133,2,1,1,22,209,128,6,216,97,22,79,541,OA
Medial Femur of OA_15.jpg,398,106,5,52,297,15,83,192,14,5,0,0,98,4,57,95,102,14,2,9,8,1,4,8,64,8,1,5,167,6,64,97,20,0,0,1,10,0,2,2,0,0,0,0,5,0,2,2,62,5,1,9,16,0,5,8,222,19,0,18,487,6,177,133,278,14,9,19,83,2,30,14,3,0,0,0,25,0,5,2,10,1,0,0,0,0,0,0,14,0,0,1,10,0,4,1,86,3,2,4,24,0,8,4,5,0,0,0,11,0,4,6,193,7,2,4,8,0,2,3,425,7,5,8,360,2,87,31,11,67,0,205,3,12,3,402,1,1,0,2,2,7,3,148,1,10,0,18,0,0,0,6,2,7,0,12,1,4,3,129,0,1,0,4,0,0,0,3,1,0,0,0,0,0,0,11,0,6,0,11,0,1,0,7,5,16,1,36,10,10,7,231,107,180,1,365,20,13,13,286,1,2,0,10,6,2,4,90,6,9,0,10,1,0,0,0,6,4,0,7,1,2,2,30,56,92,1,190,4,1,6,86,1,5,1,7,3,5,2,72,72,101,3,125,6,1,4,30,170,141,3,237,91,22,66,579,OA
Medial Femur of OA_16.jpg,474,100,7,91,242,15,106,148,12,3,1,2,91,5,57,93,100,14,1,14,23,1,5,11,72,6,2,3,236,13,92,114,16,2,0,4,9,0,3,5,1,1,0,0,1,0,1,1,76,8,5,3,21,1,4,7,187,15,1,9,451,8,188,130,245,22,8,18,68,2,31,10,2,0,0,0,20,0,10,5,5,0,0,0,1,0,0,2,8,0,0,3,6,0,3,0,101,8,3,7,30,0,10,1,5,0,1,0,12,0,9,0,161,7,5,5,17,0,9,0,231,9,7,6,297,2,91,23,19,65,1,182,5,9,3,277,2,2,0,5,3,7,3,158,2,8,0,16,0,3,1,7,1,8,0,20,6,3,2,126,0,1,0,2,1,0,0,7,0,0,0,0,0,0,0,3,1,4,0,15,0,2,0,8,7,22,0,36,14,8,10,208,100,227,4,463,14,13,11,321,3,8,0,8,7,2,5,102,3,7,0,9,0,0,1,3,7,4,0,8,10,4,7,27,50,116,1,200,8,4,6,89,1,4,0,9,4,4,9,77,70,105,1,146,9,1,4,14,154,126,5,237,102,37,81,618,OA
Medial Femur of OA_17.jpg,238,101,6,86,151,13,72,255,10,1,0,3,69,9,96,217,92,14,5,10,10,0,6,16,50,7,1,4,233,14,177,194,3,0,0,1,2,0,2,5,0,0,0,0,3,0,2,1,70,10,1,7,7,0,3,4,193,15,2,9,398,8,188,123,159,9,1,4,42,2,17,9,3,0,0,0,12,0,8,5,18,2,0,0,0,0,0,0,9,0,0,0,12,0,5,0,59,9,1,3,14,0,2,5,1,0,0,0,5,0,8,2,228,5,3,6,9,1,2,4,494,6,2,4,315,3,99,28,11,71,0,196,2,5,2,483,0,1,0,3,2,0,9,245,0,8,0,13,0,0,0,6,2,4,1,5,0,2,0,115,0,1,0,2,0,0,0,0,0,0,0,0,0,0,0,3,1,6,0,7,0,0,0,7,0,7,0,10,4,5,1,117,62,230,0,461,12,21,8,368,0,3,0,3,4,3,5,124,5,7,0,6,0,1,0,4,3,8,0,5,6,4,8,25,77,188,1,212,9,4,3,119,1,1,0,3,5,2,9,89,154,155,2,92,4,1,0,26,164,116,3,112,97,25,63,469,OA
Medial Femur of OA_18.jpg,427,86,10,63,237,18,99,205,2,4,0,0,116,4,75,77,90,21,4,11,23,1,10,6,74,11,0,11,233,6,130,114,6,4,0,1,9,1,1,3,0,0,0,1,1,0,2,3,98,3,3,9,12,3,1,7,209,25,5,12,391,10,206,148,249,9,8,11,74,0,29,18,4,1,0,1,26,0,7,3,14,0,1,0,1,0,0,0,16,1,0,0,7,0,2,1,115,8,4,1,21,0,11,5,2,0,0,0,19,0,4,5,177,16,2,5,14,0,5,3,361,7,3,6,328,3,117,29,11,67,0,193,7,8,3,312,0,5,0,1,2,3,2,166,3,12,0,25,0,1,0,5,1,5,0,16,4,3,3,123,1,0,0,2,0,1,0,4,0,0,0,0,0,0,0,2,1,9,0,15,0,1,0,6,2,14,0,40,5,7,9,206,100,202,2,333,21,11,9,266,1,3,0,3,3,2,4,98,4,3,0,10,0,0,0,3,7,8,0,4,4,3,4,32,75,108,4,162,13,3,6,90,2,3,0,4,1,4,12,91,77,105,1,114,0,2,2,19,179,143,5,226,90,34,83,601,OA
Medial Femur of OA_19.jpg,352,66,3,72,237,15,105,191,6,3,0,2,85,4,54,108,86,20,1,4,17,2,3,7,49,15,1,8,199,12,84,117,6,0,0,3,6,1,1,3,0,0,0,0,3,0,1,3,63,7,4,5,11,0,2,5,232,14,3,8,493,6,151,127,237,14,5,7,86,1,16,10,4,0,0,0,18,0,6,3,9,0,0,0,0,0,0,0,13,1,0,1,6,0,3,0,76,3,3,3,25,1,7,7,1,1,0,0,12,0,3,0,187,1,2,4,15,0,6,1,416,3,5,8,375,0,94,24,10,79,1,240,2,4,3,420,0,3,0,9,4,2,1,176,2,9,0,17,2,1,0,4,1,8,0,16,1,4,1,112,0,0,0,3,1,0,0,5,0,0,0,0,0,0,0,5,0,4,0,8,0,0,0,7,5,14,0,32,3,8,2,214,89,196,8,585,17,12,11,414,3,2,0,7,9,3,3,100,5,8,0,6,1,0,0,0,2,5,0,7,0,1,2,33,48,84,0,174,6,2,2,89,1,2,0,5,6,1,7,66,93,112,2,124,3,0,2,24,141,116,3,208,87,30,76,506,OA
Medial Femur of OA_2.jpg,320,98,6,70,179,11,91,193,9,2,0,0,87,5,71,162,133,16,3,7,11,0,7,12,67,10,2,4,249,9,167,177,3,2,0,2,4,0,3,2,0,0,0,0,3,0,0,0,85,18,0,6,7,0,7,4,167,11,1,9,436,4,208,132,199,11,2,4,56,0,13,11,10,0,0,0,16,1,8,7,24,0,0,0,0,0,0,0,11,0,0,1,19,0,4,1,82,8,1,2,17,0,7,2,0,0,0,0,12,1,5,3,266,10,1,7,8,0,4,4,442,9,4,7,359,1,130,23,4,65,1,143,6,15,2,330,1,5,0,0,2,2,3,155,1,10,0,7,0,0,0,6,0,5,0,7,3,4,2,121,1,0,0,1,0,1,0,0,0,0,0,0,0,0,0,0,0,6,0,14,0,0,0,5,0,9,0,25,3,9,3,189,76,222,1,290,28,11,12,294,1,4,0,1,7,5,5,97,7,9,0,10,0,0,0,2,3,4,0,5,6,3,9,27,81,183,3,185,7,4,2,95,2,4,0,0,4,6,8,82,144,176,1,115,5,0,1,30,198,126,2,187,120,34,82,504,OA
Medial Femur of OA_20.jpg,316,115,9,82,185,16,94,224,5,1,0,0,89,8,80,134,131,22,1,12,17,0,8,11,73,14,0,6,275,5,184,178,12,2,0,0,5,0,1,4,1,0,0,0,1,0,1,3,87,11,2,8,12,0,3,5,154,9,2,13,420,9,219,136,180,18,2,9,49,1,25,12,1,0,0,0,17,0,7,1,7,0,0,0,0,0,0,0,5,0,0,0,10,0,4,4,112,10,4,3,17,0,7,9,1,0,0,0,8,1,9,3,211,9,5,5,11,0,4,2,304,8,5,9,296,1,124,26,5,73,0,143,2,8,1,278,1,1,1,4,1,3,2,169,1,16,0,9,0,0,0,9,2,6,0,10,5,5,8,131,0,1,0,3,0,0,0,0,0,0,0,0,0,0,0,3,2,10,0,13,0,0,0,4,2,10,0,24,4,3,5,169,86,234,1,380,20,11,12,288,2,5,0,5,4,7,8,135,5,10,0,4,1,0,0,3,2,13,0,5,12,2,3,39,79,165,0,202,7,1,5,108,2,3,0,1,5,0,6,80,128,145,6,122,4,1,4,24,173,131,1,162,126,43,92,560,OA
Medial Femur of OA_21.jpg,525,52,4,28,638,12,144,140,5,1,0,1,118,0,62,47,49,7,1,4,9,1,1,1,25,6,2,9,133,2,43,69,2,0,0,2,5,0,1,1,0,0,0,0,2,0,1,1,32,8,0,5,9,0,0,3,140,19,2,35,240,1,89,154,640,6,3,6,337,2,30,10,4,0,0,0,38,0,11,1,14,0,0,0,3,0,0,0,10,0,0,0,13,0,1,3,123,1,1,3,50,0,6,1,5,0,0,0,15,0,1,1,154,3,1,3,8,0,0,1,228,8,1,5,197,0,18,10,2,45,0,104,1,2,2,261,0,1,0,0,0,0,2,103,0,10,0,17,0,0,0,4,1,5,0,27,2,2,0,152,0,0,0,8,0,0,0,1,0,0,0,1,0,0,0,5,1,10,0,21,0,0,0,10,3,31,1,206,2,9,2,657,120,116,1,202,43,14,24,210,0,0,0,4,3,1,4,58,3,4,0,6,1,0,0,0,1,3,0,7,1,0,1,7,65,53,0,110,6,3,3,35,1,1,0,2,4,0,2,34,50,75,0,148,4,1,1,8,109,152,3,661,43,11,35,769,OA
Medial Femur of OA_22.jpg,511,128,7,75,300,22,89,157,14,4,0,1,98,6,84,93,147,41,3,17,21,0,13,5,85,10,3,16,196,12,123,125,9,4,0,1,13,0,7,2,0,1,0,1,2,0,2,4,99,10,4,7,16,0,3,3,159,15,6,16,325,8,189,113,244,20,4,16,62,2,26,15,8,2,0,0,19,1,13,10,17,2,1,0,1,0,0,0,12,0,0,0,18,0,3,3,86,5,3,7,23,0,7,3,6,0,1,0,13,0,10,4,167,6,4,1,9,0,6,0,247,8,4,10,266,7,116,28,8,75,0,181,8,5,4,246,0,0,0,4,4,2,0,125,4,13,0,17,1,0,1,6,3,9,0,22,3,6,2,146,1,3,0,4,2,0,0,8,0,0,0,1,0,1,0,5,2,10,0,16,0,0,1,5,5,12,0,34,5,13,4,235,66,179,4,277,20,20,13,259,2,4,0,13,8,2,12,121,8,6,0,9,0,1,0,4,6,3,0,7,7,3,4,47,70,90,3,171,18,5,4,111,3,4,0,6,9,2,12,105,100,107,3,137,5,2,6,35,155,139,8,207,116,38,123,669,OA
Medial Femur of OA_23.jpg,382,94,10,79,278,14,113,151,16,1,0,1,85,4,62,68,96,15,4,12,13,0,7,7,72,12,0,11,233,6,100,118,7,2,0,1,7,1,3,4,0,0,0,0,2,0,2,1,76,9,1,5,8,1,5,4,178,23,3,15,523,7,185,151,278,22,6,14,120,0,42,14,3,1,0,0,17,0,9,2,15,0,1,0,3,0,1,0,10,0,0,0,16,0,3,0,98,4,2,2,27,1,8,5,1,1,0,1,14,0,6,1,177,9,4,8,15,0,1,2,290,10,5,6,357,2,104,24,5,52,0,162,1,8,3,310,0,0,0,9,2,3,3,124,1,8,0,22,0,0,0,6,2,9,0,12,0,1,1,143,1,1,0,3,0,0,0,1,0,0,0,0,0,1,1,1,1,6,0,15,0,0,0,6,3,14,0,47,8,10,3,262,94,207,3,434,21,15,12,321,2,4,0,6,8,5,8,110,5,9,0,6,0,0,0,2,3,3,0,7,3,4,5,44,53,88,1,176,5,2,6,74,0,3,0,0,7,1,7,76,73,100,3,125,4,1,4,14,152,129,4,236,101,39,71,584,OA
Medial Femur of OA_24.jpg,376,127,6,79,261,12,79,166,12,1,0,0,89,7,71,99,118,12,3,10,12,1,4,9,71,13,2,6,229,16,118,121,13,2,0,2,5,0,2,3,0,0,0,0,3,0,2,2,83,14,1,14,15,1,0,8,169,18,3,16,444,15,202,125,222,15,5,14,70,2,17,9,8,0,0,0,11,1,12,7,16,0,0,1,2,0,0,0,12,0,1,0,10,0,3,2,91,10,4,5,28,0,3,2,3,0,0,0,18,0,7,9,203,6,4,4,12,0,1,1,376,13,5,7,338,2,104,30,7,65,0,171,4,8,3,321,0,2,0,2,3,6,1,145,2,10,0,15,0,0,0,2,4,6,0,13,3,6,3,121,0,1,0,4,0,0,0,2,0,0,0,0,0,0,0,4,1,8,0,12,0,1,0,1,3,17,0,34,7,9,7,194,68,195,3,359,9,6,14,315,3,4,0,8,6,2,10,109,4,6,0,5,0,0,1,2,6,11,1,6,1,4,1,30,77,146,1,182,5,3,6,98,3,1,0,8,4,5,8,82,105,139,2,111,2,2,2,28,153,145,4,195,113,32,90,614,OA
Medial Femur of OA_25.jpg,349,90,10,69,232,7,94,165,12,3,0,0,90,1,92,141,79,18,4,12,19,1,3,11,73,10,2,5,236,7,193,149,10,5,1,4,10,0,2,5,0,0,0,0,3,0,1,1,78,13,4,8,13,0,4,3,186,10,3,8,476,4,201,125,248,25,5,16,73,1,11,16,10,0,0,0,11,1,9,3,13,0,0,0,1,0,0,0,2,0,0,0,11,0,6,1,102,3,2,6,21,0,7,2,4,0,0,0,4,1,5,7,224,10,5,9,12,0,7,3,356,11,0,14,286,1,92,25,9,56,0,134,3,13,1,317,0,3,0,1,3,4,0,167,3,16,1,13,0,2,0,5,1,5,0,10,5,6,2,117,0,2,0,3,0,0,0,1,0,0,0,0,0,0,0,1,1,6,0,9,0,0,0,6,5,8,0,22,12,6,5,192,87,224,3,401,19,12,6,261,3,7,0,4,3,4,3,84,2,3,0,8,0,0,0,1,3,9,0,6,11,3,1,22,70,132,1,201,7,5,4,96,5,2,0,8,6,7,5,70,130,127,1,129,2,2,2,20,219,153,6,210,112,42,97,527,OA
Medial Femur of OA_26.jpg,259,59,5,50,226,7,73,208,5,1,0,1,93,2,80,112,68,10,1,3,8,0,2,3,56,4,0,5,208,4,143,139,6,3,0,1,2,0,2,6,0,0,0,0,2,0,1,1,74,6,0,8,14,0,3,5,210,9,1,8,542,5,200,128,209,8,3,10,66,1,16,11,1,0,0,0,17,0,7,1,12,1,0,0,0,0,0,0,12,0,0,0,10,0,1,0,93,4,3,3,19,0,3,9,2,0,0,0,3,0,3,1,207,5,2,5,12,0,3,2,518,3,4,9,357,0,99,17,3,58,0,203,5,4,0,531,0,1,0,4,0,1,0,190,1,7,0,13,0,0,0,4,2,5,0,10,5,9,1,133,0,1,0,2,0,1,0,3,0,0,0,0,0,0,0,5,2,3,0,11,0,1,0,6,3,10,0,20,4,7,3,165,114,220,1,580,9,11,9,370,2,4,0,2,1,3,2,81,2,7,0,7,0,1,0,0,5,7,0,6,5,1,2,19,73,127,0,208,4,3,1,84,1,1,0,1,3,1,4,50,118,163,1,118,3,3,3,22,180,130,2,161,89,17,54,424,OA
Medial Femur of OA_27.jpg,308,161,9,66,163,16,67,253,10,2,0,1,86,7,91,200,146,39,3,9,15,0,11,20,67,16,1,6,207,9,187,212,2,5,0,2,3,0,1,5,0,0,0,0,0,0,3,3,73,8,0,8,5,1,7,3,146,11,0,4,331,6,199,127,139,25,0,10,44,1,18,12,3,0,0,1,9,0,11,4,10,0,0,1,1,0,0,0,9,0,0,0,10,0,8,1,73,6,3,6,11,0,6,3,2,0,0,0,12,0,2,8,227,16,5,8,17,0,6,3,302,8,5,2,322,0,137,37,6,75,1,148,3,10,1,321,0,4,0,3,2,6,1,223,2,14,0,9,0,0,0,5,3,6,0,15,3,1,1,123,0,2,0,0,0,0,0,1,0,0,0,0,0,0,0,5,0,6,0,8,0,0,0,8,2,5,0,12,3,8,3,142,62,285,2,295,15,13,5,302,2,3,0,3,2,7,8,130,6,9,1,5,1,0,0,8,1,10,0,7,7,5,5,37,102,208,3,201,18,3,10,120,0,4,0,4,9,7,9,99,156,172,1,108,3,0,7,46,166,106,5,112,113,39,107,551,OA
Medial Femur of OA_28.jpg,354,148,8,78,155,15,63,217,9,3,1,1,84,7,92,169,139,23,3,13,16,1,9,12,82,12,1,7,241,14,166,159,10,3,0,2,3,0,2,2,0,0,0,0,1,0,1,4,107,11,2,7,8,2,6,5,180,15,3,8,361,1,192,122,173,12,4,8,37,2,16,8,3,0,0,1,11,0,12,4,17,0,1,0,0,0,1,0,10,0,0,0,11,0,4,2,96,7,3,4,16,0,8,8,1,0,0,0,8,0,7,6,238,8,2,5,11,0,5,1,314,4,4,11,308,3,114,37,7,107,0,164,4,13,0,304,0,3,0,0,3,5,4,174,3,13,0,13,1,0,0,5,3,11,0,9,5,9,3,120,0,3,0,1,1,0,0,4,0,0,0,0,0,0,0,1,1,10,0,15,0,1,0,6,1,11,0,17,5,7,3,148,80,230,0,287,19,19,12,276,1,3,0,2,14,8,10,120,11,12,0,3,1,0,1,3,3,6,0,4,10,5,1,18,95,172,2,195,14,2,13,122,1,4,0,3,13,10,10,115,175,154,3,129,4,1,6,27,159,123,2,114,117,33,114,566,OA
Medial Femur of OA_29.jpg,256,115,5,84,175,20,68,280,6,3,2,0,67,6,82,214,91,14,1,5,16,0,6,12,59,3,3,4,258,9,202,212,9,1,0,1,4,0,1,4,0,0,0,0,0,0,0,5,54,10,4,3,10,1,3,4,127,12,0,9,358,5,181,141,162,17,3,10,51,0,11,14,3,1,0,0,15,0,6,4,14,1,0,0,0,0,0,0,11,0,0,1,23,0,4,1,68,0,1,4,13,0,5,5,1,0,0,0,9,1,2,5,245,11,2,7,11,1,6,7,383,5,3,2,323,3,121,33,9,85,0,150,3,3,1,401,0,2,0,3,0,3,1,206,3,5,0,11,0,1,1,6,0,5,0,4,0,7,0,122,0,0,0,0,0,0,0,1,0,0,0,0,0,1,0,3,1,4,0,4,0,0,0,5,0,13,0,6,5,9,1,150,62,274,0,411,15,22,5,390,2,3,0,5,6,6,3,105,7,7,1,7,0,1,2,1,3,9,0,6,5,9,7,46,60,153,2,195,13,2,6,116,1,0,0,1,6,6,5,94,155,177,1,119,4,6,1,39,180,113,3,122,104,35,65,508,OA
Medial Femur of OA_3.jpg,342,105,6,61,214,12,102,249,10,4,1,2,92,1,77,150,111,30,2,16,13,1,5,12,76,9,0,7,190,6,120,148,4,2,1,5,4,0,1,9,0,0,0,0,0,0,1,4,51,10,1,7,6,0,5,6,163,16,2,11,230,2,145,139,217,8,0,7,44,0,17,4,5,0,0,0,21,0,10,3,25,1,0,0,1,0,2,0,7,1,1,0,18,0,4,2,95,1,4,5,16,1,5,6,3,0,0,0,8,0,2,4,274,9,5,7,15,0,6,6,396,6,8,11,271,1,114,31,14,84,2,140,8,12,0,499,0,1,0,1,2,6,1,226,4,8,0,10,1,0,0,4,2,7,0,8,8,3,0,117,2,1,0,1,0,0,0,8,0,0,0,0,0,0,0,3,2,5,0,8,0,0,0,13,3,10,0,26,3,9,6,191,99,219,1,282,18,21,6,297,1,4,0,2,6,6,7,100,9,15,0,5,1,0,0,1,2,5,0,1,5,1,2,30,90,133,6,146,9,4,3,106,1,2,0,3,5,3,10,80,182,167,6,154,2,2,3,34,209,126,6,175,104,21,87,610,OA
Medial Femur of OA_30.jpg,190,80,4,64,190,14,69,251,5,1,0,0,71,1,59,134,68,13,2,6,12,0,5,12,58,7,0,3,241,10,147,168,3,4,0,1,4,0,1,6,0,0,0,0,1,0,0,1,49,13,0,4,6,0,1,3,174,13,2,8,369,7,169,133,175,8,1,10,59,2,15,14,4,0,0,0,15,0,7,0,21,0,1,1,2,1,0,0,7,0,0,0,18,0,2,2,59,6,0,1,9,0,2,5,0,1,0,0,3,0,2,0,278,9,2,4,17,0,3,5,662,6,4,9,501,5,101,43,3,39,0,161,5,14,2,568,0,1,0,2,0,3,1,179,0,9,0,16,0,2,0,9,2,3,0,5,1,8,2,130,1,0,0,0,1,0,0,3,0,0,0,0,0,0,0,2,1,4,0,6,0,0,0,8,0,7,0,9,3,6,2,143,73,189,1,358,23,25,5,435,3,7,0,1,3,5,6,109,6,14,0,5,0,0,0,3,4,3,0,3,6,3,5,27,57,97,1,168,8,3,0,80,2,2,0,0,1,3,5,50,156,177,1,133,5,2,4,35,188,126,1,131,101,40,69,513,OA
Medial Femur of OA_31.jpg,269,108,3,64,168,11,90,237,7,4,0,2,70,5,77,157,98,21,2,9,14,0,7,10,57,7,0,4,279,5,197,153,6,2,1,1,2,0,1,2,0,0,0,0,2,0,3,1,76,9,1,5,10,2,4,4,195,7,0,8,431,7,186,120,182,16,2,10,40,0,15,10,1,0,1,0,13,1,4,2,15,0,0,0,1,0,0,0,6,0,0,0,5,0,2,0,93,11,1,4,17,0,6,5,1,0,0,0,5,0,3,3,221,4,1,6,13,0,6,2,397,6,2,3,323,3,99,34,9,74,0,182,3,7,0,400,0,2,0,3,0,1,0,191,2,8,0,16,0,0,0,5,3,6,0,16,2,4,0,131,0,0,0,2,0,0,0,3,0,0,0,0,0,0,0,6,3,4,0,7,0,1,0,7,1,11,0,11,2,6,4,156,73,285,2,429,12,10,8,367,1,6,0,5,3,9,6,122,2,6,0,10,0,0,0,2,3,3,0,6,4,3,4,29,76,164,1,225,10,2,5,116,1,1,0,3,3,3,12,92,146,152,2,121,2,1,4,32,177,120,5,136,96,34,81,463,OA
Medial Femur of OA_32.jpg,380,123,11,86,200,10,90,230,11,1,0,2,95,8,96,144,125,26,4,8,18,0,9,10,94,12,3,10,240,6,167,168,8,2,1,2,3,0,2,2,1,2,0,0,3,0,3,3,92,19,2,6,5,0,4,4,182,9,1,12,333,3,214,106,180,22,6,6,51,2,18,11,4,0,0,1,13,0,10,5,11,0,0,0,1,0,0,0,6,0,0,0,5,0,2,3,82,7,2,4,14,0,8,8,1,0,0,0,9,0,8,3,245,8,4,5,6,0,6,1,306,5,5,5,282,4,134,28,10,71,0,151,1,7,3,268,0,0,0,5,5,4,2,189,5,10,0,23,0,0,0,5,4,13,0,8,2,5,4,133,1,0,0,3,0,0,0,3,0,0,0,0,0,0,0,3,0,12,0,7,0,0,0,6,4,8,0,20,2,8,3,174,97,224,0,292,20,18,1,240,1,2,0,4,4,6,10,119,8,7,0,6,1,0,0,2,2,7,0,7,2,0,5,29,91,183,3,184,5,3,9,122,3,5,0,2,8,4,14,85,173,182,5,115,5,3,6,28,211,116,4,161,122,28,121,546,OA
Medial Femur of OA_33.jpg,360,107,11,60,244,10,99,242,15,0,0,1,92,10,61,143,95,14,1,13,14,0,9,7,75,14,2,3,220,12,103,138,8,2,0,3,4,0,2,2,0,0,0,0,4,0,1,5,73,6,1,7,14,0,6,2,144,20,1,5,361,13,202,110,240,13,4,15,51,1,33,15,3,0,0,1,15,0,12,4,15,0,0,0,0,0,2,0,16,0,0,0,9,0,1,1,91,7,1,3,33,0,6,6,2,0,0,0,11,0,8,7,199,0,2,4,7,0,6,2,358,4,7,5,290,0,96,31,11,76,0,178,3,8,2,385,0,2,0,2,2,4,0,198,4,14,0,22,0,0,1,2,4,9,0,18,5,0,0,139,0,0,0,3,0,0,0,3,0,0,0,0,0,0,0,7,1,6,0,5,0,0,0,7,5,13,0,32,1,5,1,201,97,218,3,438,19,14,12,336,4,5,0,3,8,6,6,119,3,8,0,8,0,0,1,2,5,9,0,7,5,2,0,29,67,112,4,206,13,1,6,86,2,2,0,5,6,2,2,82,103,123,6,133,6,2,3,20,166,159,3,192,100,26,77,532,OA
Medial Femur of OA_34.jpg,269,150,4,67,125,18,49,250,10,2,0,0,67,5,87,209,149,29,4,15,25,1,7,14,71,12,0,8,273,9,207,236,5,1,0,1,4,0,2,2,1,0,0,0,1,0,0,0,72,12,1,5,8,0,4,6,124,14,0,6,296,6,195,118,117,20,1,8,40,1,15,21,6,0,0,0,16,0,16,4,15,1,0,0,2,0,0,0,8,0,1,0,12,0,5,1,61,13,1,9,19,0,8,5,2,0,0,0,8,0,6,3,227,16,5,7,11,0,11,5,270,7,3,5,338,2,120,43,1,80,1,145,2,4,2,341,1,1,0,0,3,7,0,191,2,15,0,9,0,0,0,10,0,5,0,4,5,5,2,125,1,0,0,0,0,0,0,5,0,0,0,0,0,0,0,0,3,7,0,1,1,0,0,1,2,9,0,11,5,7,2,118,61,260,0,320,8,10,8,399,2,3,0,4,5,5,3,147,9,8,0,8,1,0,0,5,6,8,0,7,9,7,7,47,75,173,1,176,11,6,7,144,1,0,0,1,6,5,8,101,168,198,4,123,5,1,6,41,179,130,2,102,129,33,99,604,OA
Medial Femur of OA_35.jpg,239,72,7,58,201,13,83,214,4,1,0,0,63,6,54,102,84,13,4,7,10,0,9,5,45,7,0,5,235,3,152,141,5,2,0,1,3,0,4,3,0,0,0,0,1,0,0,0,69,9,0,4,3,0,4,3,197,14,4,12,554,8,202,120,179,11,3,8,75,2,16,5,3,0,0,0,23,0,9,1,7,0,0,1,1,0,0,0,11,0,0,0,9,0,2,1,78,1,2,2,15,0,2,6,2,0,0,0,6,0,4,2,216,7,6,6,12,0,2,2,491,5,5,4,417,2,73,15,5,67,0,182,3,11,1,571,0,0,0,2,1,1,1,201,0,9,0,16,0,0,0,11,0,4,0,10,2,5,0,137,0,2,0,0,0,0,0,1,0,0,0,0,0,0,0,2,0,3,0,8,0,0,0,0,1,8,0,15,2,2,2,155,93,203,2,461,18,10,3,434,2,0,0,3,7,5,4,98,6,8,0,5,0,0,0,2,2,1,0,4,4,0,1,31,72,173,0,191,6,5,2,94,1,1,0,2,2,3,2,57,174,160,0,118,2,1,0,33,192,125,0,160,74,21,66,407,OA
Medial Femur of OA_36.jpg,250,90,7,68,159,15,70,244,6,2,0,1,84,3,81,195,79,14,1,11,11,0,6,9,65,6,0,2,229,8,147,165,8,3,0,3,5,0,0,3,0,0,1,0,1,0,0,3,60,11,1,3,8,0,6,7,195,15,4,10,452,6,175,109,161,9,2,5,37,0,8,9,4,0,0,0,14,0,15,4,12,2,0,1,0,0,0,0,10,0,0,0,14,0,3,0,68,5,1,2,12,2,1,2,0,0,0,0,11,0,7,3,228,9,4,4,15,0,6,2,565,7,2,5,363,2,98,29,6,61,0,212,4,9,1,541,0,0,0,0,1,8,3,210,3,7,0,13,0,1,0,9,1,4,0,8,1,3,3,127,0,1,0,3,0,0,0,4,0,0,0,0,0,0,0,2,0,4,0,7,0,0,0,6,4,8,0,12,1,5,2,133,89,232,0,433,16,11,8,391,4,2,0,3,4,7,7,97,4,7,0,3,1,0,1,1,5,2,0,4,2,2,4,21,79,155,3,181,6,1,1,92,0,2,0,1,7,1,4,78,170,167,2,147,2,3,2,27,207,103,3,103,89,20,65,411,OA
Medial Femur of OA_37.jpg,329,110,7,66,192,19,86,237,11,2,0,2,72,6,74,129,118,27,3,13,21,3,4,8,81,15,3,7,261,8,160,170,8,2,0,1,2,0,7,3,0,0,0,0,2,0,4,2,94,11,0,5,8,0,15,4,164,17,1,6,385,10,188,114,189,13,7,17,47,0,17,14,5,0,0,0,19,1,5,4,9,0,0,0,1,0,0,0,8,0,0,0,12,0,4,2,81,5,3,6,8,1,4,7,0,0,0,0,13,0,4,8,231,6,6,7,16,1,3,6,330,11,7,6,313,5,122,40,9,97,2,157,3,12,0,320,0,3,0,2,3,8,2,182,0,16,0,9,0,0,1,3,1,10,0,14,2,9,5,110,0,3,0,5,0,0,0,4,0,0,0,0,0,0,0,4,2,5,0,9,1,1,0,2,2,7,0,11,1,4,5,150,80,221,3,393,11,16,7,341,2,2,0,5,8,7,8,107,5,10,0,10,1,3,1,4,6,12,0,11,7,3,9,30,77,137,2,191,15,0,3,128,4,5,0,7,4,4,6,91,127,122,6,110,1,1,5,26,167,137,5,143,127,19,108,583,OA
Medial Femur of OA_38.jpg,473,104,15,88,273,13,101,157,10,1,0,2,103,7,81,77,126,16,7,14,18,0,11,9,72,9,2,6,212,8,135,127,18,5,0,1,11,0,1,3,0,0,0,0,5,1,5,1,83,6,1,8,12,0,5,7,206,9,1,15,373,5,197,127,260,16,8,16,83,1,19,10,3,1,0,0,22,0,11,2,13,1,0,0,1,1,0,0,11,0,0,0,14,0,6,1,111,5,3,1,32,0,9,4,3,0,0,0,9,0,9,3,157,6,4,0,17,0,5,1,324,6,5,6,277,1,97,24,6,65,0,184,9,8,6,249,1,2,0,2,2,3,3,149,2,15,0,21,0,0,0,2,2,6,0,21,6,3,2,124,0,5,0,5,0,0,0,5,0,1,0,1,0,0,0,8,2,10,0,15,0,0,0,4,2,19,1,40,7,12,13,230,88,184,2,424,11,12,16,279,4,7,0,12,7,4,7,94,5,6,0,11,0,0,0,0,4,6,1,10,5,1,5,30,65,131,1,181,8,3,4,93,9,1,0,7,9,3,7,82,80,112,6,123,1,0,3,15,150,128,6,251,98,32,77,605,OA
Medial Femur of OA_39.jpg,347,96,11,80,197,12,82,210,13,5,0,5,103,5,86,135,96,24,7,13,12,1,3,6,69,10,0,7,230,13,165,150,13,1,0,1,6,0,1,4,1,0,0,0,5,2,1,3,89,10,2,3,9,0,4,2,203,19,6,10,471,10,198,133,189,16,2,10,48,1,23,9,6,0,0,0,15,0,9,2,16,0,1,0,3,0,1,0,8,0,0,0,16,1,8,2,101,4,2,8,13,0,9,2,1,0,0,0,8,1,5,1,218,7,2,3,5,0,4,5,340,4,9,8,330,1,113,32,4,68,0,174,2,8,2,314,0,2,0,3,3,3,1,193,0,16,0,16,0,1,0,1,2,6,0,16,4,5,1,116,0,1,0,3,0,0,0,2,0,0,0,0,0,0,0,4,3,11,0,7,0,0,0,5,4,10,0,23,4,4,2,164,83,206,3,450,16,14,8,310,1,2,0,6,7,2,6,117,2,6,0,4,0,2,0,2,3,3,0,8,2,2,4,37,84,120,4,168,10,8,9,103,4,2,0,3,10,6,8,86,142,133,0,126,1,1,3,19,182,123,2,176,116,21,75,520,OA
Medial Femur of OA_4.jpg,394,118,11,74,242,20,70,271,11,2,0,1,88,10,67,150,115,21,2,9,14,0,7,14,84,10,6,8,196,10,100,163,8,2,1,0,8,0,2,2,0,0,0,0,2,0,1,5,64,14,3,7,12,0,3,6,147,10,5,13,301,10,168,138,224,13,6,11,76,0,17,19,4,1,1,1,17,0,10,5,18,0,0,0,4,1,0,0,21,1,0,1,10,1,1,1,78,7,1,1,11,1,4,4,2,0,0,0,6,0,7,2,219,7,5,11,13,1,5,6,382,6,7,4,332,1,112,38,14,77,2,144,6,20,3,410,2,3,0,5,4,12,2,209,0,9,0,18,1,0,0,7,1,6,0,11,2,8,2,159,0,0,0,2,0,0,0,8,0,0,0,0,0,0,0,4,1,5,1,16,0,1,0,10,1,10,0,21,4,4,1,167,64,186,2,262,17,11,8,320,3,3,0,5,5,7,6,133,11,11,0,8,0,0,0,3,7,6,0,7,9,4,7,30,55,82,1,154,6,8,4,120,3,2,0,4,5,3,7,81,125,127,4,137,2,0,1,34,210,112,4,188,111,26,97,603,OA
Medial Femur of OA_40.jpg,237,86,5,67,186,14,77,226,6,0,0,0,69,3,81,148,88,21,2,14,19,1,5,6,54,12,0,6,255,10,147,175,7,6,0,0,3,0,0,2,0,0,0,0,1,0,0,3,53,13,1,3,7,0,5,7,152,13,0,2,533,9,215,114,158,19,3,13,60,0,15,14,0,0,0,0,21,1,7,5,13,0,0,0,1,0,0,0,8,1,0,0,18,0,4,2,75,6,3,4,14,0,3,4,0,0,0,0,7,0,3,1,180,12,3,5,22,0,3,2,350,4,0,4,401,2,100,24,3,76,0,183,0,3,2,424,0,2,0,3,1,3,1,173,1,6,0,13,0,0,0,6,5,7,0,7,3,6,2,121,0,1,0,2,0,0,0,1,0,0,0,0,0,0,0,0,2,4,0,11,0,0,0,4,1,7,0,10,1,10,2,165,66,236,2,577,15,19,2,448,0,2,0,6,7,3,5,126,5,9,0,8,0,0,0,5,2,6,0,11,2,4,4,47,72,149,1,209,8,2,5,111,1,1,0,3,5,2,3,66,132,167,1,109,3,3,2,41,144,109,2,127,99,26,62,483,OA
Medial Femur of OA_41.jpg,378,133,9,73,236,11,76,197,7,3,1,1,77,9,57,96,120,24,1,11,20,1,8,7,85,14,1,6,207,6,116,132,7,2,1,3,6,0,1,2,1,0,0,1,2,0,4,2,93,12,2,8,12,0,5,4,169,13,2,11,427,9,197,117,209,25,3,4,57,3,25,17,9,0,1,0,14,1,15,2,15,0,0,0,0,0,1,0,10,0,0,0,15,0,10,0,97,7,2,4,20,1,11,7,2,0,0,1,17,1,4,4,211,11,9,10,22,1,7,1,316,12,7,12,330,2,108,34,3,77,0,164,5,9,1,310,0,3,0,1,4,2,0,155,1,21,1,20,0,1,1,8,1,6,0,12,6,6,2,126,0,1,0,3,0,0,0,1,0,0,0,0,0,0,0,0,0,2,0,4,0,0,0,9,2,12,0,33,7,6,8,196,90,210,1,337,16,13,8,358,5,5,0,4,9,5,5,92,4,9,1,11,0,0,0,0,8,7,0,11,5,8,8,30,65,112,3,156,13,0,4,103,0,1,0,5,6,5,9,88,109,144,4,133,2,1,5,35,150,132,4,157,118,51,117,636,OA
Medial Femur of OA_42.jpg,359,121,8,64,224,24,73,233,7,0,0,1,84,6,80,141,111,19,2,21,19,1,5,17,63,10,1,6,198,8,142,150,12,4,0,1,6,0,2,8,1,0,0,0,4,0,0,4,72,13,2,11,9,0,5,9,165,12,0,11,299,6,165,147,224,18,3,10,57,0,23,19,9,0,0,1,25,0,16,4,23,0,0,0,0,0,0,0,18,0,0,0,15,0,3,0,67,9,1,3,18,1,5,6,2,0,0,0,3,0,8,7,228,9,3,6,14,0,5,4,364,5,6,3,316,0,123,28,4,84,0,177,4,10,0,391,0,8,0,8,2,5,1,195,4,12,0,10,0,1,0,7,4,5,0,7,4,5,2,127,0,2,0,2,0,0,0,6,0,0,0,1,0,0,0,5,1,4,0,12,0,0,0,1,3,9,0,17,5,5,1,178,103,180,1,323,25,12,9,314,3,7,0,3,9,3,16,128,4,10,0,7,1,0,0,0,1,3,0,5,3,3,8,36,75,132,3,158,9,4,3,102,3,6,0,4,6,2,4,98,125,141,5,113,2,2,5,30,208,139,3,190,112,32,83,578,OA
Medial Femur of OA_43.jpg,387,121,12,70,194,16,77,224,16,2,1,1,83,15,77,125,146,39,0,9,25,0,5,9,79,16,1,4,249,10,153,186,9,6,1,2,6,0,1,9,0,0,0,0,0,0,1,1,94,19,0,6,13,1,11,7,153,17,3,11,381,8,183,144,191,32,7,17,49,1,13,20,7,0,0,0,17,0,11,3,17,0,1,1,1,0,0,0,12,0,1,1,19,0,7,0,97,7,3,5,21,1,12,6,4,0,0,0,10,0,10,3,182,7,6,6,15,1,8,2,274,12,5,5,347,3,143,33,8,74,0,145,3,6,0,262,0,1,0,3,2,10,1,161,2,12,0,18,0,0,0,2,1,6,0,10,1,5,3,111,0,1,0,3,0,0,0,3,0,0,0,0,0,0,0,1,2,10,0,8,0,0,0,13,0,13,0,17,8,9,0,157,71,223,0,298,13,9,9,273,0,5,0,9,9,7,12,129,9,13,0,8,1,0,1,0,6,6,0,10,12,6,5,38,63,108,1,185,11,4,7,115,1,5,0,3,8,4,4,96,114,141,3,124,5,1,1,40,162,153,4,148,132,39,119,631,OA
Medial Femur of OA_44.jpg,458,140,10,89,237,24,80,177,10,2,0,2,108,4,60,112,124,16,3,10,27,2,10,9,84,9,3,11,245,9,143,121,15,3,0,1,7,0,4,2,0,0,0,0,4,1,4,7,83,18,4,14,9,0,1,15,200,16,4,13,381,7,196,130,230,19,5,17,70,1,18,16,8,0,0,1,19,1,13,5,14,1,1,0,0,0,0,0,8,2,0,1,14,0,5,2,106,5,2,3,28,0,7,8,2,0,0,1,15,0,8,1,151,7,7,9,12,0,6,1,278,8,4,10,303,2,110,35,10,79,0,159,3,7,6,257,0,0,0,3,2,8,2,169,3,11,0,24,2,0,0,7,1,13,0,11,2,5,5,115,0,0,0,2,1,0,0,9,0,0,0,0,0,0,0,1,1,12,0,14,0,2,0,7,5,16,0,32,10,13,9,187,88,170,2,346,18,15,18,282,3,3,0,7,4,4,5,120,4,6,0,8,1,0,1,1,5,9,0,6,7,1,4,38,62,98,8,168,8,7,6,103,1,5,0,5,7,1,9,103,91,135,3,90,4,3,3,35,151,114,5,210,118,36,106,627,OA
Medial Femur of OA_45.jpg,402,86,6,66,289,11,86,183,7,2,0,0,89,4,53,71,77,9,3,6,24,2,1,9,51,12,2,4,222,8,69,103,12,2,1,2,9,0,1,7,0,0,0,0,3,0,1,2,67,7,6,5,15,0,6,5,223,16,1,13,551,3,179,139,319,19,1,16,104,2,27,16,3,0,0,0,21,0,13,3,10,0,0,0,1,0,0,0,7,0,0,0,20,0,0,0,78,7,2,6,33,0,7,5,1,0,0,0,10,0,2,1,181,12,1,6,16,0,3,1,383,7,3,7,391,2,94,26,9,54,0,166,7,9,2,277,0,0,0,5,4,2,1,138,2,8,0,17,0,0,0,2,2,4,0,23,2,8,1,116,0,0,0,0,0,0,0,6,0,0,0,0,0,0,0,1,0,5,1,17,1,0,0,8,1,12,0,45,9,13,6,261,74,203,0,438,27,15,11,308,0,3,1,7,3,3,5,100,7,10,0,8,1,1,0,0,3,5,0,13,5,4,2,27,48,98,2,162,8,1,2,73,1,6,0,8,7,4,5,70,67,117,1,129,4,2,2,31,183,137,5,223,91,35,76,574,OA
Medial Femur of OA_46.jpg,251,80,7,66,193,9,78,230,5,2,0,0,77,3,103,153,92,16,1,5,10,0,10,8,52,7,0,4,315,10,174,196,3,1,0,1,5,0,5,3,0,0,0,0,1,1,0,0,81,9,3,5,4,1,3,4,167,7,1,6,508,11,251,171,142,15,5,3,38,1,8,11,6,0,0,0,15,0,7,2,9,2,1,1,3,0,0,0,3,1,0,3,11,0,1,0,72,3,2,4,12,0,6,8,1,0,0,0,5,1,6,1,240,11,3,5,6,0,4,2,484,12,2,4,442,2,106,38,5,64,0,136,3,6,0,327,0,1,0,3,0,3,3,197,0,11,0,18,1,0,0,4,1,2,0,5,3,2,1,136,0,1,0,1,0,0,0,2,0,0,0,0,0,0,0,2,0,2,0,8,0,0,0,4,0,5,0,16,0,10,0,137,75,234,0,368,20,14,6,354,0,5,0,2,4,5,7,108,3,6,0,7,0,0,0,2,6,5,0,6,3,3,6,30,80,142,1,160,6,1,3,93,1,1,0,2,10,4,5,69,160,198,3,140,2,3,2,31,181,130,0,128,116,33,52,466,OA
Medial Femur of OA_47.jpg,276,146,5,82,179,20,72,281,5,0,0,0,76,8,75,196,109,30,1,11,12,1,10,10,61,10,0,10,215,24,144,207,2,5,0,1,3,1,0,4,1,0,0,0,0,1,1,2,75,16,4,9,6,0,2,8,115,18,0,3,274,4,153,133,142,10,1,9,58,4,19,13,2,0,0,0,18,0,11,4,17,0,0,0,0,0,1,0,15,0,0,0,13,0,2,1,65,7,0,7,14,0,3,6,1,0,0,0,8,0,3,6,237,16,3,8,13,1,7,10,310,5,1,5,313,2,112,36,9,68,0,156,6,15,1,467,0,3,0,0,0,4,1,231,5,8,0,14,0,2,0,9,1,7,0,5,2,11,2,138,1,1,0,1,0,0,0,5,1,0,0,0,0,0,0,2,0,2,0,5,1,0,0,11,1,8,0,9,4,6,4,132,71,233,0,338,9,19,4,385,3,3,0,1,5,6,3,143,8,12,0,7,0,0,1,4,4,4,0,4,5,6,5,35,70,181,2,177,11,10,9,120,0,2,0,3,5,2,5,91,179,156,6,123,6,1,1,33,156,117,3,128,122,47,101,601,OA
Medial Femur of OA_48.jpg,397,128,9,96,186,14,67,160,15,4,1,2,75,7,90,138,128,22,0,8,21,0,8,5,108,12,1,10,249,10,139,142,10,3,0,2,2,1,1,2,0,0,0,0,1,0,6,2,103,17,1,9,6,0,4,4,249,18,1,18,420,5,216,119,172,12,4,9,53,4,18,8,3,1,0,0,19,0,10,1,7,1,0,0,0,0,1,0,10,0,0,0,8,0,6,0,75,3,3,2,22,0,10,7,4,0,0,0,9,1,14,3,234,5,2,2,11,0,4,4,365,3,5,1,350,4,146,31,8,77,2,209,5,7,3,318,2,3,0,4,1,2,2,160,5,9,0,17,0,1,0,7,1,11,0,10,5,6,4,105,0,0,0,1,0,0,0,3,0,0,0,0,0,0,0,4,1,13,0,9,0,0,0,2,3,16,0,31,5,2,3,135,87,193,2,363,25,8,13,304,0,3,0,2,6,3,12,103,7,7,0,3,0,0,0,1,1,4,0,6,3,3,5,24,80,98,4,184,10,4,6,112,1,4,0,6,7,6,24,121,109,123,3,110,2,2,3,19,183,111,5,131,123,27,115,529,OA
Medial Femur of OA_49.jpg,663,99,17,80,502,15,121,178,7,3,6,3,94,1,55,77,89,12,4,8,27,1,7,8,62,7,4,8,140,3,65,97,9,2,0,1,13,0,7,0,0,0,0,0,4,0,2,8,59,5,1,7,11,1,4,9,89,9,7,20,153,5,108,122,431,26,18,28,152,3,39,17,13,0,1,2,23,0,7,8,21,3,0,2,2,0,0,0,13,1,1,3,23,0,3,3,70,5,5,5,20,1,6,5,5,0,0,0,8,0,7,5,147,5,7,2,11,0,8,2,185,7,17,13,145,4,84,40,14,57,0,137,12,26,7,213,0,4,0,5,4,6,1,120,1,10,0,23,0,0,0,11,0,7,0,19,8,12,1,150,5,2,0,7,2,1,0,10,0,0,0,0,1,0,0,6,2,11,0,22,1,5,1,10,3,22,1,89,16,18,11,445,105,153,7,194,31,20,8,184,5,8,0,12,8,12,5,102,3,8,0,10,0,1,0,4,5,15,1,20,4,2,7,46,39,50,0,130,13,8,5,84,0,3,2,12,6,8,9,80,70,76,2,131,6,5,6,38,119,108,8,388,78,28,80,909,OA
Medial Femur of OA_5.jpg,399,94,11,76,263,11,73,169,6,0,0,0,89,10,56,72,109,16,5,8,12,0,4,9,72,8,0,2,251,5,131,106,10,2,1,4,6,0,2,5,1,0,0,0,2,0,2,0,83,14,3,12,20,1,7,9,236,15,2,14,524,11,214,147,265,18,11,11,75,1,19,13,2,1,0,0,20,0,11,3,14,2,2,1,0,0,0,0,8,1,0,1,12,0,2,1,107,1,2,5,24,0,8,8,0,0,0,0,12,0,5,4,212,7,8,7,11,0,1,0,331,6,4,7,373,1,112,25,2,56,0,152,7,6,0,238,0,3,0,3,5,6,2,146,2,10,0,17,0,0,0,9,1,5,0,13,7,6,3,129,0,0,0,2,0,0,0,6,0,0,0,0,0,0,0,2,0,3,0,9,1,0,0,6,11,14,1,30,4,8,6,187,70,188,0,431,24,11,9,261,7,7,0,7,7,6,6,100,7,5,0,8,0,0,0,2,6,2,1,8,3,1,2,29,68,115,3,162,6,1,7,86,2,6,0,9,5,5,3,88,77,114,3,116,5,1,3,27,163,142,2,223,139,29,92,584,OA
Medial Femur of OA_50.jpg,414,102,11,74,281,10,96,196,9,2,0,1,79,4,60,74,110,15,0,8,24,1,9,7,66,5,0,8,169,6,81,90,7,0,0,4,4,0,2,3,0,0,0,0,2,1,1,0,60,14,2,4,7,0,4,4,184,18,4,10,314,9,137,132,283,14,6,12,95,0,31,16,8,1,2,0,23,0,11,5,18,1,0,0,2,0,0,0,15,0,0,1,14,0,6,5,75,2,3,3,25,1,4,4,1,0,0,0,7,0,7,2,168,7,1,9,19,1,6,2,344,7,4,9,325,2,92,28,10,62,1,213,7,10,2,429,0,2,0,4,0,6,4,144,0,11,0,8,0,1,0,18,1,4,0,17,1,5,1,157,0,5,0,2,0,0,0,10,0,0,0,0,1,0,1,6,4,5,0,16,0,0,0,11,4,10,1,38,10,4,6,258,94,194,1,471,39,12,12,396,3,8,0,7,6,1,4,94,1,8,0,12,4,1,0,3,5,4,0,4,6,3,5,40,57,89,2,159,10,2,6,104,0,0,0,1,7,4,5,65,76,97,2,111,2,2,4,27,126,130,8,261,100,22,63,645,OA
Medial Femur of OA_51.jpg,408,124,9,61,316,20,82,218,7,3,1,0,84,3,61,111,124,22,1,12,11,1,7,13,72,14,1,12,222,16,120,154,6,2,0,2,6,0,1,9,0,1,0,0,4,0,2,2,78,14,1,4,23,1,3,12,127,15,2,12,309,8,171,126,290,28,6,13,123,1,20,18,2,1,0,1,26,1,12,5,14,1,0,1,4,0,0,0,10,0,0,2,15,0,7,2,86,2,0,5,17,1,5,8,6,0,0,0,9,0,4,7,165,13,5,12,12,1,6,1,260,10,5,8,281,2,111,41,6,77,1,119,2,13,3,232,0,3,0,7,4,4,3,138,6,12,0,6,0,1,0,6,2,11,0,12,1,3,1,119,2,3,0,4,0,0,0,5,0,0,0,0,0,0,0,5,1,6,0,22,1,0,0,10,2,12,0,40,6,10,8,259,71,212,1,268,27,20,11,293,3,6,0,1,6,7,6,96,3,9,0,4,0,0,1,1,8,10,0,6,10,6,2,39,60,102,1,153,8,2,5,120,4,1,1,4,3,6,10,84,102,140,2,136,6,5,8,35,151,132,8,254,103,47,126,730,OA
Medial Femur of OA_52.jpg,377,165,7,104,170,15,99,277,8,2,0,0,69,7,78,170,163,44,2,18,12,0,2,11,79,14,0,16,206,9,156,176,5,3,0,1,2,0,2,5,0,0,0,0,1,0,1,4,79,25,0,9,5,1,5,11,134,14,3,9,210,3,177,117,142,13,3,9,34,2,31,15,3,0,1,0,17,0,12,3,18,0,0,0,0,0,1,0,7,0,0,1,11,0,4,1,57,2,0,3,12,0,5,2,2,0,0,0,8,0,12,4,198,11,2,3,13,0,5,1,232,7,3,7,282,1,129,28,12,86,0,202,5,7,2,456,0,3,0,3,1,3,0,242,2,17,0,16,0,0,0,8,0,7,0,9,1,1,4,151,0,0,0,0,1,0,0,3,0,0,0,0,0,0,0,5,2,7,0,17,0,0,0,9,1,6,0,20,2,5,4,135,71,234,4,284,18,13,9,371,1,5,0,1,10,4,7,153,9,8,0,7,0,0,1,5,7,6,0,0,6,5,6,26,80,125,2,181,9,4,9,144,2,2,0,4,11,4,13,152,176,142,3,122,3,2,4,31,168,97,3,132,106,21,104,580,OA
Medial Femur of OA_53.jpg,633,119,18,77,350,15,94,161,14,3,2,4,95,9,59,62,122,20,4,12,17,1,11,10,78,17,1,16,174,17,87,98,13,3,2,2,9,0,7,9,1,0,0,0,2,0,4,3,56,11,1,9,14,3,3,6,135,13,3,16,209,11,161,153,349,16,10,20,94,0,35,13,15,1,1,0,24,0,14,8,29,1,0,0,3,0,0,0,15,2,0,0,15,1,1,3,101,8,5,8,22,1,7,8,4,0,0,2,8,0,5,4,160,5,5,4,13,0,9,5,252,10,12,20,205,1,109,37,15,77,1,118,11,17,2,244,0,3,0,4,3,4,2,123,1,12,0,16,0,1,0,8,1,15,1,18,6,6,7,133,0,1,0,4,1,1,0,11,0,0,0,3,0,0,1,12,1,7,0,21,0,1,0,8,2,22,1,61,9,7,6,295,91,153,2,220,18,19,17,195,4,6,1,5,8,4,8,104,6,13,0,7,0,0,0,3,7,6,0,18,6,1,6,37,50,88,4,129,7,6,11,89,3,5,1,10,7,8,8,113,83,97,4,123,10,4,8,25,122,125,7,314,102,32,115,843,OA
Medial Femur of OA_54.jpg,374,108,8,62,272,19,85,187,8,3,0,4,81,4,58,119,98,24,5,11,21,1,8,9,76,9,2,8,243,14,113,121,6,0,0,1,4,0,1,6,0,0,0,0,2,1,1,3,74,13,1,6,7,1,6,5,189,13,3,8,462,10,217,133,256,11,6,26,97,0,24,12,7,0,0,0,19,0,6,8,15,0,0,0,0,0,2,0,9,0,1,0,9,0,2,1,77,4,2,8,29,1,8,5,1,0,0,0,15,0,5,5,212,5,3,11,19,0,8,3,352,9,7,10,362,2,120,34,9,67,0,125,3,9,1,288,0,1,0,7,4,8,3,147,1,15,0,17,1,0,0,6,2,8,0,14,0,8,2,119,0,0,0,3,0,0,0,4,0,0,0,0,0,0,0,1,1,7,0,15,0,1,0,8,3,14,0,26,7,12,4,218,84,195,2,357,5,10,12,258,4,2,0,6,10,8,3,98,8,6,0,4,0,0,1,1,4,9,0,5,6,5,2,35,63,117,0,152,10,3,7,110,2,3,0,0,5,1,9,106,79,141,5,115,4,3,2,30,167,138,3,205,96,31,85,624,OA
Medial Femur of OA_55.jpg,383,106,6,88,233,21,82,224,6,1,0,4,99,5,76,118,104,18,2,13,14,2,7,13,83,12,2,14,169,8,141,148,10,2,0,2,4,0,1,4,1,0,0,0,2,0,1,7,77,16,2,9,3,0,13,3,210,17,1,14,339,4,192,145,233,12,6,9,60,2,21,9,4,0,1,0,23,0,7,3,18,0,1,1,1,0,0,0,11,0,0,0,16,0,2,2,76,8,3,3,15,0,5,5,2,0,0,0,10,0,4,5,178,6,5,3,11,1,2,2,334,6,7,4,331,0,113,31,10,81,1,207,4,7,3,468,1,0,0,1,5,7,4,197,2,9,0,24,0,0,0,12,3,9,0,18,1,4,3,128,0,2,0,1,0,0,1,3,0,0,0,1,0,0,0,4,0,5,0,5,0,0,0,8,3,15,0,22,2,2,6,175,94,197,3,347,18,13,12,346,2,3,0,10,12,4,8,117,4,7,1,8,0,0,1,1,5,5,0,6,2,1,5,29,64,99,1,156,11,3,8,106,3,2,0,4,5,2,9,82,102,114,3,140,4,3,2,36,157,105,5,181,102,25,113,536,OA
Medial Femur of OA_56.jpg,486,158,7,78,299,17,100,236,6,7,0,2,92,7,66,137,146,21,4,15,21,1,8,7,67,12,0,9,184,10,103,138,9,4,0,4,4,0,3,6,0,0,0,0,1,0,3,3,66,12,3,10,15,2,3,8,112,24,2,9,171,6,116,119,269,21,9,20,96,2,25,24,6,1,0,1,16,0,13,6,25,0,1,1,0,0,1,0,12,1,1,1,18,1,8,5,90,5,4,9,20,0,5,6,1,0,0,0,6,0,4,6,190,13,3,7,12,1,8,9,237,6,3,13,227,2,117,28,8,57,1,139,10,14,3,281,0,2,0,2,1,11,5,156,1,13,1,19,1,1,0,8,0,8,0,13,4,3,5,127,0,2,0,5,1,0,0,9,0,0,0,1,0,0,2,5,3,9,0,14,1,5,0,10,1,12,0,36,6,8,4,229,83,204,2,243,17,22,13,258,3,6,1,8,1,5,12,143,8,12,1,11,0,0,0,4,6,7,0,14,14,6,5,53,55,109,2,139,16,6,10,106,3,1,1,5,11,5,8,118,109,121,4,112,1,4,4,42,127,116,8,298,94,31,103,838,OA
Medial Femur of OA_57.jpg,500,85,11,66,363,13,82,165,11,2,0,5,102,6,54,67,94,14,2,10,27,0,3,7,55,11,2,3,205,6,83,96,16,0,0,3,11,1,3,5,1,0,0,0,1,0,0,5,67,9,0,5,14,0,6,4,173,20,3,18,341,2,175,159,312,14,7,19,114,4,22,10,5,0,0,1,31,1,9,5,16,2,0,0,2,0,0,0,15,1,0,2,18,0,6,3,104,9,7,2,23,0,7,4,3,0,0,0,7,1,8,5,173,15,8,8,11,0,6,3,333,4,6,8,308,0,93,44,14,63,0,140,10,11,1,258,0,2,0,4,4,7,2,169,3,6,0,12,1,1,0,6,4,8,0,16,2,4,5,138,0,1,0,2,0,0,0,8,0,0,0,0,0,0,0,6,3,8,0,15,2,0,0,6,2,13,0,62,10,10,3,298,96,194,1,326,15,14,9,251,1,4,1,11,10,2,7,86,3,7,0,8,0,0,1,3,11,7,0,8,3,1,2,31,52,69,1,147,8,7,8,96,3,6,0,8,4,4,11,72,88,99,5,112,2,1,3,36,141,171,6,285,104,39,84,665,OA
Medial Femur of OA_58.jpg,596,90,22,49,488,20,82,169,16,0,1,2,101,2,68,83,81,12,2,9,11,0,6,10,56,10,2,7,176,9,82,95,17,4,1,4,7,1,5,8,1,0,0,0,3,0,1,3,59,9,2,4,22,1,4,3,130,19,6,28,268,11,143,148,407,19,13,23,110,0,36,16,11,0,0,0,26,1,17,6,26,1,1,1,2,0,0,0,16,2,4,1,18,1,4,4,96,6,4,2,28,0,6,6,5,1,0,1,10,0,5,4,150,8,8,6,18,0,7,3,203,5,11,17,184,3,108,48,13,58,0,108,14,26,6,214,0,2,0,6,5,9,1,106,4,11,0,15,0,2,0,9,4,8,0,20,8,9,4,154,0,4,0,2,0,1,3,7,0,0,1,0,1,0,1,8,1,4,0,20,0,2,0,13,5,23,0,61,12,11,12,412,89,158,1,244,25,21,10,201,4,11,1,12,7,2,6,80,2,7,0,9,0,0,0,2,6,8,0,13,6,4,2,36,53,58,2,114,18,5,10,74,2,3,0,8,5,1,5,81,72,103,0,153,2,5,1,39,114,117,4,356,89,35,68,829,OA
Medial Femur of OA_59.jpg,352,105,7,81,218,15,93,213,13,1,0,2,103,9,72,131,104,15,2,10,14,0,5,8,75,9,3,4,222,8,106,156,7,2,0,1,5,1,1,6,0,0,0,0,3,0,0,4,82,8,1,8,7,0,6,4,150,17,4,8,347,6,160,151,223,15,4,12,69,0,24,22,2,0,0,1,17,0,16,6,13,1,0,0,1,1,1,0,6,0,0,1,11,0,3,1,99,2,0,6,30,0,4,3,2,0,0,0,13,0,8,6,206,6,6,9,16,0,1,3,312,5,4,5,267,1,91,25,9,73,0,177,5,11,1,356,0,4,0,2,1,2,2,206,1,16,0,17,0,0,0,7,0,5,0,18,2,5,2,142,0,1,0,4,0,0,0,1,1,0,0,0,1,0,0,3,1,4,0,7,0,1,0,4,2,12,1,34,7,7,3,195,110,227,1,424,25,9,12,344,2,10,0,5,6,3,5,114,4,3,1,5,0,0,0,2,2,9,0,6,0,3,3,22,71,138,3,193,11,5,8,101,0,5,0,6,4,3,4,76,109,150,0,149,3,1,2,29,184,118,3,210,101,30,84,565,OA
Medial Femur of OA_6.jpg,371,98,2,83,222,9,86,223,5,1,1,0,88,3,77,115,103,16,3,14,16,1,8,10,81,11,1,5,227,9,157,165,8,4,0,1,4,1,5,5,0,0,0,0,0,0,1,1,76,14,2,1,11,0,4,4,194,17,6,7,386,15,204,111,219,23,3,15,60,0,16,9,2,0,0,0,19,1,14,5,11,1,0,2,2,0,0,0,8,0,0,0,12,0,6,1,92,10,3,4,17,1,6,8,1,0,0,0,12,0,8,2,222,10,6,7,20,0,2,2,286,7,4,9,335,3,96,25,9,72,0,161,4,12,2,251,0,0,0,3,2,1,4,197,2,12,0,20,0,2,0,10,1,5,0,14,2,6,2,140,0,1,0,5,0,0,0,4,0,0,0,1,0,0,0,5,1,3,0,12,0,1,0,11,4,14,0,31,5,5,8,179,82,224,2,414,13,19,12,307,2,2,0,3,10,2,9,126,2,14,0,5,0,0,1,1,3,8,0,8,7,2,6,27,80,163,4,186,10,4,4,101,1,7,0,4,2,3,7,79,128,152,2,106,0,2,2,29,151,112,3,191,116,27,106,564,OA
Medial Femur of OA_60.jpg,371,77,9,65,298,12,86,165,5,2,0,2,94,3,55,57,78,9,0,9,22,0,8,4,63,11,0,7,209,4,96,89,9,2,0,3,4,0,1,3,0,1,0,0,0,0,5,1,65,9,1,3,14,0,8,1,219,20,2,5,585,13,187,143,280,22,7,18,96,1,28,16,0,1,0,0,25,0,14,1,18,0,0,0,1,0,0,0,9,1,0,0,10,0,0,1,99,0,4,3,33,2,9,3,4,0,0,1,6,0,4,1,183,5,4,5,20,1,2,2,381,8,3,5,365,1,80,21,7,43,0,174,4,8,3,323,1,3,0,4,3,5,1,142,0,7,0,15,0,0,0,5,1,5,0,14,4,8,2,138,0,0,0,1,0,0,0,4,0,0,0,0,0,0,0,4,1,6,0,14,0,1,0,9,6,17,0,29,11,6,3,249,78,197,2,556,13,16,10,321,2,3,0,5,3,6,7,83,3,5,0,14,0,0,0,2,2,8,0,4,3,0,1,28,52,94,2,163,10,0,4,81,2,3,0,6,4,3,3,47,70,105,2,132,3,3,0,26,165,133,5,239,93,28,74,578,OA
Medial Femur of OA_61.jpg,419,129,10,93,256,24,113,238,14,9,1,0,98,11,76,136,108,21,4,13,13,0,6,6,74,10,0,7,186,8,121,152,2,2,0,3,3,0,0,2,1,0,0,0,3,0,3,4,64,13,1,8,10,0,5,11,134,17,3,13,281,4,149,123,244,19,4,11,88,1,23,18,2,1,0,1,19,0,11,5,27,0,0,1,0,0,1,1,7,2,1,0,16,0,2,3,83,7,2,4,21,1,13,8,4,0,0,0,19,0,4,1,203,9,6,9,16,0,10,5,251,5,5,8,243,0,95,31,8,81,0,150,4,10,1,319,2,1,0,1,3,4,1,163,2,14,0,13,0,0,0,5,3,7,0,14,7,5,1,159,0,3,0,7,0,0,0,2,0,0,0,0,0,0,0,8,1,4,0,14,0,1,0,9,1,13,0,34,9,9,2,217,96,200,2,324,20,17,10,309,3,5,1,5,11,6,5,119,5,8,0,2,0,0,0,2,6,7,0,6,5,5,7,35,70,117,3,163,12,4,9,111,2,3,0,6,7,1,9,90,128,128,7,144,3,1,3,42,163,130,4,213,91,23,117,678,OA
Medial Femur of OA_62.jpg,363,99,7,59,205,23,75,255,6,0,0,0,104,9,82,167,95,9,2,10,9,0,7,11,70,7,2,7,193,8,116,135,4,2,0,3,2,0,2,3,0,0,0,1,1,0,0,1,52,12,0,7,9,0,4,10,170,11,3,7,322,3,172,156,233,15,4,7,80,1,16,14,3,0,0,0,27,0,8,5,24,1,1,0,4,0,0,0,12,0,0,0,16,0,4,0,87,1,2,5,22,0,13,2,2,1,0,0,9,0,4,7,233,8,5,9,17,0,3,3,415,7,6,11,296,0,92,34,17,89,1,189,5,11,0,522,0,1,0,2,1,8,2,235,3,12,0,6,0,0,0,6,4,4,0,10,3,3,2,125,0,0,0,4,0,0,0,7,0,0,0,0,0,0,0,13,1,2,0,13,0,0,0,7,5,9,0,23,4,9,4,204,95,188,1,320,21,9,10,338,0,4,0,3,11,5,2,90,9,9,0,5,0,0,0,2,3,4,0,6,6,2,3,27,73,106,0,163,6,4,2,117,3,3,0,4,4,2,8,74,128,111,1,129,2,2,3,34,196,124,4,205,86,25,62,520,OA
Medial Femur of OA_63.jpg,426,98,11,83,269,19,96,240,10,1,0,1,100,6,68,111,102,6,2,8,11,0,1,10,64,10,0,6,172,9,86,103,8,2,0,1,4,0,5,0,1,0,0,0,4,0,1,4,77,7,5,9,8,0,3,6,173,13,4,18,262,8,149,155,292,14,8,9,76,1,19,14,6,0,0,0,38,0,5,1,17,0,0,0,3,0,0,0,11,1,0,0,11,1,1,0,93,3,5,4,31,1,8,6,6,1,1,0,10,0,4,5,182,5,3,7,5,0,4,3,387,12,6,7,290,2,90,21,10,96,0,199,5,19,4,456,1,1,0,5,1,5,0,206,0,12,0,23,0,0,0,5,1,7,0,23,2,5,2,140,0,0,0,1,0,0,0,9,0,0,0,1,0,0,0,4,1,8,0,10,0,0,0,11,1,16,0,35,7,6,2,247,110,199,0,326,26,17,11,327,0,3,0,5,10,5,10,102,3,6,0,9,1,0,0,1,8,4,0,4,6,2,3,26,57,90,1,186,7,5,4,96,3,3,0,6,3,2,2,76,86,91,2,128,2,1,3,36,170,122,8,256,76,18,77,587,OA
Medial Femur of OA_64.jpg,426,130,8,72,250,10,105,179,6,1,0,2,95,6,72,100,103,16,0,10,20,1,4,3,80,7,2,8,239,9,132,132,14,2,2,1,7,0,2,4,0,0,0,0,2,0,3,3,84,14,1,11,15,1,7,9,185,14,7,17,416,6,202,132,240,22,5,21,83,1,20,17,5,0,0,0,24,0,8,4,14,2,0,0,1,1,0,0,4,0,0,0,15,0,0,0,76,6,0,7,24,1,15,8,3,1,0,0,8,0,9,1,182,11,1,4,20,0,7,0,314,10,7,7,318,0,105,24,6,62,0,162,1,8,0,249,0,3,0,2,3,4,1,150,0,9,0,13,0,1,0,6,0,14,0,23,3,9,2,126,0,1,0,1,0,0,0,8,0,0,0,0,0,0,2,4,0,8,0,9,0,0,0,4,2,16,0,35,8,5,6,220,74,219,1,375,20,9,13,281,2,4,0,4,9,5,3,108,2,11,0,6,0,0,0,3,8,2,0,8,8,2,1,38,75,126,1,145,6,4,11,94,3,8,0,4,7,4,7,108,98,129,3,131,2,1,0,20,149,130,6,201,100,32,108,641,OA
Medial Femur of OA_65.jpg,319,116,3,73,181,14,88,253,9,4,2,2,90,9,86,153,103,12,4,9,13,0,5,5,75,7,1,3,217,11,161,129,9,3,0,0,5,0,3,6,0,0,0,0,2,0,4,3,77,14,2,6,10,0,3,7,185,8,5,11,368,1,172,123,176,14,4,8,32,1,15,11,6,0,0,0,16,0,9,5,15,1,0,0,1,0,0,0,8,1,0,1,17,0,3,0,81,2,0,3,15,0,7,5,3,0,0,0,13,0,11,2,234,10,1,5,12,0,5,0,357,3,1,7,312,1,95,16,10,70,0,203,3,9,2,471,2,0,0,3,4,5,1,219,6,8,0,6,0,0,1,5,0,5,0,13,5,3,1,128,0,0,0,2,0,0,0,10,0,0,0,0,0,0,0,3,2,5,1,8,0,1,0,5,1,12,0,20,5,10,4,161,108,240,2,416,14,14,7,326,5,4,0,5,9,8,6,116,3,10,0,4,0,0,0,2,3,3,0,5,6,2,3,21,93,136,3,192,6,3,8,118,1,3,0,3,7,0,4,74,146,128,3,132,0,1,5,34,185,120,3,172,104,21,86,506,OA
Medial Femur of OA_66.jpg,439,89,14,65,243,9,85,196,10,0,0,0,94,7,84,107,115,19,2,7,11,0,6,2,73,15,1,5,244,10,173,139,12,5,0,1,10,0,1,1,0,0,0,0,4,0,1,3,82,12,0,6,9,0,6,4,198,19,4,13,500,7,250,146,207,19,6,15,65,1,26,14,9,0,0,0,15,1,9,5,13,0,0,0,2,0,1,0,9,1,0,0,6,0,3,2,95,3,4,3,24,1,13,4,3,0,0,0,12,1,4,2,188,7,3,5,15,0,4,0,273,8,4,9,332,2,115,29,9,85,0,151,3,5,2,238,0,1,0,3,2,2,1,157,6,12,0,15,0,0,0,7,2,8,1,14,3,5,2,138,0,4,0,2,0,0,0,4,0,1,0,0,0,0,0,2,1,10,0,15,0,0,0,4,2,19,0,22,7,11,10,207,86,208,2,357,11,13,15,253,1,5,0,7,6,3,3,100,7,6,0,7,0,0,0,0,5,2,1,5,3,1,4,32,65,152,3,197,9,2,8,91,2,1,0,8,8,3,11,76,112,131,3,120,4,2,2,21,190,139,3,202,103,39,82,526,OA
Medial Femur of OA_67.jpg,313,61,10,59,262,14,75,186,6,1,0,1,95,3,59,80,67,10,2,11,10,0,6,7,50,4,1,2,194,4,118,95,4,2,0,4,2,0,2,1,0,0,0,0,1,0,0,0,61,11,1,9,10,0,2,3,226,17,1,11,478,5,157,135,291,14,6,7,99,0,16,15,9,0,0,0,13,0,6,2,15,0,1,0,0,0,0,0,13,0,0,0,13,0,2,2,90,3,4,3,12,0,6,5,1,0,0,0,13,0,3,3,228,6,3,6,20,0,4,2,568,7,6,4,367,3,89,28,5,61,0,193,7,13,2,511,0,1,0,2,1,1,1,182,1,6,0,14,1,0,0,10,2,8,0,13,0,2,2,136,0,0,0,2,0,0,0,7,0,0,0,0,0,0,0,6,2,4,0,17,0,0,0,8,1,11,0,32,2,1,3,223,92,194,4,478,17,10,6,331,4,2,0,1,13,4,2,80,3,5,0,9,0,0,0,1,4,7,0,5,3,0,0,30,43,92,2,178,6,3,2,87,1,1,0,5,2,0,3,54,115,106,1,130,1,2,2,20,189,151,3,197,78,29,64,478,OA
Medial Femur of OA_68.jpg,373,143,3,70,200,11,84,245,13,3,0,2,101,7,74,165,121,22,3,15,14,0,5,9,69,8,1,7,201,8,126,135,5,4,0,4,5,0,2,3,1,2,0,0,2,1,1,1,65,14,3,9,2,2,4,3,157,15,2,14,257,6,156,138,217,16,4,9,59,1,16,16,1,0,0,1,21,0,8,6,17,1,0,1,0,0,0,0,10,0,0,0,18,1,2,0,85,7,3,4,20,0,5,6,1,0,1,0,8,0,5,9,239,9,10,7,12,0,6,2,327,6,7,7,273,3,118,37,7,96,0,176,1,12,1,365,0,0,0,4,2,6,1,167,6,11,0,23,0,1,1,9,0,10,0,13,1,7,1,138,1,3,0,4,0,0,0,5,0,0,0,0,0,0,0,7,1,3,0,7,0,1,0,10,3,20,0,20,4,8,4,179,96,223,2,310,17,13,17,315,3,5,0,2,7,10,8,121,11,12,0,6,0,0,1,2,6,6,0,3,4,3,5,30,76,116,2,181,13,4,6,115,1,3,0,3,10,2,8,114,133,161,6,113,4,0,2,36,183,115,2,196,100,38,101,622,OA
Medial Femur of OA_7.jpg,375,108,8,72,224,18,90,232,4,2,0,2,82,4,57,113,109,21,2,16,14,1,2,9,79,9,0,7,199,14,102,141,10,0,0,4,2,0,1,2,0,0,0,1,1,0,3,6,74,15,1,7,14,1,3,6,173,17,6,10,286,6,151,135,198,17,2,7,64,1,23,21,8,0,0,0,13,1,13,2,18,0,1,1,1,0,1,0,14,0,0,1,13,0,6,1,90,9,2,5,19,0,10,2,3,0,0,0,6,1,5,3,213,12,3,4,12,0,9,2,316,12,0,6,337,3,126,30,4,92,0,204,3,13,4,413,0,5,0,2,2,5,4,208,2,8,0,21,0,1,0,12,3,7,0,14,1,1,0,135,0,1,0,6,0,0,0,4,0,1,0,0,0,0,1,5,0,3,0,16,0,0,0,8,2,11,0,22,3,5,3,208,69,212,1,379,20,17,15,375,3,4,0,5,6,4,9,118,6,7,0,6,0,0,0,3,4,3,0,7,6,2,4,29,67,108,3,149,11,5,6,109,2,1,0,4,9,8,9,83,106,124,3,142,5,0,2,31,180,111,2,185,114,32,93,602,OA
Medial Femur of OA_8.jpg,419,120,11,70,295,10,89,212,11,1,0,2,78,11,62,135,118,29,3,13,9,0,7,10,81,13,2,7,192,8,101,111,10,2,0,4,6,0,2,2,1,1,0,0,2,0,5,2,75,14,0,4,6,2,6,14,138,17,4,22,283,6,136,130,235,16,7,11,89,2,19,16,4,1,0,1,21,0,9,6,21,0,0,1,2,0,0,0,13,0,0,2,26,0,4,2,79,5,2,6,20,0,6,8,2,0,0,0,10,1,6,5,213,10,5,10,19,0,3,4,278,8,7,10,273,2,89,27,8,64,0,175,5,11,1,396,0,2,0,2,3,8,2,171,1,8,0,14,1,1,1,6,2,4,0,15,0,13,2,135,0,1,0,1,0,0,0,6,0,1,0,0,0,0,1,5,1,11,0,14,0,1,0,10,4,13,0,36,4,6,3,218,99,209,1,346,18,19,16,296,7,1,0,5,9,8,6,118,6,6,0,12,0,0,0,3,7,5,0,8,5,2,2,25,69,104,2,170,11,5,11,126,4,2,0,3,4,2,9,97,112,118,6,141,5,0,2,34,158,124,5,230,107,22,99,653,OA
Medial Femur of OA_9.jpg,413,94,14,84,211,20,74,233,20,0,0,0,101,3,77,145,96,14,2,14,8,1,7,8,89,6,0,9,215,10,131,133,12,2,2,4,5,0,3,7,1,0,0,0,2,0,3,2,99,7,3,9,11,0,2,5,169,18,4,17,333,11,198,146,212,13,3,6,51,2,18,10,13,0,0,0,12,1,10,4,17,0,0,0,1,0,0,0,11,0,0,0,15,0,3,2,97,7,1,2,18,0,8,1,4,1,0,0,12,0,12,2,218,13,2,12,11,0,0,2,376,9,4,7,299,5,104,28,7,86,1,173,6,15,3,368,1,5,0,3,2,11,2,220,2,6,0,18,0,0,0,3,2,7,0,9,6,3,2,132,1,0,0,9,0,1,0,5,0,0,0,0,0,1,1,8,1,5,0,16,0,0,0,1,1,7,0,23,1,6,1,201,99,202,3,260,25,13,7,251,4,6,0,5,12,2,6,107,10,6,0,10,0,0,0,2,10,5,0,5,7,3,5,21,97,136,3,174,7,7,6,113,2,0,0,5,7,2,9,89,135,134,3,136,4,1,1,30,199,130,5,186,102,25,74,545,OA
