FileName,"Med81_1","Med81_2","Med81_3","Med81_4","Med81_5","Med81_6","Med81_7","Med81_8","Med81_9","Med81_10","Med81_11","Med81_12","Med81_13","Med81_14","Med81_15","Med81_16","Med81_17","Med81_18","Med81_19","Med81_20","Med81_21","Med81_22","Med81_23","Med81_24","Med81_25","Med81_26","Med81_27","Med81_28","Med81_29","Med81_30","Med81_31","Med81_32","Med81_33","Med81_34","Med81_35","Med81_36","Med81_37","Med81_38","Med81_39","Med81_40","Med81_41","Med81_42","Med81_43","Med81_44","Med81_45","Med81_46","Med81_47","Med81_48","Med81_49","Med81_50","Med81_51","Med81_52","Med81_53","Med81_54","Med81_55","Med81_56","Med81_57","Med81_58","Med81_59","Med81_60","Med81_61","Med81_62","Med81_63","Med81_64","Med81_65","Med81_66","Med81_67","Med81_68","Med81_69","Med81_70","Med81_71","Med81_72","Med81_73","Med81_74","Med81_75","Med81_76","Med81_77","Med81_78","Med81_79","Med81_80","Med81_81","Med81_82","Med81_83","Med81_84","Med81_85","Med81_86","Med81_87","Med81_88","Med81_89","Med81_90","Med81_91","Med81_92","Med81_93","Med81_94","Med81_95","Med81_96","Med81_97","Med81_98","Med81_99","Med81_100","Med81_101","Med81_102","Med81_103","Med81_104","Med81_105","Med81_106","Med81_107","Med81_108","Med81_109","Med81_110","Med81_111","Med81_112","Med81_113","Med81_114","Med81_115","Med81_116","Med81_117","Med81_118","Med81_119","Med81_120","Med81_121","Med81_122","Med81_123","Med81_124","Med81_125","Med81_126","Med81_127","Med81_128","Med81_129","Med81_130","Med81_131","Med81_132","Med81_133","Med81_134","Med81_135","Med81_136","Med81_137","Med81_138","Med81_139","Med81_140","Med81_141","Med81_142","Med81_143","Med81_144","Med81_145","Med81_146","Med81_147","Med81_148","Med81_149","Med81_150","Med81_151","Med81_152","Med81_153","Med81_154","Med81_155","Med81_156","Med81_157","Med81_158","Med81_159","Med81_160","Med81_161","Med81_162","Med81_163","Med81_164","Med81_165","Med81_166","Med81_167","Med81_168","Med81_169","Med81_170","Med81_171","Med81_172","Med81_173","Med81_174","Med81_175","Med81_176","Med81_177","Med81_178","Med81_179","Med81_180","Med81_181","Med81_182","Med81_183","Med81_184","Med81_185","Med81_186","Med81_187","Med81_188","Med81_189","Med81_190","Med81_191","Med81_192","Med81_193","Med81_194","Med81_195","Med81_196","Med81_197","Med81_198","Med81_199","Med81_200","Med81_201","Med81_202","Med81_203","Med81_204","Med81_205","Med81_206","Med81_207","Med81_208","Med81_209","Med81_210","Med81_211","Med81_212","Med81_213","Med81_214","Med81_215","Med81_216","Med81_217","Med81_218","Med81_219","Med81_220","Med81_221","Med81_222","Med81_223","Med81_224","Med81_225","Med81_226","Med81_227","Med81_228","Med81_229","Med81_230","Med81_231","Med81_232","Med81_233","Med81_234","Med81_235","Med81_236","Med81_237","Med81_238","Med81_239","Med81_240","Med81_241","Med81_242","Med81_243","Med81_244","Med81_245","Med81_246","Med81_247","Med81_248","Med81_249","Med81_250","Med81_251","Med81_252","Med81_253","Med81_254","Med81_255","Med81_256","Lat81_1","Lat81_2","Lat81_3","Lat81_4","Lat81_5","Lat81_6","Lat81_7","Lat81_8","Lat81_9","Lat81_10","Lat81_11","Lat81_12","Lat81_13","Lat81_14","Lat81_15","Lat81_16","Lat81_17","Lat81_18","Lat81_19","Lat81_20","Lat81_21","Lat81_22","Lat81_23","Lat81_24","Lat81_25","Lat81_26","Lat81_27","Lat81_28","Lat81_29","Lat81_30","Lat81_31","Lat81_32","Lat81_33","Lat81_34","Lat81_35","Lat81_36","Lat81_37","Lat81_38","Lat81_39","Lat81_40","Lat81_41","Lat81_42","Lat81_43","Lat81_44","Lat81_45","Lat81_46","Lat81_47","Lat81_48","Lat81_49","Lat81_50","Lat81_51","Lat81_52","Lat81_53","Lat81_54","Lat81_55","Lat81_56","Lat81_57","Lat81_58","Lat81_59","Lat81_60","Lat81_61","Lat81_62","Lat81_63","Lat81_64","Lat81_65","Lat81_66","Lat81_67","Lat81_68","Lat81_69","Lat81_70","Lat81_71","Lat81_72","Lat81_73","Lat81_74","Lat81_75","Lat81_76","Lat81_77","Lat81_78","Lat81_79","Lat81_80","Lat81_81","Lat81_82","Lat81_83","Lat81_84","Lat81_85","Lat81_86","Lat81_87","Lat81_88","Lat81_89","Lat81_90","Lat81_91","Lat81_92","Lat81_93","Lat81_94","Lat81_95","Lat81_96","Lat81_97","Lat81_98","Lat81_99","Lat81_100","Lat81_101","Lat81_102","Lat81_103","Lat81_104","Lat81_105","Lat81_106","Lat81_107","Lat81_108","Lat81_109","Lat81_110","Lat81_111","Lat81_112","Lat81_113","Lat81_114","Lat81_115","Lat81_116","Lat81_117","Lat81_118","Lat81_119","Lat81_120","Lat81_121","Lat81_122","Lat81_123","Lat81_124","Lat81_125","Lat81_126","Lat81_127","Lat81_128","Lat81_129","Lat81_130","Lat81_131","Lat81_132","Lat81_133","Lat81_134","Lat81_135","Lat81_136","Lat81_137","Lat81_138","Lat81_139","Lat81_140","Lat81_141","Lat81_142","Lat81_143","Lat81_144","Lat81_145","Lat81_146","Lat81_147","Lat81_148","Lat81_149","Lat81_150","Lat81_151","Lat81_152","Lat81_153","Lat81_154","Lat81_155","Lat81_156","Lat81_157","Lat81_158","Lat81_159","Lat81_160","Lat81_161","Lat81_162","Lat81_163","Lat81_164","Lat81_165","Lat81_166","Lat81_167","Lat81_168","Lat81_169","Lat81_170","Lat81_171","Lat81_172","Lat81_173","Lat81_174","Lat81_175","Lat81_176","Lat81_177","Lat81_178","Lat81_179","Lat81_180","Lat81_181","Lat81_182","Lat81_183","Lat81_184","Lat81_185","Lat81_186","Lat81_187","Lat81_188","Lat81_189","Lat81_190","Lat81_191","Lat81_192","Lat81_193","Lat81_194","Lat81_195","Lat81_196","Lat81_197","Lat81_198","Lat81_199","Lat81_200","Lat81_201","Lat81_202","Lat81_203","Lat81_204","Lat81_205","Lat81_206","Lat81_207","Lat81_208","Lat81_209","Lat81_210","Lat81_211","Lat81_212","Lat81_213","Lat81_214","Lat81_215","Lat81_216","Lat81_217","Lat81_218","Lat81_219","Lat81_220","Lat81_221","Lat81_222","Lat81_223","Lat81_224","Lat81_225","Lat81_226","Lat81_227","Lat81_228","Lat81_229","Lat81_230","Lat81_231","Lat81_232","Lat81_233","Lat81_234","Lat81_235","Lat81_236","Lat81_237","Lat81_238","Lat81_239","Lat81_240","Lat81_241","Lat81_242","Lat81_243","Lat81_244","Lat81_245","Lat81_246","Lat81_247","Lat81_248","Lat81_249","Lat81_250","Lat81_251","Lat81_252","Lat81_253","Lat81_254","Lat81_255","Lat81_256"
1.dcm,1981,311,113,253,431,58,223,340,124,7,19,18,243,21,209,242,333,38,21,30,47,9,22,23,266,22,23,31,272,16,202,218,96,15,11,14,20,0,11,10,15,2,1,5,21,1,16,23,244,27,20,25,21,4,13,8,358,39,46,52,287,21,286,271,432,43,19,21,78,10,22,18,33,1,2,0,50,3,26,13,64,5,3,0,7,3,1,2,31,3,5,6,33,7,27,11,204,12,9,13,23,2,15,9,21,3,1,1,32,4,28,16,310,20,16,11,27,3,10,8,545,31,46,21,400,15,290,140,113,242,22,371,34,49,23,569,7,5,3,28,16,12,30,420,20,23,1,37,1,1,1,33,8,13,1,33,6,7,21,233,9,20,2,29,0,2,1,48,3,4,1,3,2,4,9,52,15,24,4,40,0,1,1,30,29,28,4,74,16,16,49,462,185,245,21,284,44,31,34,372,4,14,4,18,21,10,29,293,17,15,1,17,3,3,1,29,16,13,3,8,20,10,13,122,160,136,18,258,24,15,24,232,31,20,6,38,33,16,47,345,179,157,14,204,23,4,9,111,383,228,77,451,255,116,323,1962,1901,348,152,246,407,55,246,319,130,18,8,21,240,26,247,246,343,37,15,33,54,7,24,27,263,25,22,32,295,21,230,249,123,9,4,7,20,1,17,8,14,2,3,4,19,2,20,24,222,32,7,10,19,0,8,15,378,46,33,35,388,25,368,254,392,46,21,24,64,5,48,28,27,2,0,2,38,4,24,24,50,3,0,0,1,2,1,2,24,3,0,4,24,2,19,15,230,15,11,11,34,5,18,11,17,3,1,0,42,1,29,9,283,28,9,9,31,3,13,6,354,25,15,19,384,19,267,117,110,231,24,360,20,22,24,350,8,9,0,33,12,8,31,335,11,24,1,42,0,6,2,22,10,17,1,38,11,9,27,254,17,16,3,21,3,2,5,18,1,1,2,8,1,2,4,48,20,24,3,37,2,0,0,15,27,36,7,85,27,18,49,411,187,250,22,417,39,29,35,377,16,7,4,31,15,8,29,274,14,22,3,29,3,1,1,12,6,8,3,28,13,5,19,134,196,218,35,340,20,18,31,253,21,11,2,48,28,13,39,352,196,194,24,237,27,13,15,130,309,254,43,386,272,118,358,1907
2.dcm,1829,320,110,220,325,49,188,240,113,15,13,6,168,18,103,134,282,42,7,18,44,4,14,17,180,16,13,28,209,16,114,122,116,13,2,15,19,3,5,8,29,1,4,0,28,3,16,11,238,21,7,20,19,3,10,10,416,34,40,38,267,24,212,184,379,33,20,17,92,11,25,23,25,3,0,2,45,5,25,16,47,6,2,2,11,1,4,4,19,3,1,3,24,4,15,17,181,16,9,7,33,3,11,7,42,4,4,5,37,3,19,18,235,21,12,6,25,4,7,5,469,29,31,21,397,26,233,107,131,189,22,382,22,31,29,466,6,13,1,29,8,17,19,302,17,33,1,46,1,5,1,33,16,8,3,28,8,8,14,171,11,18,2,33,3,3,4,42,1,4,0,10,5,1,4,61,19,25,3,38,2,4,2,18,27,36,12,67,18,15,43,352,163,188,25,295,43,29,38,359,11,9,2,21,13,12,24,227,14,24,2,34,5,1,6,18,11,6,1,12,11,4,13,120,150,117,16,196,23,18,24,240,23,12,6,48,17,27,25,304,121,133,25,189,18,8,14,131,271,205,51,352,218,131,300,1883,1628,297,105,188,339,42,205,212,107,12,10,18,206,17,190,162,296,31,16,16,38,4,20,14,216,26,19,26,323,9,198,165,117,22,8,15,24,0,12,7,16,3,1,3,34,1,20,25,211,22,3,12,21,1,7,4,358,32,20,24,418,28,352,229,356,61,22,22,48,6,37,45,18,0,0,2,27,0,15,17,36,3,1,4,5,0,3,0,10,1,1,2,18,5,18,11,225,25,7,12,28,1,16,7,20,2,0,1,33,3,24,17,191,18,13,3,38,5,9,4,286,25,15,13,356,20,261,104,118,202,14,327,13,23,16,287,9,9,2,23,10,7,18,264,16,21,2,31,2,1,0,20,10,18,6,32,7,14,19,197,9,14,1,24,0,1,2,18,2,2,1,2,1,2,6,36,16,24,2,22,0,2,1,11,29,35,5,59,41,19,43,348,200,310,23,466,28,23,26,280,8,11,2,35,10,9,18,229,14,21,2,19,0,2,3,19,7,13,1,22,11,10,15,123,160,204,25,341,31,16,24,248,20,22,6,59,19,5,31,287,199,198,20,216,14,14,21,102,244,216,39,356,226,107,267,1690
3.dcm,1392,247,77,236,402,43,201,385,87,8,9,11,223,17,217,249,210,21,12,21,38,2,13,16,186,12,8,19,250,18,184,227,71,13,5,16,7,0,11,11,13,4,0,2,6,2,13,12,206,26,8,23,13,1,9,10,467,34,33,28,381,13,287,236,362,31,11,15,66,7,20,27,20,1,1,0,52,1,17,9,40,1,0,0,9,2,2,0,30,5,1,0,26,1,13,7,202,12,5,8,22,1,9,3,26,1,1,1,26,0,15,7,357,18,7,11,14,0,3,5,783,22,33,28,480,13,228,89,91,214,10,465,23,20,27,769,8,5,0,19,5,9,21,465,12,9,2,43,2,0,0,24,2,7,1,29,12,7,10,243,4,8,1,25,1,2,2,41,2,2,0,3,0,0,1,41,8,19,2,35,2,1,1,20,12,27,3,66,13,10,21,412,244,263,12,390,37,25,36,505,2,6,2,24,28,10,14,250,10,12,0,13,1,1,0,9,10,6,0,10,10,7,9,94,175,181,10,310,21,5,15,231,16,11,0,33,18,12,34,224,203,191,11,222,15,10,7,85,408,245,28,369,218,61,227,1352,1376,282,93,219,353,24,239,271,75,13,5,16,212,11,208,187,259,29,8,25,47,0,19,16,232,19,8,20,413,16,268,226,91,13,10,6,16,2,10,9,10,1,0,0,23,1,23,12,213,21,8,13,24,0,9,13,404,33,16,21,594,20,447,236,365,38,21,28,70,5,37,30,13,0,1,0,22,2,20,7,32,3,2,3,3,2,0,0,15,0,0,0,23,1,14,4,227,17,13,10,39,2,23,19,14,1,0,1,25,1,31,7,267,18,7,8,33,0,11,5,400,17,13,10,388,9,246,90,82,219,7,410,16,10,16,349,7,15,0,23,8,16,14,319,10,25,2,20,0,1,1,19,10,18,0,48,12,11,15,245,4,6,0,17,0,0,0,8,1,4,0,4,1,0,2,46,13,11,1,31,2,1,0,12,22,41,1,63,28,18,57,330,213,398,27,634,17,25,32,423,9,7,0,20,14,4,10,248,14,17,1,22,0,1,2,12,7,13,0,18,7,4,7,91,202,288,18,486,28,10,26,233,14,15,1,42,20,15,35,271,230,205,20,234,5,8,12,81,288,252,28,341,223,91,226,1418
4.dcm,1676,277,87,260,417,54,227,369,104,9,9,15,221,13,202,263,269,25,12,36,45,4,18,19,237,25,18,24,264,14,221,227,93,17,6,15,16,1,8,19,16,0,2,4,21,0,24,16,243,31,13,20,16,0,9,11,402,35,28,42,355,16,307,250,364,39,11,19,65,6,23,26,29,1,1,1,45,0,25,16,58,2,1,1,6,0,2,3,36,0,2,1,29,2,14,11,218,22,11,7,33,2,8,9,25,0,1,2,31,1,16,12,377,31,12,12,17,0,9,6,562,25,32,20,388,11,244,106,96,194,17,408,24,32,25,636,5,9,1,15,10,14,18,455,16,23,2,26,0,4,3,23,6,10,2,19,17,12,14,238,10,13,1,33,2,1,3,29,0,1,2,5,0,1,2,49,7,27,2,39,1,1,0,19,21,26,8,75,26,13,38,418,238,273,17,380,32,27,34,415,13,14,7,19,32,11,15,261,23,20,0,15,3,0,3,17,15,11,0,9,8,5,11,99,187,186,19,293,19,22,17,222,27,13,9,41,18,8,35,300,244,171,17,236,22,10,12,99,378,234,50,396,263,118,283,1691,1902,290,116,218,431,39,214,244,108,17,4,16,210,15,153,140,303,26,12,16,41,3,11,21,217,20,19,31,267,20,175,159,106,14,10,6,14,2,9,8,17,3,1,1,28,3,20,19,200,23,11,13,25,1,6,7,442,39,35,27,561,29,315,239,440,61,21,21,96,6,44,31,15,3,1,3,35,3,34,21,43,3,2,0,9,0,2,2,28,1,1,1,28,1,10,10,217,8,10,17,51,2,13,15,24,1,1,5,41,2,27,19,229,29,10,3,31,3,12,4,369,25,19,23,470,22,245,116,91,229,23,467,23,19,30,407,6,16,7,38,10,5,19,281,10,14,2,43,2,3,1,29,14,19,4,37,7,6,17,244,7,12,5,22,3,0,4,29,3,5,1,13,0,2,7,40,15,26,4,39,1,2,1,23,29,39,5,119,25,25,55,440,180,261,36,556,34,32,35,481,11,9,4,25,13,14,16,239,16,21,1,33,0,2,2,16,13,15,0,24,12,5,14,119,136,154,13,281,29,14,29,249,13,16,1,49,18,15,35,303,142,127,20,202,19,17,12,98,266,246,47,435,218,98,282,1867
5.dcm,2733,484,149,382,577,69,337,390,172,23,16,25,293,28,242,220,533,70,21,40,72,5,31,30,315,41,27,49,314,38,234,225,134,19,7,16,29,4,13,12,17,4,2,2,31,2,25,26,295,35,17,30,25,3,11,17,440,51,44,56,395,34,393,329,627,61,25,32,117,6,56,44,31,3,3,2,64,4,47,37,89,3,3,4,12,3,7,6,53,3,4,6,47,4,24,18,290,34,16,9,35,4,20,19,37,1,2,2,38,5,42,18,378,35,11,13,44,1,10,10,586,32,34,40,475,29,324,161,170,270,27,508,28,44,39,555,9,19,6,30,16,12,30,466,24,28,6,65,3,1,3,47,11,16,2,52,15,15,24,340,16,22,1,46,2,2,5,43,3,4,1,14,5,4,5,56,41,36,6,59,4,0,1,22,37,34,9,108,37,26,68,568,306,333,36,461,51,44,58,507,18,10,2,30,34,10,34,396,23,24,4,46,5,4,4,26,13,16,3,30,12,6,23,187,232,217,30,380,41,28,31,343,38,25,6,70,42,18,64,493,243,233,37,336,30,18,18,142,455,340,79,603,337,140,510,2791,2771,502,139,349,625,69,272,291,171,26,19,25,309,25,207,217,467,61,19,32,76,6,31,26,334,42,25,35,403,24,214,200,140,20,14,14,31,3,11,12,25,4,6,4,49,6,29,39,314,31,14,19,30,1,17,13,551,63,52,54,678,39,489,390,643,77,30,56,123,12,67,42,30,3,3,0,48,4,41,25,78,8,3,4,6,0,2,5,40,5,3,5,34,3,31,14,271,32,18,13,44,7,22,18,32,8,8,2,51,4,48,32,278,25,16,13,43,0,9,7,462,37,36,38,573,26,397,205,131,301,26,519,22,22,23,430,9,20,6,47,18,17,38,332,16,31,6,46,5,4,5,32,11,33,5,63,24,14,29,332,15,12,1,33,2,3,7,29,5,3,2,9,2,3,7,79,20,28,7,56,2,2,0,17,45,45,12,117,51,32,97,632,257,399,37,656,42,32,54,539,10,8,4,49,15,16,37,364,19,25,4,42,2,2,4,24,14,10,4,27,14,12,24,159,170,211,23,469,31,17,35,318,32,31,7,74,32,13,56,497,184,169,21,312,22,19,18,121,348,284,59,597,324,140,499,2771
6.dcm,1697,272,125,296,518,49,266,453,99,10,5,20,311,14,233,291,285,32,11,25,51,1,12,17,294,15,17,24,396,20,241,259,111,4,4,11,16,3,11,6,16,0,1,0,22,3,15,16,281,36,12,15,20,2,6,8,870,43,42,59,849,31,449,315,479,26,20,17,106,10,34,37,18,0,2,1,47,1,33,13,47,2,1,1,7,0,0,2,24,0,2,1,36,0,16,12,270,13,4,10,42,1,14,13,34,2,1,0,56,0,23,14,460,29,7,11,37,0,7,3,1148,26,25,24,909,16,290,103,126,295,22,863,18,32,20,1145,8,9,1,24,10,8,29,533,8,25,1,31,0,1,3,28,8,13,1,29,8,3,17,325,12,16,2,38,0,1,0,34,2,0,0,3,1,0,2,38,11,32,4,48,1,2,1,17,28,38,6,113,15,17,31,474,277,385,17,773,59,38,44,930,9,5,0,24,15,10,32,321,18,13,3,25,3,1,0,17,10,10,1,16,11,3,10,93,211,244,12,425,19,12,27,304,20,13,3,36,23,12,22,259,275,255,7,297,11,12,14,128,527,267,50,539,328,115,258,1728,1640,315,114,286,441,31,301,393,109,12,7,8,310,15,304,345,284,32,11,21,49,5,16,22,285,31,10,16,588,25,435,313,100,12,5,9,23,2,17,10,14,2,3,2,31,2,23,14,291,22,12,16,38,3,11,9,668,32,20,35,1126,24,667,352,443,42,17,28,62,3,45,47,10,2,0,0,34,2,18,17,36,2,0,0,4,0,4,1,24,2,2,0,28,0,22,9,317,27,14,24,48,2,28,15,16,0,1,2,39,0,23,14,418,13,13,5,38,1,18,5,648,22,12,20,675,15,335,106,105,332,11,649,8,15,19,644,8,10,1,28,9,14,20,462,9,26,2,39,1,1,2,23,13,26,2,42,14,16,15,319,10,16,1,28,0,0,3,14,0,2,0,3,0,2,0,32,17,26,1,37,1,1,2,13,33,38,5,58,31,24,50,434,263,625,23,1062,29,28,34,689,6,13,0,29,15,7,22,304,25,21,1,16,2,3,3,4,8,9,2,21,8,3,12,123,336,430,24,658,14,17,22,348,24,14,7,35,26,14,30,270,348,317,29,312,15,3,8,99,468,352,32,446,341,122,317,1638
7.dcm,1865,383,116,281,475,54,252,366,108,10,14,14,257,25,245,282,350,35,25,34,48,1,25,20,269,28,14,33,305,24,297,261,90,13,5,14,13,2,15,10,17,1,2,3,22,6,11,21,315,27,7,20,14,1,4,13,446,44,36,43,504,28,388,287,453,52,13,23,91,2,31,19,23,0,4,0,54,2,44,17,55,3,4,3,6,0,3,2,26,0,2,2,35,3,23,13,249,20,8,7,33,6,17,14,31,4,0,2,35,0,31,14,372,17,10,12,27,5,6,8,567,31,15,27,486,18,308,110,125,281,16,494,19,24,32,594,7,8,0,30,12,12,28,434,10,32,3,31,2,1,2,28,9,8,3,24,7,8,21,320,7,21,1,31,1,0,3,35,1,2,1,4,3,0,11,55,18,35,1,39,1,3,0,23,26,31,6,78,31,16,45,471,239,322,39,465,49,40,41,511,12,7,3,23,21,8,35,301,18,20,3,33,2,2,1,19,11,12,4,19,7,7,14,119,217,238,31,415,37,11,31,312,22,15,3,48,28,14,48,334,250,255,20,277,14,7,12,126,410,252,53,444,289,114,355,1900,1982,346,113,248,443,45,269,330,123,20,7,15,273,14,262,259,341,27,13,34,62,3,22,19,302,34,16,36,381,20,305,268,112,19,14,16,32,0,14,16,12,5,3,2,31,1,22,24,256,26,16,13,31,0,16,13,468,30,16,30,618,30,490,309,487,59,32,28,84,5,39,31,8,0,0,2,36,2,26,27,41,7,0,2,3,0,2,2,28,4,1,2,27,2,21,15,241,31,12,3,47,5,27,11,21,1,3,1,41,2,39,14,290,16,9,13,31,2,13,13,410,23,16,10,497,20,317,138,120,260,14,415,11,28,21,339,5,12,1,40,9,11,24,362,12,39,0,38,3,3,3,19,17,22,4,40,8,14,29,266,14,20,1,28,1,2,1,28,2,3,1,7,3,4,5,49,28,31,3,26,2,2,2,19,39,46,5,72,37,25,44,480,258,392,33,576,34,20,26,426,13,14,0,39,12,9,22,301,21,29,0,25,1,4,1,12,10,11,1,19,13,5,17,146,232,280,19,470,32,16,25,284,19,25,6,66,35,12,37,354,224,240,25,281,16,16,12,113,333,272,49,465,301,120,325,1980
8.dcm,2238,417,134,273,409,55,251,332,122,21,9,21,254,24,216,237,406,51,18,43,50,6,24,34,246,27,17,37,261,18,196,215,144,17,7,19,21,2,15,16,30,2,1,2,22,6,26,25,270,26,17,17,29,1,12,6,425,49,45,49,344,25,310,259,401,43,14,25,83,10,28,37,27,1,4,3,39,4,27,17,68,2,1,2,12,0,1,1,32,1,1,0,34,3,21,13,227,20,9,14,34,4,18,13,35,2,5,1,41,3,25,20,312,26,10,13,35,2,12,6,476,42,30,23,448,32,285,122,137,254,37,404,19,36,33,508,8,12,1,33,12,11,23,398,13,23,6,48,2,4,4,38,10,15,1,35,9,11,31,255,20,19,5,44,2,2,0,36,3,3,4,12,5,0,4,61,19,37,2,37,4,1,1,28,32,25,9,74,26,20,41,417,255,245,19,345,46,44,40,410,18,9,4,25,24,16,35,319,23,25,4,29,3,1,3,29,7,20,2,11,18,8,19,126,204,191,24,311,30,20,32,288,38,27,7,38,31,19,59,418,217,208,26,279,18,14,15,140,374,282,70,432,295,146,413,2261,2052,338,150,243,462,44,239,240,117,20,15,20,227,17,210,193,316,43,12,19,63,2,18,23,261,32,16,26,372,26,265,188,152,13,4,9,23,1,7,14,19,1,0,2,26,3,22,18,260,25,12,11,29,1,10,6,559,54,32,36,671,35,408,244,459,59,33,31,94,9,56,35,22,1,0,2,36,2,22,15,54,5,1,3,7,0,3,1,18,1,1,3,38,3,26,15,196,21,15,12,54,2,12,10,35,1,0,1,37,2,33,16,244,24,9,9,54,3,17,8,425,35,19,21,564,27,264,122,105,297,13,562,18,18,21,417,9,10,3,39,12,7,22,262,20,21,5,41,1,0,2,41,17,22,2,43,9,10,19,261,8,19,1,26,1,3,3,23,0,6,1,13,5,3,5,44,17,28,2,43,5,6,2,17,31,46,8,92,28,30,55,454,229,342,33,713,36,28,41,576,8,10,3,43,16,5,32,289,22,17,2,32,2,0,2,20,8,7,2,33,8,4,14,133,178,204,27,387,31,23,19,278,16,14,3,54,24,22,41,335,153,171,23,263,16,15,20,118,301,264,50,446,270,125,375,2081
9.dcm,2082,393,127,271,425,55,284,384,124,13,15,16,238,21,265,368,413,48,15,31,49,8,13,17,241,40,19,33,298,27,293,277,127,21,8,11,19,2,11,13,20,5,2,3,33,1,19,28,308,40,10,22,26,3,10,10,352,30,25,35,354,22,340,278,387,44,21,27,61,6,24,32,20,3,5,1,39,2,34,23,69,4,3,4,7,0,1,0,24,3,0,3,27,1,23,16,279,26,2,14,33,5,16,13,20,4,4,3,39,2,26,15,391,24,9,14,27,3,5,7,391,26,32,18,375,23,272,137,141,266,19,337,16,26,30,384,5,13,3,34,9,12,24,429,11,29,1,34,3,1,3,39,14,18,2,39,9,5,29,333,18,24,5,32,1,2,1,24,7,8,0,13,5,1,5,57,31,31,8,31,1,0,3,21,20,37,5,49,18,15,53,389,275,324,27,340,35,36,37,349,12,12,1,20,11,13,21,317,28,24,0,23,2,5,5,18,11,13,1,16,13,6,17,142,304,279,29,372,36,27,32,302,21,30,4,48,33,25,51,431,365,328,27,311,25,19,13,155,464,301,62,402,328,156,406,2017,2346,419,136,261,387,75,233,262,153,21,13,20,256,37,217,210,436,60,31,30,56,4,26,26,283,34,27,27,319,29,215,234,135,22,9,9,21,3,14,14,17,2,3,5,29,1,20,29,253,38,12,20,33,0,9,16,324,54,33,34,368,36,339,257,457,54,38,31,71,10,40,38,28,7,1,1,45,2,34,29,60,7,2,1,4,2,3,4,32,3,3,2,35,4,31,18,234,25,20,11,31,10,36,13,29,1,1,3,39,1,47,25,268,31,13,15,31,4,14,8,310,25,43,20,349,17,291,169,126,297,22,362,18,26,28,321,14,17,1,35,17,18,28,232,24,38,5,40,5,6,2,19,13,19,3,32,15,11,32,251,16,18,3,28,1,2,2,35,3,4,2,5,4,3,11,61,16,32,1,47,3,1,3,19,26,42,10,61,32,22,61,438,246,304,34,400,35,24,31,388,13,12,4,35,19,13,36,273,24,16,2,35,8,5,3,18,15,12,4,32,19,9,15,137,187,225,21,362,32,35,46,280,31,24,10,47,41,16,49,450,234,236,25,276,20,17,28,149,299,243,73,441,281,132,459,2382
10.dcm,1589,263,93,214,366,45,162,271,100,11,16,12,177,17,143,152,259,32,12,20,23,2,20,19,195,14,15,22,224,17,154,128,94,10,7,12,13,4,7,7,15,2,3,2,26,4,14,12,217,21,17,15,11,3,9,5,381,37,28,34,318,21,211,196,362,40,19,16,76,5,32,22,16,3,1,1,30,2,28,15,45,4,2,1,8,1,3,1,29,4,3,2,23,3,17,9,189,10,3,7,32,0,9,2,28,1,2,2,37,0,13,9,221,19,8,7,23,0,7,5,484,30,26,21,412,11,220,104,99,183,21,427,21,22,34,488,10,9,1,22,8,7,14,296,10,23,1,35,2,2,3,18,5,7,1,32,7,3,19,180,13,11,1,33,1,1,0,25,0,1,0,7,3,3,2,43,14,29,1,38,2,0,1,16,30,23,5,90,17,12,36,374,143,193,13,324,42,31,35,443,10,6,2,18,14,5,34,220,10,13,2,23,2,4,6,20,6,5,2,9,14,8,9,95,118,111,22,200,15,19,28,186,16,20,4,37,26,10,28,244,120,118,15,182,14,9,10,94,288,183,55,406,242,93,283,1613,1765,313,105,195,349,38,185,147,105,28,9,18,199,17,167,169,286,41,13,25,52,5,10,20,192,32,14,14,266,18,196,162,94,6,6,10,17,3,12,6,16,0,2,1,25,3,28,16,187,22,4,11,29,5,11,12,281,34,20,26,315,34,306,239,329,45,28,28,54,5,28,26,23,3,1,0,15,3,28,21,32,7,6,2,9,0,2,1,23,2,1,2,26,1,19,12,161,21,15,10,31,3,19,12,15,2,3,1,24,3,16,13,183,12,7,9,23,0,10,11,201,20,26,15,300,11,220,122,103,200,18,267,21,20,17,241,16,10,3,25,6,4,20,206,20,26,2,23,2,6,1,17,14,19,3,42,10,6,21,173,5,15,3,27,3,4,2,19,1,3,3,4,4,4,8,44,15,27,0,28,0,2,0,18,24,37,7,64,28,19,62,329,197,266,25,326,21,21,30,263,9,15,7,25,10,11,31,198,4,21,0,35,1,1,2,18,11,11,0,25,6,4,12,109,151,167,29,293,20,22,18,218,22,23,2,52,18,12,31,334,165,143,19,197,12,13,17,105,223,179,44,316,202,101,342,1763
11.dcm,1454,233,95,218,374,39,211,337,94,3,10,15,222,9,236,264,241,26,15,24,35,2,18,17,207,18,10,21,282,16,308,271,97,19,4,10,11,2,4,6,15,3,1,4,8,1,10,18,187,18,14,18,16,1,12,10,443,32,25,46,379,23,361,237,397,33,14,22,60,3,28,20,20,0,1,0,39,1,31,16,55,2,2,0,3,0,2,1,34,0,0,1,24,0,16,9,227,14,8,10,27,0,5,3,16,0,0,0,32,1,21,10,333,20,9,9,25,0,6,4,694,29,24,17,462,12,230,102,96,204,9,466,17,39,19,716,7,8,0,23,10,15,19,435,9,18,2,36,2,2,1,22,8,3,3,20,4,8,16,250,4,20,1,40,1,2,3,33,2,1,0,4,1,1,3,38,6,20,1,47,2,1,0,24,25,22,5,65,17,10,25,361,250,267,21,424,42,30,18,490,8,8,3,12,19,7,21,269,10,15,0,15,1,1,1,10,17,5,1,16,5,4,11,95,206,230,13,308,13,19,10,232,17,13,1,30,21,12,24,262,248,248,16,243,10,8,10,109,431,208,39,362,252,98,227,1420,1296,221,84,230,414,22,214,307,86,6,8,17,256,13,264,282,218,31,1,21,39,7,13,15,234,33,11,26,353,15,286,267,90,13,2,5,20,1,12,4,6,2,2,1,14,1,14,9,225,12,6,11,25,0,4,3,503,34,25,24,635,20,426,245,363,35,10,21,79,5,33,29,14,0,0,0,21,3,29,18,37,3,2,0,2,0,0,2,15,1,3,0,16,1,12,6,226,9,5,6,38,1,14,12,13,0,0,1,29,2,24,4,319,12,6,7,32,1,14,3,517,18,21,9,532,11,254,95,73,219,10,530,7,6,12,493,6,8,0,36,7,6,9,379,16,20,1,28,0,1,0,21,9,21,1,34,5,7,13,264,3,14,0,20,0,0,0,21,2,0,0,6,1,0,2,19,17,20,1,30,2,1,2,8,24,36,3,70,20,16,35,363,210,319,27,710,30,25,26,540,8,8,3,24,8,5,18,244,8,18,0,18,2,2,0,14,4,6,0,15,6,6,9,88,216,217,13,384,29,13,22,232,22,14,2,32,22,10,24,233,251,222,6,236,11,6,5,76,367,249,32,384,230,78,232,1324
12.dcm,1204,238,81,216,370,38,215,336,74,7,4,8,252,9,224,248,246,19,4,11,38,1,10,20,208,15,17,26,320,9,309,243,78,12,2,10,10,1,8,11,8,0,0,1,16,0,14,10,217,27,7,14,18,1,10,6,452,36,23,23,449,17,392,261,336,27,10,19,71,4,21,21,14,0,1,2,35,1,29,8,37,1,0,0,5,0,0,1,26,1,1,0,13,2,14,4,229,13,6,5,27,0,9,6,14,0,0,1,36,1,21,5,375,20,7,10,18,1,6,2,583,21,21,17,490,8,217,80,70,192,5,519,22,26,18,719,4,8,2,16,6,9,13,385,5,18,1,17,0,0,1,14,8,6,2,30,4,3,10,255,2,9,0,29,0,1,0,14,0,1,1,5,3,2,3,27,10,13,2,28,0,1,1,24,16,24,5,59,15,9,33,365,200,299,24,505,38,19,32,499,11,7,1,12,21,8,15,238,10,8,0,15,2,1,0,9,11,5,2,14,10,4,12,82,196,238,13,334,18,13,23,205,17,14,1,26,27,10,30,204,243,227,17,218,15,7,4,70,369,257,29,355,236,66,220,1237,1189,181,95,200,373,21,226,272,76,5,8,8,215,9,190,266,210,26,10,15,50,4,8,13,188,18,15,18,430,17,270,217,91,4,6,4,14,0,7,10,7,2,1,1,21,2,14,10,225,7,5,11,34,2,10,8,499,30,11,24,896,24,453,202,341,37,18,31,71,2,46,26,12,0,1,0,16,1,20,10,23,2,2,1,4,0,0,1,10,2,2,1,16,0,9,4,235,15,4,8,50,1,25,10,11,1,0,1,28,1,14,8,281,10,12,7,35,0,11,5,356,11,16,13,478,8,234,66,75,208,10,449,12,15,9,454,1,10,0,38,4,3,5,336,10,19,0,19,0,0,0,16,5,18,1,45,15,9,16,222,5,11,2,13,1,0,0,14,0,0,0,1,2,2,1,17,12,7,1,14,0,0,0,11,22,39,3,47,38,18,42,384,215,401,25,847,18,19,17,496,10,9,2,23,7,5,15,200,8,14,0,21,1,0,1,6,15,8,1,19,9,4,5,82,189,233,14,407,20,11,16,224,12,15,0,37,15,5,21,174,219,209,5,233,12,8,4,71,338,217,25,388,223,94,205,1230
13.dcm,2042,358,145,336,465,51,300,462,135,12,15,18,305,19,328,359,347,46,16,33,46,7,27,19,313,25,22,22,407,20,406,302,137,13,11,17,14,1,19,11,19,2,1,4,27,1,17,23,354,28,15,23,22,0,20,21,506,36,39,48,532,26,444,363,524,44,28,31,94,5,35,35,26,0,4,3,61,1,33,23,47,5,0,3,8,2,1,3,34,2,0,1,45,2,31,17,304,23,19,11,33,3,13,15,23,1,3,3,33,2,23,14,475,28,8,9,20,2,13,5,721,41,33,22,545,23,336,142,152,296,13,555,23,36,29,704,3,10,2,26,9,7,33,550,10,28,3,35,1,5,0,23,10,14,6,46,14,6,26,338,14,25,1,24,2,1,0,35,4,2,0,11,2,2,4,61,14,28,1,42,0,2,2,22,19,30,8,76,19,27,42,542,298,405,23,521,50,25,25,544,15,11,4,26,23,13,35,378,27,22,0,26,2,1,3,15,6,10,2,18,22,6,12,140,337,379,16,463,44,33,28,344,36,22,6,46,30,16,48,337,395,338,14,342,21,16,16,122,527,352,52,489,334,140,345,2052,1932,320,132,313,511,40,323,416,119,8,8,24,306,10,294,318,336,28,11,22,61,1,14,21,324,40,17,36,492,23,327,320,140,9,7,7,21,0,7,7,26,1,3,4,35,0,19,25,294,30,8,15,33,1,13,6,575,45,33,35,854,34,594,329,575,62,23,39,105,14,68,34,19,1,0,0,35,1,32,21,39,2,1,1,5,0,1,0,22,2,2,1,25,3,22,13,314,21,15,10,45,4,20,11,28,1,3,0,35,3,30,13,405,21,10,10,36,0,14,8,623,29,19,22,676,19,314,135,127,298,17,646,15,19,34,565,13,15,2,48,10,11,16,480,11,27,1,52,1,1,0,17,18,19,6,59,12,18,24,333,8,14,2,34,3,0,0,17,4,1,0,5,5,4,3,36,18,30,3,37,0,0,2,17,41,44,8,93,40,26,62,532,316,458,27,866,38,36,33,660,7,16,0,33,23,6,23,326,17,13,1,33,2,2,0,16,12,16,3,28,8,4,9,149,262,349,30,539,27,14,22,360,20,19,7,55,14,10,40,326,297,275,21,320,20,18,14,127,430,355,45,492,297,138,323,1949
14.dcm,1583,289,110,267,479,42,250,419,103,5,6,15,257,16,219,267,292,34,12,29,31,5,13,22,262,18,10,30,317,9,233,234,77,12,3,7,17,0,10,11,9,0,1,3,17,0,15,7,271,26,14,13,22,2,11,13,524,40,38,42,458,19,383,291,427,35,13,9,73,4,29,17,20,0,2,0,50,1,28,12,56,1,0,1,5,0,1,2,23,3,1,4,33,1,22,8,251,13,6,5,38,0,12,4,36,1,2,0,36,1,16,11,350,17,13,10,21,0,7,5,697,28,32,18,566,9,278,115,100,216,11,515,21,44,29,772,7,10,2,26,13,9,22,477,11,14,1,35,2,3,0,26,9,12,0,24,14,9,14,282,8,14,3,43,2,2,1,32,1,2,1,5,2,2,4,42,14,18,3,39,1,1,1,17,21,15,7,91,19,12,35,501,240,284,15,473,46,34,38,529,8,7,1,21,22,17,27,296,12,15,1,22,1,3,2,15,4,6,0,12,16,6,10,95,211,190,19,308,26,10,19,263,18,13,7,28,20,18,26,258,226,228,13,259,8,2,11,131,422,247,48,415,264,106,267,1584,1650,302,92,211,425,34,259,306,100,15,15,17,244,19,213,202,317,25,11,18,50,6,17,10,264,30,16,24,420,27,290,244,101,9,11,14,21,0,8,6,19,2,1,2,21,0,25,14,274,18,8,19,33,1,11,6,449,31,20,26,742,21,478,250,429,46,24,37,75,6,49,33,19,1,1,0,26,2,40,15,43,6,0,0,6,1,2,1,10,2,2,1,19,1,6,7,246,12,13,6,53,1,25,15,11,1,2,1,29,1,24,20,332,14,6,10,26,1,9,13,417,24,19,14,496,15,273,120,78,278,10,473,15,14,22,454,7,9,1,34,14,9,18,359,9,18,0,48,0,2,2,10,12,23,0,53,10,11,15,274,5,13,2,22,1,2,1,19,1,1,1,2,3,1,2,39,16,26,2,29,1,1,2,11,36,35,8,88,32,18,52,449,228,383,31,656,41,22,38,494,4,9,3,28,15,9,13,239,16,25,2,30,1,2,0,16,9,15,3,20,6,5,6,104,226,261,20,407,27,12,31,277,16,13,2,52,21,6,24,300,222,232,17,270,14,6,12,103,381,249,36,403,268,120,309,1659
15.dcm,1638,277,103,231,350,50,223,292,92,15,5,12,199,22,195,234,281,28,14,31,39,2,21,15,229,28,16,21,219,20,174,173,108,17,7,10,16,1,10,14,19,1,0,2,18,2,18,23,233,23,11,17,19,2,9,10,353,28,39,35,291,18,243,257,363,36,8,25,67,2,36,24,23,0,1,1,38,1,23,22,40,3,3,1,2,1,3,1,42,1,0,4,24,8,18,4,205,16,12,6,17,2,13,9,36,1,0,1,27,0,19,9,333,18,13,10,28,1,11,10,472,16,31,23,357,16,234,118,110,208,22,365,23,22,22,476,10,14,1,28,14,8,15,379,11,23,0,24,0,0,3,31,4,8,1,22,8,13,17,232,16,15,3,35,0,1,1,26,0,1,1,5,1,1,2,54,25,26,2,42,3,4,3,10,25,36,0,43,20,15,35,340,200,230,26,307,45,26,22,359,14,9,1,17,12,6,28,250,19,16,0,28,1,0,0,9,15,10,3,18,12,10,14,109,178,179,17,269,20,15,19,238,19,14,6,36,22,14,30,288,243,219,16,215,22,11,11,114,374,236,47,349,244,124,283,1665,1708,288,105,211,416,34,167,214,88,10,15,8,178,9,91,117,237,23,8,12,49,2,14,17,214,19,16,20,248,14,147,104,91,13,5,7,18,0,5,6,14,2,0,1,37,0,18,11,192,23,14,10,27,1,8,9,475,35,31,42,562,23,310,216,441,54,27,35,111,10,35,35,16,2,2,0,28,3,30,14,46,4,0,1,8,2,0,2,24,1,0,1,32,3,16,11,179,15,7,7,36,5,13,12,18,1,1,1,39,0,23,10,192,25,7,3,43,1,10,2,402,23,21,18,463,15,239,96,118,250,25,501,19,22,18,402,8,9,4,40,3,10,14,213,12,21,1,35,1,3,0,27,13,16,1,48,6,10,7,195,8,17,0,27,2,3,1,24,1,4,0,12,3,1,4,36,14,21,3,37,1,1,2,21,34,53,5,79,22,23,55,386,196,322,34,602,32,25,36,504,9,10,3,23,10,11,20,236,12,15,1,33,1,2,1,22,8,8,1,20,6,5,19,102,120,170,21,328,20,17,14,267,20,17,4,50,17,10,28,262,97,133,21,199,11,9,16,108,219,193,43,411,219,107,266,1757
16.dcm,1682,306,102,228,418,47,196,302,97,11,6,16,200,7,157,161,314,30,10,29,39,4,13,18,226,18,11,22,216,15,151,156,83,8,1,13,10,0,6,6,10,2,1,3,23,1,14,14,226,28,9,17,21,3,9,8,426,42,28,41,354,16,246,228,420,43,16,15,95,8,30,25,16,0,0,0,44,0,30,14,54,5,2,3,7,0,4,0,30,2,3,0,37,5,16,12,196,10,7,4,29,2,10,6,32,3,2,4,39,2,20,12,290,20,12,8,26,3,8,5,517,28,35,21,454,27,237,102,90,201,18,438,23,33,22,566,5,7,3,32,9,8,14,311,13,21,0,36,2,2,2,27,5,12,1,23,5,4,13,210,15,12,2,44,1,5,1,23,1,3,1,8,1,1,4,52,15,20,2,53,1,3,5,19,21,38,6,88,10,13,42,454,229,227,28,383,42,28,41,435,10,10,3,25,15,6,32,271,15,17,2,25,2,1,4,16,14,10,0,19,12,5,16,99,140,133,20,240,26,11,26,220,23,18,3,50,27,16,26,311,157,152,14,202,14,10,8,95,311,226,45,392,206,101,324,1751,1801,319,86,228,422,50,192,249,117,18,7,17,214,34,195,196,333,45,9,31,39,5,17,18,254,24,18,32,295,23,204,193,93,15,4,16,18,3,13,9,20,1,0,3,23,3,14,17,202,26,6,15,35,4,13,16,292,39,25,29,335,28,318,282,418,50,30,34,70,3,45,24,16,3,1,0,24,1,36,14,46,4,2,3,9,0,3,1,18,2,2,2,21,1,16,11,208,25,18,9,34,4,12,11,22,1,0,1,37,1,35,13,218,18,12,20,31,2,14,4,312,29,23,8,337,15,278,120,87,221,18,293,11,12,15,252,6,17,2,32,10,10,19,256,17,22,1,40,3,3,3,12,12,11,2,51,9,10,17,209,9,17,1,29,0,3,3,22,0,3,0,4,1,2,3,45,20,10,2,25,1,1,2,18,37,37,6,68,29,19,44,367,209,285,17,363,35,26,34,298,12,9,2,21,12,7,26,259,23,18,1,24,0,3,4,16,10,14,1,35,8,10,18,116,177,200,22,308,22,18,34,253,25,17,6,43,24,13,43,318,174,200,24,258,11,7,19,97,283,219,42,362,215,120,350,1805
17.dcm,2092,386,142,327,526,52,289,484,126,13,11,20,316,20,325,379,358,46,18,30,38,3,18,20,352,22,20,19,423,27,371,311,109,15,10,13,24,2,10,18,18,3,2,2,17,2,22,25,331,37,16,19,24,0,15,15,631,40,32,40,579,23,468,378,571,54,24,28,104,10,31,30,32,1,4,4,57,7,35,15,55,6,0,2,8,0,2,1,39,0,3,1,38,2,21,16,321,24,11,10,38,3,19,10,22,1,4,2,39,3,25,17,523,28,11,11,21,0,8,6,831,21,31,31,623,15,385,120,132,310,18,658,20,33,29,914,7,12,3,31,6,8,21,597,15,27,0,50,3,0,0,33,9,14,3,41,11,16,26,353,11,20,3,38,2,2,3,43,1,2,1,5,4,1,4,57,16,41,1,46,4,0,0,32,30,48,8,95,25,14,50,526,333,420,30,627,52,42,36,663,7,9,3,32,29,13,40,369,23,26,2,35,4,5,0,17,11,9,4,19,11,13,17,153,310,286,27,485,37,30,27,328,41,22,6,36,39,9,34,365,364,316,15,362,25,12,16,126,601,331,63,522,358,113,393,2135,2200,339,134,334,576,40,274,368,133,12,16,23,331,23,246,237,355,39,8,21,66,7,22,15,343,37,26,26,512,30,291,253,108,15,10,11,37,0,17,15,18,0,0,2,37,2,19,22,293,20,7,12,45,3,9,8,833,55,30,48,1090,46,622,348,548,69,31,37,111,10,64,53,16,1,0,0,62,1,42,16,43,4,4,2,4,1,0,3,19,1,2,1,32,0,25,8,288,17,6,9,57,1,26,8,33,1,0,2,44,1,37,15,348,24,8,11,48,1,12,5,633,28,23,23,816,20,412,139,131,308,20,751,14,27,27,645,9,12,1,38,8,12,27,415,23,40,0,55,0,3,3,33,16,16,1,75,12,11,27,330,7,19,5,31,2,2,1,27,3,3,0,2,5,1,4,42,15,24,1,34,0,2,1,21,40,41,10,93,37,32,62,564,289,440,40,1041,54,31,52,755,6,9,4,40,7,8,34,311,15,35,0,40,2,3,4,17,11,16,1,29,7,4,13,157,199,273,29,539,32,16,48,337,21,21,0,62,27,8,29,346,175,213,24,329,24,5,16,133,432,311,47,544,333,151,344,2171
18.dcm,1202,222,77,186,296,27,172,273,100,7,11,13,166,16,163,211,221,29,11,27,32,3,7,20,173,18,5,16,221,10,181,176,62,10,4,9,11,1,6,5,8,0,1,2,17,0,17,9,193,15,6,8,11,1,4,3,371,27,25,28,313,14,248,177,281,23,10,16,61,2,23,19,9,0,0,0,22,1,15,15,39,2,1,2,3,0,1,1,21,0,0,1,28,2,13,7,158,15,5,7,19,1,6,6,21,2,2,0,26,0,19,5,225,16,8,4,13,0,7,4,484,16,19,14,401,16,214,95,98,166,13,366,12,13,22,475,0,6,3,22,6,8,20,360,5,18,0,24,0,1,1,18,6,7,0,19,7,6,10,198,6,9,2,27,1,3,0,15,4,5,0,1,4,2,3,30,15,23,3,27,0,2,1,17,20,17,3,55,10,10,31,298,174,188,19,331,31,15,19,430,11,4,2,16,17,9,17,182,12,13,1,19,3,1,1,14,7,8,0,10,6,2,10,84,149,132,13,241,13,13,14,186,12,14,3,23,28,11,21,202,181,160,10,184,8,5,11,91,297,175,43,282,176,72,204,1200,1305,196,94,156,301,28,165,213,98,11,7,12,164,16,143,155,222,25,11,15,47,4,8,15,213,17,8,19,254,11,167,147,97,7,5,8,17,1,7,6,13,1,2,2,20,3,22,11,163,18,10,6,22,1,10,6,349,28,19,18,448,19,282,217,294,37,17,20,51,2,43,14,9,0,0,1,31,3,21,8,28,2,2,0,5,0,4,1,11,1,1,1,17,0,13,4,164,9,6,8,28,2,19,13,18,1,2,0,26,1,19,11,175,11,6,6,29,1,7,2,266,10,14,8,352,19,220,88,83,205,17,341,11,10,16,294,5,7,1,30,9,8,15,225,15,14,2,29,0,4,2,22,4,15,0,21,8,8,16,170,3,18,0,26,1,0,1,13,2,2,0,5,0,0,1,30,10,21,2,28,1,0,1,11,28,26,6,60,32,11,56,296,143,267,22,404,25,22,25,335,8,6,2,16,15,13,10,181,12,18,3,28,1,1,1,18,8,10,0,14,3,8,6,73,141,133,13,293,13,8,23,218,14,13,2,41,16,11,23,211,163,131,14,171,14,8,11,79,199,178,24,321,198,79,224,1342
19.dcm,1750,307,119,225,384,42,172,234,125,10,10,19,214,15,150,153,271,28,5,25,39,2,11,8,253,27,14,25,252,15,150,152,104,11,8,9,11,2,8,6,31,1,0,3,35,0,30,18,213,24,10,14,28,1,10,11,553,40,35,50,580,36,285,210,402,36,17,28,76,11,36,33,24,1,1,5,34,4,27,17,39,3,0,3,5,3,3,4,22,1,1,1,28,2,12,6,163,16,8,11,51,3,21,7,29,0,2,2,40,6,17,17,221,10,3,6,35,3,6,9,478,30,33,19,577,29,281,140,111,257,31,547,23,23,20,461,6,19,5,28,9,9,15,230,5,12,2,41,1,1,3,25,14,17,3,39,5,7,14,208,3,13,0,23,1,2,3,39,6,6,1,5,3,0,3,45,11,24,1,30,2,2,3,20,31,41,9,86,34,9,39,354,171,262,33,563,34,35,46,551,3,8,2,30,10,5,21,246,13,27,2,34,0,2,5,28,6,10,1,26,11,1,13,125,118,115,16,299,18,10,21,255,19,13,1,47,12,15,44,269,132,104,20,194,16,13,12,109,248,206,40,373,231,115,291,1771,1455,285,107,203,346,38,204,298,111,13,11,15,219,18,247,293,264,32,21,13,41,1,18,25,254,19,11,25,406,25,342,251,129,9,6,8,20,2,7,8,12,0,1,0,19,3,14,20,242,19,10,12,30,3,12,11,380,24,19,19,579,17,495,243,313,48,12,38,51,3,24,30,7,0,0,2,28,1,25,15,29,0,2,2,2,0,2,1,12,2,0,0,26,0,19,13,225,20,12,15,27,1,22,5,11,1,0,1,25,3,29,17,282,16,16,6,32,2,12,5,349,22,18,13,373,17,253,107,98,250,10,351,17,11,17,299,9,14,2,23,4,5,21,312,9,28,0,26,2,2,2,19,12,19,1,34,9,11,21,242,10,15,0,15,1,0,1,20,0,3,0,1,2,0,0,34,14,17,0,21,1,1,1,17,27,34,6,32,33,15,47,305,213,397,17,542,17,9,25,360,12,10,1,27,12,12,25,226,19,18,2,25,0,0,1,12,9,5,1,20,12,7,8,97,262,326,24,454,18,8,18,264,16,16,6,45,24,12,43,288,291,291,13,222,17,9,12,98,309,230,27,329,239,95,281,1505
20.dcm,1504,259,93,216,398,42,215,293,105,9,12,13,232,13,236,275,239,27,8,15,33,3,8,20,203,19,12,31,284,12,261,269,124,11,8,5,11,0,12,5,12,1,2,3,19,2,19,11,197,14,10,18,16,2,4,7,481,39,24,35,521,25,355,279,381,35,23,16,74,9,27,25,20,1,1,3,37,1,21,13,35,6,2,3,5,1,2,1,22,1,0,1,26,1,25,8,197,17,10,7,32,3,13,14,21,1,0,1,47,1,14,7,301,19,13,8,19,4,13,3,614,21,22,12,506,15,263,83,85,178,12,440,15,23,19,596,7,5,0,17,6,6,27,400,13,15,1,25,4,4,2,21,6,12,1,26,8,8,12,267,9,14,2,25,0,1,0,26,4,1,0,6,2,0,2,44,12,22,3,37,0,2,1,21,30,36,3,79,15,12,38,406,205,274,13,402,45,23,39,486,5,7,3,18,22,8,27,230,12,18,1,18,3,0,1,21,6,6,1,16,11,8,6,84,169,245,16,302,25,17,19,202,14,15,4,32,19,4,26,236,233,209,9,228,23,4,5,100,381,202,35,367,240,122,254,1466,1503,286,112,205,338,30,237,289,101,15,5,20,226,23,260,258,265,32,16,21,39,2,19,11,249,30,11,23,380,25,320,283,101,7,7,8,10,2,10,11,19,0,0,5,23,2,21,15,229,17,11,14,28,0,11,11,345,32,13,24,597,24,432,251,326,56,22,26,62,3,42,27,14,0,0,1,25,2,13,19,31,4,0,2,9,0,1,0,8,2,0,1,19,2,21,8,203,12,7,15,33,2,17,5,17,2,3,2,18,0,22,15,245,12,6,6,35,2,11,7,393,21,13,9,383,15,291,80,90,232,10,378,12,20,19,338,7,14,3,20,10,13,17,315,12,28,2,34,1,3,1,22,11,24,4,24,6,8,14,228,8,10,1,23,3,0,0,21,0,0,0,4,0,2,3,20,17,18,0,19,0,2,1,8,30,33,1,48,21,18,45,330,209,368,22,614,23,21,23,373,10,16,2,28,11,10,17,235,13,26,0,24,3,0,2,23,7,9,1,23,7,7,20,106,241,308,26,444,20,11,34,269,16,14,3,55,19,9,35,277,263,241,11,248,17,9,13,88,293,216,31,358,227,110,286,1501
21.dcm,1413,219,78,221,363,39,212,293,78,8,9,12,190,19,148,196,218,17,11,23,31,3,15,15,183,15,17,21,232,15,144,144,76,6,4,8,7,1,4,8,13,1,1,1,23,0,15,10,215,19,8,14,13,0,6,7,429,35,33,37,377,18,252,213,397,25,10,18,88,4,36,15,18,1,1,2,41,3,10,12,40,3,1,0,6,0,2,2,23,1,0,1,29,0,12,7,186,11,7,5,33,3,12,4,21,1,3,2,33,2,15,9,292,15,9,7,18,0,4,2,611,24,28,17,451,16,212,92,78,206,13,456,23,20,15,649,1,4,0,14,3,6,16,362,10,18,2,39,0,0,0,31,5,12,1,29,6,6,10,221,4,11,1,25,1,2,2,31,4,2,0,2,3,1,3,35,14,22,4,52,2,1,2,17,14,15,1,91,16,12,38,389,197,221,11,395,49,35,37,472,14,10,0,17,17,12,18,217,14,14,1,12,1,1,2,8,11,6,0,11,12,5,12,68,132,136,12,265,21,22,22,225,12,11,4,36,26,12,19,233,190,142,12,239,9,9,12,79,346,203,31,396,224,82,200,1382,1373,227,92,195,322,22,186,275,92,11,10,18,230,17,173,221,247,24,4,18,36,1,10,18,238,32,13,13,293,19,225,205,98,6,4,5,13,3,7,9,12,2,1,3,25,0,23,14,196,16,10,16,16,1,9,8,378,37,23,20,508,19,408,221,347,45,16,28,66,4,39,28,14,1,1,2,25,2,16,15,36,1,3,0,8,0,2,0,12,2,0,3,17,1,7,6,213,13,7,5,27,3,24,7,18,1,2,2,34,3,21,10,278,14,8,4,18,1,8,6,355,16,17,19,412,19,224,100,87,220,11,345,10,11,11,344,4,9,1,26,10,15,15,313,10,23,2,36,1,3,0,8,9,16,0,42,10,15,11,227,14,11,1,21,3,0,4,13,0,2,0,6,0,0,2,28,9,14,2,27,0,1,2,11,29,31,4,66,22,11,42,345,202,287,17,506,24,19,29,364,9,15,3,18,9,6,20,230,23,29,2,25,2,1,3,20,13,8,1,16,5,4,11,88,177,187,17,358,23,14,22,233,18,10,3,31,21,7,24,255,233,191,12,241,7,6,13,87,275,222,21,310,217,86,268,1355
22.dcm,2416,390,153,207,377,59,173,196,140,21,11,14,178,25,125,127,388,54,23,36,52,12,21,22,184,35,21,29,128,25,128,121,112,18,4,11,20,2,8,15,27,6,8,2,21,2,27,17,200,38,14,25,22,2,12,9,279,50,36,32,178,31,166,193,396,47,14,22,94,13,31,23,30,2,5,3,40,9,21,19,61,10,3,4,14,0,3,6,21,4,6,0,34,8,21,14,174,16,14,12,32,7,12,14,37,1,9,6,38,4,24,19,203,22,14,17,20,2,7,3,304,29,32,37,272,21,196,122,147,170,36,273,23,29,35,306,15,12,5,26,14,6,30,223,16,28,4,53,3,1,6,27,14,13,7,34,9,15,29,173,14,20,5,38,4,4,3,23,7,3,2,19,3,4,12,74,20,20,4,37,10,3,11,27,32,28,5,78,30,25,57,407,133,144,32,234,44,28,48,282,13,9,3,30,14,8,34,252,17,18,6,22,2,0,4,34,11,11,2,14,15,15,25,127,108,94,24,173,22,23,31,193,21,29,12,56,35,24,50,407,116,91,21,173,19,10,16,130,227,207,66,418,260,116,415,2467,2564,426,140,160,379,52,150,147,162,22,20,26,169,21,126,99,399,65,23,34,64,7,27,21,168,46,24,28,156,31,109,114,134,25,14,16,31,6,20,9,25,4,4,9,30,5,36,22,163,28,9,24,21,3,8,7,210,53,36,34,206,27,191,187,423,67,40,35,78,7,32,28,39,7,3,6,26,4,35,18,66,9,9,5,13,4,4,4,30,6,3,6,33,7,21,15,154,22,13,10,39,5,19,11,35,6,7,5,32,6,29,24,144,23,9,16,26,7,11,9,194,21,37,22,200,28,218,139,131,185,29,205,26,26,28,175,13,12,1,42,15,13,23,168,30,31,6,39,2,8,5,31,21,18,10,37,11,6,18,165,22,18,1,29,1,3,3,23,9,5,3,11,3,2,6,60,18,33,4,39,3,2,5,26,20,40,13,71,27,27,48,422,177,170,40,218,29,26,39,199,16,17,6,45,21,12,36,200,22,22,6,42,7,5,5,28,7,11,6,28,7,6,19,122,125,124,20,207,23,17,34,207,34,23,13,91,40,21,79,448,100,95,22,202,26,23,25,124,169,199,69,419,182,119,415,2676
23.dcm,2191,332,123,275,513,74,236,354,154,20,18,17,231,26,190,182,337,44,14,20,46,8,13,27,260,21,21,25,219,20,152,180,128,21,6,12,13,2,15,12,25,5,2,3,19,1,21,18,281,26,13,19,19,3,15,9,477,53,40,54,388,32,299,247,452,41,24,23,97,8,41,25,22,1,4,4,68,10,32,19,50,7,2,3,8,0,1,1,38,2,5,3,51,2,22,14,209,18,15,10,30,3,15,7,42,2,10,3,37,3,23,15,317,29,9,7,28,2,5,10,581,48,39,36,455,22,290,129,140,242,23,506,28,26,34,646,10,11,3,34,16,9,25,411,14,18,3,36,2,3,0,37,13,18,4,43,9,8,19,267,18,17,3,41,2,1,1,34,1,5,1,9,5,3,9,57,20,26,0,54,2,2,3,23,30,39,12,101,24,18,52,516,202,224,30,375,42,42,34,527,9,11,4,24,18,15,23,301,20,18,2,29,4,2,1,22,17,13,3,26,13,5,19,143,147,139,21,242,36,18,30,242,17,24,4,46,25,18,45,327,165,139,26,238,25,9,13,122,335,200,53,477,303,129,402,2248,2339,385,152,244,479,51,248,242,115,15,14,24,233,17,213,218,350,53,19,31,63,7,23,15,258,46,17,42,323,39,213,203,129,21,6,16,31,5,18,13,20,2,6,5,26,4,32,31,236,32,13,19,24,2,11,14,348,43,30,48,403,23,372,283,494,84,23,27,91,7,47,34,26,1,4,1,49,3,41,26,44,2,1,4,6,3,1,4,29,0,1,2,39,4,20,21,225,38,13,11,33,2,16,14,28,2,2,2,37,3,42,17,247,27,11,15,39,4,8,6,312,29,34,14,361,11,277,147,127,251,28,382,24,28,29,305,9,13,5,39,10,9,35,331,23,36,1,41,0,0,2,27,23,27,8,51,16,11,23,263,14,26,3,38,3,2,2,26,1,4,0,9,2,1,5,51,22,29,5,33,0,2,0,12,42,44,16,92,36,25,60,453,234,321,41,409,39,36,31,375,7,10,4,40,20,18,21,250,21,25,5,21,2,3,4,22,13,10,2,23,10,12,16,140,161,214,22,327,30,23,39,296,29,31,6,67,33,15,58,417,203,177,28,236,22,10,16,146,310,250,53,535,260,132,398,2333
24.dcm,2877,463,185,325,515,87,284,353,177,19,20,34,260,30,254,276,449,53,32,39,61,3,23,31,279,31,28,22,301,24,244,271,176,24,7,19,18,3,13,18,32,0,4,8,32,3,30,27,320,31,20,24,29,5,17,17,459,42,36,53,340,27,331,303,540,68,30,31,98,17,52,44,36,2,7,4,54,6,42,26,77,16,8,7,13,1,4,1,49,3,6,7,50,4,28,19,272,20,12,13,35,4,13,17,37,9,5,3,49,5,37,15,353,37,11,9,37,2,14,10,559,49,53,28,486,37,312,176,179,297,30,465,33,35,38,556,13,20,1,39,19,15,38,434,28,27,4,55,6,2,4,34,12,17,0,52,14,9,36,287,28,28,6,48,2,3,4,36,2,3,0,22,6,5,5,67,29,43,4,54,3,5,8,31,42,41,13,127,35,20,65,576,266,268,45,411,57,48,58,487,18,14,3,34,24,14,30,368,34,26,5,31,3,7,8,36,18,15,4,29,19,8,25,177,203,232,36,345,47,24,31,329,30,25,11,61,37,18,55,467,240,242,27,263,16,18,25,156,418,266,100,529,332,195,487,2901,3079,477,176,270,512,74,239,290,188,26,28,31,271,32,229,254,499,64,22,35,82,11,28,29,296,47,29,37,310,21,213,243,183,20,8,12,36,4,9,14,34,7,6,4,39,3,30,38,278,36,5,19,42,4,11,17,421,48,50,46,459,53,396,290,547,88,46,30,118,17,55,29,31,1,6,3,63,9,45,24,66,17,5,6,19,0,8,5,37,4,3,5,39,5,35,27,257,23,28,9,67,4,24,12,33,2,5,6,49,5,36,20,257,33,12,8,48,2,16,9,361,47,40,23,445,28,329,209,183,301,35,387,36,27,41,305,10,14,4,42,10,11,27,332,15,44,5,47,5,5,1,30,18,30,8,49,8,9,27,251,27,47,4,39,4,2,3,35,7,4,2,22,5,3,11,71,30,42,4,49,3,2,5,29,46,51,15,110,39,30,85,585,244,297,23,467,57,44,48,424,16,30,3,37,19,18,41,307,27,32,3,31,5,3,3,32,14,13,6,23,12,14,23,178,224,244,26,407,46,32,39,355,33,34,11,87,44,24,71,503,214,226,29,292,31,22,33,195,331,309,86,639,323,185,454,2947
25.dcm,1935,330,111,267,427,56,233,304,108,15,10,19,194,14,151,179,328,40,13,33,43,4,17,16,247,27,19,22,239,14,142,165,108,16,6,13,14,1,12,5,17,2,4,2,17,3,16,22,241,24,14,26,23,1,12,9,397,48,36,37,330,26,269,194,432,53,14,32,93,14,25,24,23,1,2,2,42,3,27,16,66,3,1,2,4,0,2,0,28,1,0,1,34,2,21,8,233,17,9,9,32,3,13,9,30,1,1,0,32,4,19,16,316,23,15,14,21,3,12,7,483,38,38,20,400,22,284,108,113,260,20,383,14,33,27,516,6,14,0,33,11,10,18,317,15,23,5,41,2,1,1,30,7,19,5,36,18,6,16,250,10,19,3,28,0,2,3,28,1,4,0,3,2,2,5,55,20,28,4,38,2,1,3,31,27,27,7,70,18,17,43,441,191,230,24,340,57,37,46,414,14,5,2,26,15,17,31,293,22,18,3,22,2,2,2,19,13,9,3,24,18,7,17,117,152,175,16,274,28,16,24,272,23,20,4,45,27,22,44,334,209,158,27,231,12,11,10,98,367,237,61,411,250,126,393,1953,2203,427,114,203,430,48,191,233,144,19,24,20,223,27,155,201,376,63,15,20,48,7,24,25,262,30,13,22,275,28,209,186,104,24,10,11,27,1,16,13,22,2,1,2,31,2,27,24,236,20,15,16,17,3,14,17,270,47,32,37,313,30,296,226,433,61,33,28,67,6,41,29,17,5,1,4,33,6,34,19,65,5,2,6,9,0,3,3,22,6,1,2,27,3,21,15,232,17,17,8,36,2,18,10,18,2,4,5,39,8,48,19,228,24,9,16,28,2,12,7,275,37,31,19,287,28,291,137,108,241,13,267,24,26,24,280,9,13,2,28,12,13,24,233,19,35,2,44,4,4,3,22,18,23,1,37,21,10,25,216,11,17,1,38,4,3,3,31,3,4,1,10,2,1,5,53,13,30,3,30,3,1,2,19,24,44,9,85,15,20,64,413,236,238,35,341,35,33,30,260,15,22,3,32,23,16,33,222,16,22,3,40,4,0,2,25,14,10,2,25,14,8,18,116,174,202,27,265,29,23,31,262,26,30,7,67,22,18,64,404,187,175,20,246,18,13,23,139,283,237,75,448,204,143,427,2241
26.dcm,2003,309,107,254,549,62,254,380,131,20,11,25,239,23,172,212,330,50,20,31,50,5,13,21,251,26,17,22,247,14,186,211,128,18,10,20,12,5,9,11,23,3,7,3,25,3,28,19,248,26,20,34,19,3,11,13,546,41,41,58,398,24,283,259,509,54,20,19,112,13,36,40,35,5,0,1,55,4,27,19,60,1,1,1,10,0,4,1,50,2,2,0,48,2,26,12,229,16,8,9,31,2,8,7,27,2,2,3,32,2,31,13,366,20,6,9,33,1,19,7,782,44,37,27,515,22,292,126,154,242,23,563,29,37,25,799,7,10,0,35,10,14,18,465,11,18,2,49,2,6,1,20,7,9,2,41,9,7,16,298,11,20,1,40,0,2,1,36,2,3,3,7,0,2,1,51,15,19,6,52,1,2,3,33,26,22,3,88,17,15,43,480,224,228,26,393,66,37,44,562,18,11,0,20,18,13,28,313,11,23,3,30,3,4,1,19,14,8,0,16,12,8,10,128,134,157,13,306,25,17,23,277,34,14,2,52,31,12,33,322,207,180,17,256,13,10,11,115,454,261,65,490,285,116,322,2081,2156,343,109,252,449,52,234,315,123,18,17,20,251,15,213,219,398,49,13,33,61,8,15,18,282,36,16,33,335,30,255,218,124,10,10,8,22,3,18,11,19,2,1,3,32,1,29,31,254,33,10,17,34,6,17,11,466,40,29,40,566,33,430,261,449,52,23,14,84,11,47,40,17,3,2,2,29,4,39,15,43,3,1,5,9,4,1,5,26,3,5,4,34,4,19,10,257,15,18,8,50,3,24,12,23,2,3,3,41,0,35,19,277,16,9,9,38,2,17,11,425,20,28,24,477,19,327,130,127,242,22,495,18,20,36,449,12,10,2,36,12,14,30,323,16,30,4,45,0,3,0,29,15,28,2,44,14,13,37,270,11,18,1,32,2,2,4,23,4,2,0,8,1,3,3,56,20,28,1,40,0,2,0,21,36,46,9,72,23,28,63,497,257,371,32,599,38,33,49,457,8,11,0,27,15,6,27,263,19,25,3,35,3,2,4,24,15,15,1,17,10,2,20,144,195,231,23,393,27,21,40,304,20,27,7,62,21,14,46,406,221,234,14,264,18,11,11,148,327,248,45,448,282,138,378,2101
27.dcm,2053,357,115,242,385,53,198,248,139,9,9,23,188,17,139,168,339,44,15,28,46,3,17,18,224,27,21,31,232,16,150,158,132,11,10,8,17,2,8,11,17,2,4,4,31,2,22,27,263,23,3,15,26,6,7,5,409,44,40,43,351,27,263,211,438,42,16,15,98,14,36,28,21,3,3,5,41,6,37,22,56,9,2,1,15,1,3,1,27,3,2,3,31,4,23,13,223,16,9,11,36,6,19,11,20,4,4,0,33,1,35,16,256,18,8,12,20,3,11,7,486,33,25,18,425,26,243,120,105,200,23,432,19,33,36,435,6,14,1,40,10,8,26,278,19,28,3,49,0,2,2,32,5,12,2,35,7,14,16,212,9,15,3,36,3,4,1,26,5,3,1,11,7,1,12,46,15,24,1,33,3,3,5,25,38,26,12,89,27,23,38,432,193,197,41,348,42,28,38,412,12,8,5,32,23,14,31,248,21,23,3,22,3,3,4,21,10,7,2,17,10,13,11,115,165,202,19,251,19,16,27,253,26,34,3,36,24,14,46,347,164,174,18,225,16,10,18,129,295,220,47,400,263,141,337,2089,1911,358,121,256,352,40,187,237,115,14,18,19,223,19,221,207,347,48,12,26,56,7,25,20,256,28,18,23,305,25,223,191,129,14,4,12,19,1,21,10,12,2,1,3,24,2,26,15,216,12,10,10,24,3,7,7,370,35,25,27,420,28,349,255,405,65,25,35,72,13,38,43,19,0,1,2,34,3,38,13,42,3,1,2,7,2,2,0,16,2,2,4,23,5,18,11,172,13,13,7,41,1,20,15,22,3,3,4,40,1,38,15,224,32,7,13,33,3,9,5,300,23,23,11,372,23,248,122,122,219,16,339,20,21,24,316,6,8,1,34,8,11,23,296,20,32,1,44,4,4,3,27,9,23,3,46,15,15,27,251,18,19,1,23,1,2,1,14,4,5,1,7,0,1,8,52,30,21,0,31,1,0,2,17,25,30,8,75,26,14,66,383,199,307,26,465,21,24,27,355,11,14,1,35,13,6,22,272,22,18,2,33,3,2,4,15,12,12,2,15,12,7,18,127,202,241,25,383,28,16,34,285,20,28,7,42,27,21,37,380,189,200,16,236,13,19,10,122,251,217,49,363,244,129,312,1915
28.dcm,1700,287,91,250,405,43,212,286,91,5,12,15,203,12,179,239,254,43,12,28,47,1,9,22,227,23,16,24,249,16,182,181,99,10,5,14,15,4,8,15,14,2,2,1,14,2,29,9,207,25,3,21,23,1,10,8,372,45,22,38,337,13,263,239,388,31,12,16,87,10,31,26,18,1,4,2,37,1,21,19,56,8,0,2,10,1,1,4,24,3,0,2,38,5,18,3,185,14,14,4,30,4,8,7,23,3,5,2,29,1,19,8,286,31,11,10,27,3,7,11,469,24,26,18,383,14,229,97,119,201,14,317,17,26,24,456,8,7,0,27,8,9,29,347,16,14,2,38,3,1,3,32,10,7,2,24,12,7,15,218,12,12,1,33,1,3,0,25,3,0,0,6,3,2,3,41,13,32,2,42,2,0,2,23,24,32,2,67,14,14,35,412,201,217,22,323,35,18,27,389,10,14,0,20,14,9,31,264,17,17,2,29,2,2,2,14,14,7,0,13,8,7,17,104,176,161,21,289,24,15,25,221,25,14,3,32,26,11,40,269,223,194,16,240,19,10,11,108,354,209,47,390,231,102,269,1637,1875,301,117,222,389,48,183,185,109,14,12,16,216,15,148,150,312,42,14,19,55,5,17,31,205,33,15,24,239,15,166,145,113,15,3,9,21,2,11,9,24,3,2,1,22,1,23,16,208,20,12,9,33,5,17,9,345,57,26,32,445,31,294,207,410,53,29,22,89,6,31,28,15,1,2,0,36,3,22,17,34,3,2,3,5,0,3,3,22,2,3,4,30,1,13,21,176,14,13,9,39,2,28,13,21,2,3,4,44,1,17,16,202,22,9,6,36,1,7,7,282,21,21,12,332,17,246,98,96,214,18,338,13,25,24,279,12,15,1,28,10,10,22,239,22,36,2,40,3,3,0,20,12,11,2,43,10,12,17,192,7,12,2,32,1,1,4,20,1,6,1,7,1,4,5,40,19,24,0,37,1,0,1,19,38,38,12,80,46,35,61,404,190,271,24,457,33,30,31,365,9,9,5,20,12,9,16,239,15,16,3,35,3,2,1,14,10,8,0,22,8,2,15,132,132,155,25,349,31,18,29,253,22,27,1,37,24,13,29,340,135,127,21,223,12,9,19,96,215,206,35,407,217,119,321,1873
29.dcm,1617,260,99,267,521,50,268,414,89,13,11,16,244,12,189,223,260,25,13,22,46,2,13,19,284,19,13,19,307,20,200,214,81,5,7,10,12,0,3,11,15,1,2,1,11,2,12,26,255,23,13,19,18,4,11,18,563,46,34,62,503,26,367,282,481,39,10,15,110,4,32,24,26,0,0,2,60,2,27,18,50,2,0,0,7,0,1,0,32,2,3,0,31,1,15,5,255,12,9,7,36,1,10,10,27,2,1,1,43,2,16,8,443,17,14,8,22,0,3,3,846,30,28,27,606,15,254,99,106,249,14,561,25,33,23,962,7,6,1,20,7,7,21,519,5,17,1,32,1,0,2,30,6,15,2,24,9,11,13,270,12,11,0,50,3,0,0,39,0,2,0,3,2,1,1,46,10,24,1,52,0,0,1,26,30,33,2,106,19,12,35,459,225,288,13,533,55,37,34,607,11,4,1,22,19,15,18,271,13,14,3,16,1,5,1,10,10,7,1,17,8,5,10,113,179,189,19,354,24,14,16,261,18,17,0,39,18,21,27,243,234,215,10,257,11,6,13,106,454,244,54,495,327,79,256,1640,1637,314,109,276,392,47,273,340,81,13,10,16,271,17,260,292,341,33,14,19,41,0,19,18,276,27,12,24,459,28,302,260,125,6,5,16,14,1,21,10,13,0,0,0,28,0,26,18,265,23,11,9,34,3,14,9,471,38,21,31,659,22,515,308,420,44,29,21,87,6,48,23,15,1,0,4,32,2,43,18,33,4,0,2,8,0,2,2,13,0,1,3,26,0,17,6,259,15,7,11,34,1,21,14,15,1,0,2,41,1,23,15,318,17,9,9,43,2,17,6,411,21,19,11,509,13,292,90,89,288,10,402,21,24,15,408,4,17,3,28,8,10,21,387,15,34,4,42,0,2,1,18,8,23,2,36,7,14,29,286,11,24,0,19,1,2,5,10,1,3,0,5,1,3,2,35,12,14,3,29,2,1,1,20,32,45,2,70,30,21,49,476,265,393,17,649,31,25,36,472,10,17,0,22,15,5,31,301,17,17,1,21,2,1,3,13,11,11,1,16,8,3,7,117,241,325,30,440,29,23,19,269,22,12,1,42,14,11,30,310,275,292,14,276,6,12,15,84,416,270,43,408,292,104,290,1676
30.dcm,4033,635,198,294,648,106,248,228,190,37,29,36,223,25,157,168,665,99,38,50,90,10,28,45,285,50,45,39,218,41,154,166,212,26,16,27,40,6,16,12,53,6,10,9,67,6,39,44,311,38,24,37,46,10,23,15,403,64,72,67,287,46,269,288,694,107,54,43,156,20,53,50,48,11,8,3,67,12,64,32,110,11,4,10,15,7,4,6,57,7,7,7,36,6,42,25,289,43,19,13,51,5,24,11,45,2,8,7,57,6,43,43,269,38,22,21,46,4,16,12,362,59,55,52,393,47,330,195,216,299,50,418,35,49,33,344,16,16,10,64,28,12,45,308,28,37,6,75,3,5,3,57,21,25,7,59,16,36,41,262,22,40,13,55,8,5,11,57,7,4,3,18,8,4,11,109,36,50,7,62,7,9,4,42,56,51,17,151,50,43,115,688,254,211,42,347,77,43,64,381,16,20,10,48,27,21,51,367,41,38,5,50,9,6,7,45,21,15,7,40,12,16,32,221,173,177,58,295,34,33,47,335,44,59,17,97,53,34,89,684,155,165,37,274,35,28,35,205,320,304,88,623,357,207,696,4105,3963,645,209,271,645,93,277,225,229,40,35,30,295,51,216,189,673,118,41,47,101,20,38,38,326,58,43,46,300,35,200,212,175,35,17,13,40,7,22,21,40,10,10,6,52,8,43,45,286,39,21,29,47,8,22,19,329,58,50,60,337,41,368,288,641,89,48,37,98,16,55,45,43,5,6,8,46,5,44,33,91,22,6,9,19,0,7,5,39,9,7,6,36,4,39,30,278,41,24,25,56,9,33,24,47,5,6,11,66,3,51,42,254,35,25,16,42,4,14,11,298,41,49,37,347,38,340,232,202,307,40,312,44,48,46,293,29,31,6,48,23,17,40,285,32,49,4,57,9,8,8,53,28,25,7,70,22,34,33,268,32,37,7,41,8,9,14,69,11,14,4,20,9,13,12,109,33,44,12,67,11,7,6,36,65,56,11,114,53,42,105,639,281,306,32,320,48,48,48,318,18,15,10,52,35,24,48,319,40,38,12,42,6,4,6,44,18,22,6,42,19,24,34,212,205,209,43,341,53,43,59,375,38,49,20,102,63,40,81,703,200,193,43,336,35,20,35,210,273,287,101,638,303,209,642,4089
31.dcm,2671,424,153,328,558,84,270,357,177,20,26,20,262,29,260,270,455,51,22,32,56,10,25,27,299,36,24,37,304,30,220,241,151,18,14,17,23,3,9,12,30,3,1,5,41,2,30,29,308,40,21,20,32,4,15,11,494,66,42,52,430,27,329,323,527,71,28,28,118,11,44,37,35,4,3,3,55,4,41,25,75,8,3,7,11,1,2,3,46,3,1,1,44,1,25,14,284,19,8,13,56,2,29,14,32,1,2,5,52,5,39,15,332,31,15,13,37,2,8,7,550,41,39,23,506,30,342,171,174,298,34,505,23,32,49,569,14,19,4,41,16,14,33,380,18,27,2,54,2,1,1,32,17,23,3,40,8,11,31,312,17,29,6,39,2,2,5,49,1,7,1,11,2,0,10,76,25,33,5,49,2,1,1,31,31,47,13,119,28,23,58,570,267,332,28,420,58,37,49,508,13,11,6,38,13,13,45,342,20,15,4,47,2,3,4,33,7,14,1,18,23,13,22,173,203,224,17,359,39,32,24,321,38,24,8,75,50,24,65,465,237,215,25,297,23,14,18,178,406,304,80,552,328,180,408,2706,2555,479,170,298,468,53,267,295,175,24,25,27,274,22,265,269,496,40,15,31,66,7,26,29,332,33,32,45,402,29,300,283,147,28,8,8,39,0,23,10,32,4,5,4,36,2,37,40,308,33,13,21,37,1,17,16,404,55,30,41,544,31,452,303,537,72,37,38,93,8,62,42,22,3,8,5,34,2,32,32,63,6,2,1,7,0,9,2,35,4,2,5,30,3,27,16,280,32,19,13,53,4,26,20,25,4,5,2,44,4,44,15,336,28,22,18,44,4,11,6,349,24,40,17,443,19,373,173,143,338,21,422,23,29,33,372,13,13,3,49,14,12,31,369,21,43,3,34,1,3,2,25,17,22,5,47,17,20,21,267,20,28,4,46,2,1,2,33,6,7,0,4,3,4,9,54,29,32,1,35,4,6,2,20,46,46,7,98,37,30,66,494,309,378,32,521,30,29,43,449,15,9,6,36,24,19,29,331,30,40,6,37,4,0,3,32,18,17,5,40,10,14,20,151,256,295,29,486,47,30,39,356,31,20,3,88,38,19,63,443,265,266,29,314,22,18,21,169,389,313,44,566,340,169,432,2626
32.dcm,1448,267,91,220,329,53,179,358,110,11,5,11,214,14,217,288,284,32,16,19,31,5,14,19,194,25,16,24,241,19,223,213,93,11,6,6,19,0,8,10,14,1,1,1,15,2,14,21,250,19,17,13,15,1,12,10,359,21,26,30,337,21,301,226,320,34,10,15,54,3,33,21,26,1,3,0,39,0,23,15,43,4,1,1,3,0,1,2,29,1,2,1,24,0,11,8,212,16,10,6,25,3,9,2,23,1,1,3,20,0,16,9,342,22,14,8,17,3,6,7,527,24,30,22,374,14,224,95,101,207,14,373,22,31,21,592,3,9,2,25,6,7,21,468,12,14,0,33,1,3,2,31,7,11,0,17,7,7,16,242,7,12,3,26,0,2,0,23,3,0,0,1,3,1,6,49,21,23,3,34,0,0,0,12,23,27,5,50,15,9,36,331,211,241,19,303,45,28,25,363,9,8,2,16,14,9,21,223,19,21,0,23,3,1,2,13,11,8,1,7,8,6,15,95,223,240,20,265,12,19,22,250,24,8,5,25,18,8,37,269,265,237,17,236,13,8,12,103,389,222,47,319,274,97,303,1430,1276,196,69,216,391,30,207,288,73,11,9,12,194,11,224,266,237,25,4,14,30,5,6,6,233,23,9,21,316,17,262,246,77,10,7,5,24,1,9,4,8,0,1,1,15,2,14,13,178,17,6,8,26,0,8,2,461,34,16,11,725,27,444,217,362,41,14,18,84,5,39,31,11,0,2,0,24,1,16,12,36,3,2,1,4,0,2,1,14,4,0,0,9,0,14,9,225,10,9,10,47,0,23,6,16,1,2,0,21,0,22,7,260,14,8,5,23,1,13,6,445,16,14,7,524,8,242,66,80,201,6,447,11,18,8,421,4,8,1,20,6,4,22,328,7,19,0,22,0,1,1,23,9,13,2,37,12,8,13,247,6,8,1,16,0,1,0,15,1,1,0,2,0,1,1,27,16,24,1,16,0,0,1,9,27,40,5,73,26,16,31,383,210,348,15,748,17,23,33,467,4,12,4,22,6,3,18,225,15,14,0,22,1,1,1,11,7,6,0,11,5,3,12,92,172,224,16,364,20,20,12,221,11,8,2,25,15,8,22,210,204,178,13,220,10,6,7,72,311,247,17,393,212,75,213,1227
33.dcm,1395,253,89,228,344,51,212,296,94,9,7,10,190,14,182,247,233,33,15,27,25,6,6,14,183,20,15,19,241,14,209,171,70,7,6,8,8,3,6,14,11,1,1,2,12,0,16,13,190,20,7,25,15,1,6,13,395,42,31,25,324,14,282,218,356,39,15,14,71,2,35,26,17,2,0,0,48,1,27,11,42,0,0,4,2,1,2,1,28,1,0,0,26,2,13,8,188,16,8,9,29,1,7,7,15,0,3,3,24,2,20,10,334,18,8,8,14,0,5,4,528,20,21,16,356,7,264,99,76,242,14,386,20,23,22,539,8,10,1,27,6,10,16,351,13,11,0,29,0,2,1,28,6,6,1,22,6,7,13,244,6,7,1,19,0,2,1,24,0,4,0,5,0,0,5,34,10,19,3,37,1,0,2,18,15,31,3,60,14,16,29,331,204,251,15,372,45,24,19,409,13,6,2,14,15,5,20,224,14,23,1,12,4,2,2,17,6,5,0,11,12,5,7,107,166,191,12,298,24,11,22,234,19,9,6,26,20,8,23,234,190,155,12,227,10,2,8,95,370,238,44,348,246,63,266,1370,1414,236,96,204,411,20,182,233,72,14,6,13,186,10,142,145,226,20,9,10,32,2,23,8,208,17,6,25,295,22,157,170,95,5,2,7,23,1,8,10,10,1,2,1,29,1,14,14,194,14,3,11,20,3,5,7,421,34,21,35,672,25,366,212,346,49,31,39,87,5,50,41,12,1,1,0,25,2,25,9,36,1,1,1,9,1,4,1,11,1,2,0,18,1,16,9,180,12,15,2,43,1,21,11,13,0,1,1,26,2,21,9,207,10,6,5,36,0,8,3,372,13,18,10,471,15,227,82,83,197,12,437,19,17,12,354,6,13,1,39,6,3,17,289,6,23,3,19,4,1,0,22,8,21,2,33,11,5,14,215,12,9,0,16,2,2,2,16,3,1,1,1,1,0,3,29,12,22,2,21,0,1,1,10,30,36,4,81,26,27,41,399,184,318,23,592,34,17,29,435,5,7,1,30,11,7,27,237,9,12,0,26,1,2,1,11,12,8,2,20,8,5,13,95,112,148,15,320,14,12,28,207,5,13,2,29,17,6,30,190,139,154,16,188,12,3,9,75,261,203,23,401,206,87,211,1418
34.dcm,2149,413,157,283,474,60,280,457,137,19,14,14,292,34,262,327,375,50,12,40,41,6,23,30,277,28,17,27,366,27,286,268,143,22,8,15,16,2,12,12,21,2,2,4,18,3,28,28,317,38,18,26,21,1,16,16,461,44,43,31,410,13,395,332,484,57,16,24,86,6,35,20,33,0,2,0,45,3,36,21,52,4,3,1,4,0,5,1,38,3,2,1,40,1,25,9,225,17,11,10,40,6,16,15,22,4,2,2,37,3,16,17,437,33,15,10,27,4,10,11,694,38,51,24,504,21,320,201,136,258,23,496,17,33,35,671,5,9,7,23,17,15,27,503,12,32,4,37,2,2,1,24,16,20,2,30,10,11,24,336,12,18,1,42,1,0,0,31,2,0,1,8,4,1,9,67,22,32,1,35,4,1,0,23,21,34,8,80,27,19,59,443,297,331,29,430,44,34,33,505,15,9,3,28,23,16,42,336,19,29,2,24,2,5,1,28,15,14,1,13,13,6,17,153,232,267,25,399,21,16,30,303,31,24,6,38,43,12,55,379,338,269,30,299,31,14,17,127,536,276,64,485,346,110,366,2105,2208,369,156,301,543,50,265,286,142,17,13,25,247,19,212,206,360,43,11,32,65,8,20,27,303,29,17,30,403,18,263,231,130,12,12,9,28,4,20,11,20,4,1,2,43,1,27,18,224,22,13,16,23,1,9,13,570,47,21,39,753,33,460,300,527,72,24,48,99,11,71,48,22,4,2,2,40,5,28,19,62,6,3,4,8,0,2,4,22,3,1,1,42,3,28,17,261,13,11,15,67,6,23,11,22,1,2,1,47,0,32,24,302,19,12,8,46,1,16,11,451,27,32,14,549,19,318,143,153,288,24,539,19,26,29,411,6,9,6,39,7,12,26,368,18,31,2,54,0,2,0,32,15,19,4,63,11,11,15,280,6,16,2,34,1,4,2,18,2,0,0,12,1,0,5,41,20,26,5,43,2,3,2,18,53,66,13,102,37,28,70,534,259,399,33,778,48,37,46,572,10,13,0,44,11,9,21,348,11,27,2,49,3,3,3,24,5,12,1,20,5,6,21,148,202,234,27,447,23,19,26,336,19,21,3,63,29,13,36,352,213,206,30,311,29,8,10,114,350,271,53,521,286,144,366,2192
35.dcm,3862,616,190,239,577,91,213,211,216,38,24,43,193,31,139,159,540,101,36,35,86,21,23,27,232,50,23,51,200,34,117,174,210,41,15,26,43,7,25,15,35,8,8,9,40,14,32,36,260,51,19,22,38,12,15,9,257,71,51,53,215,34,200,212,612,113,32,32,130,25,49,43,31,11,10,8,62,6,43,36,99,13,4,8,24,3,7,9,44,9,8,7,43,4,30,29,215,32,21,19,52,10,18,19,54,6,11,6,57,11,50,36,202,38,24,14,46,8,15,10,238,52,56,49,243,39,272,200,196,219,48,276,34,42,32,176,7,18,7,57,25,14,53,217,29,40,13,54,8,5,7,38,17,26,7,50,13,15,40,218,39,43,8,46,8,8,10,49,8,12,3,32,9,4,22,101,28,45,10,56,6,5,10,29,39,64,16,115,41,36,95,614,221,218,54,223,47,40,46,219,27,21,7,51,18,20,42,257,38,34,11,48,10,9,9,35,10,21,12,35,18,17,39,189,167,124,37,221,33,34,54,250,48,41,12,100,44,24,107,720,125,159,43,223,26,23,22,189,245,257,111,609,261,191,634,3986,3382,543,186,284,551,80,244,239,204,35,29,42,229,35,214,198,508,69,22,49,85,9,25,23,308,50,29,50,263,32,239,215,167,44,13,18,40,7,12,17,36,7,8,13,35,9,57,36,244,47,18,24,53,7,23,13,349,64,36,56,352,39,338,269,553,102,33,46,84,19,33,34,49,9,5,6,32,4,47,42,78,14,13,11,15,1,5,3,33,7,4,5,47,11,32,23,260,31,18,14,45,5,23,17,36,2,2,7,45,5,49,33,212,29,15,12,47,4,9,11,262,34,45,27,342,37,362,223,194,292,40,320,22,39,37,275,10,17,7,45,15,16,30,248,31,45,5,46,5,4,9,43,22,18,9,56,11,17,26,251,34,33,3,45,3,9,4,41,5,7,4,21,6,7,22,81,31,46,6,45,4,1,4,26,44,55,15,94,43,30,77,571,252,290,49,322,41,33,52,340,19,20,14,44,15,18,45,318,35,37,8,34,4,8,5,35,9,10,5,41,15,9,35,188,191,224,46,322,59,35,35,325,43,39,13,111,42,30,85,597,186,208,33,293,22,24,27,176,275,242,93,562,284,204,551,3388
36.dcm,2257,371,115,288,465,57,262,369,144,16,14,32,234,25,231,269,376,44,15,48,46,3,23,33,238,37,21,33,286,19,237,251,126,14,12,16,17,1,7,10,23,3,2,7,21,0,25,26,273,30,13,18,24,0,10,15,418,52,45,42,362,23,346,271,462,54,10,23,86,9,43,18,36,1,3,0,44,4,38,21,73,10,1,5,12,0,1,4,38,5,1,2,36,2,23,15,243,29,12,5,36,2,14,14,32,2,3,3,34,4,25,12,310,25,12,6,36,4,10,9,512,33,36,26,421,17,315,142,123,218,21,452,26,39,27,577,6,11,2,37,15,12,43,424,27,28,3,44,0,2,4,40,10,10,3,42,5,4,16,283,15,19,6,38,0,2,3,35,2,4,1,6,4,3,11,73,22,24,4,45,4,3,2,26,32,45,9,83,17,24,45,481,242,271,22,325,39,43,36,460,15,17,1,25,24,12,34,339,21,22,1,16,4,2,2,21,11,8,4,16,11,13,26,132,227,239,32,366,34,20,23,279,30,22,17,43,32,16,42,368,266,227,20,295,19,12,15,130,388,273,60,426,309,122,396,2188,2249,363,142,244,478,55,239,257,121,27,18,20,261,18,194,215,326,33,14,32,56,4,22,26,298,25,19,36,373,25,192,211,131,13,12,10,27,0,17,13,20,3,5,0,35,5,29,22,244,21,9,13,46,1,14,8,485,39,27,30,600,32,427,299,500,65,30,32,92,13,54,51,21,3,3,2,46,5,43,23,45,1,4,4,11,2,2,3,27,4,2,2,33,1,22,17,257,28,9,15,47,4,25,13,24,2,4,1,43,4,19,17,304,21,12,7,39,1,19,6,412,30,37,21,478,21,312,145,141,275,16,477,10,34,27,346,8,18,1,45,17,17,20,343,19,30,4,34,2,1,4,27,18,21,5,59,8,9,28,258,9,18,4,33,3,0,2,29,5,8,0,8,2,0,6,51,13,23,5,42,1,4,7,20,39,51,12,103,33,21,57,502,235,347,32,552,32,23,37,490,9,11,5,33,15,9,29,294,15,22,3,45,3,2,2,31,7,18,2,27,6,7,16,138,199,202,25,407,23,12,29,306,22,28,6,61,35,11,42,364,186,179,12,274,28,11,14,125,291,281,39,509,291,127,333,2196
37.dcm,2133,336,121,233,454,68,176,245,127,26,11,18,195,16,137,132,331,47,14,29,45,5,21,18,240,21,21,27,185,22,121,142,126,13,8,10,25,4,10,9,27,7,1,5,31,4,23,26,232,38,10,24,22,4,7,9,376,50,32,40,311,25,209,208,378,43,17,28,80,9,32,33,33,3,3,5,32,2,24,16,63,1,5,1,12,0,6,1,32,4,4,1,21,3,22,18,180,16,8,11,32,2,10,8,38,2,5,1,44,3,33,21,256,20,11,16,33,1,6,7,421,31,31,19,381,30,242,128,118,186,36,367,18,29,31,415,12,10,2,40,9,5,18,306,21,24,0,50,5,1,5,23,13,17,2,41,5,5,25,194,15,14,2,30,3,1,5,35,2,3,0,9,2,2,4,62,19,23,3,37,0,1,1,35,24,28,10,92,31,15,42,408,190,202,27,293,48,32,42,388,7,16,5,33,8,11,31,262,28,24,2,27,2,7,2,20,10,9,2,14,15,10,11,114,149,145,22,246,29,22,25,218,26,20,2,61,28,18,59,358,158,153,21,218,19,21,16,126,303,229,68,397,268,132,346,2137,2148,371,113,177,357,47,203,229,157,17,25,20,223,17,172,203,356,52,15,24,59,13,24,29,204,26,24,35,244,30,218,202,140,9,8,14,24,6,10,8,19,9,5,7,30,2,40,23,207,21,10,15,13,3,7,9,292,42,24,35,315,33,295,235,395,57,19,29,71,5,43,29,16,3,1,2,33,4,34,19,69,5,1,3,6,1,5,1,27,2,3,3,25,0,23,13,190,24,14,9,41,4,23,10,26,6,5,2,43,3,33,31,230,25,10,7,26,3,14,12,290,22,13,20,301,26,251,123,131,222,20,298,21,19,16,255,17,6,3,36,9,13,27,242,18,33,5,32,0,3,1,16,19,21,4,50,14,11,22,211,25,24,3,36,4,2,3,22,2,5,0,13,2,1,7,58,17,35,2,27,2,3,3,14,37,34,10,72,35,15,50,370,205,247,26,291,28,21,44,311,11,17,5,32,9,8,30,227,30,18,1,24,1,1,1,27,15,13,2,26,6,6,9,118,165,196,25,289,32,19,30,215,25,24,3,55,27,20,55,409,195,176,20,219,13,18,15,152,259,228,52,422,227,130,352,2212
38.dcm,2140,370,145,297,484,69,258,328,119,16,14,26,260,21,206,219,323,36,22,24,42,5,18,30,262,31,29,34,276,23,227,202,154,19,3,12,15,3,11,10,23,1,4,3,22,0,18,23,257,22,9,21,18,0,9,6,498,49,39,43,421,26,363,297,488,42,17,21,89,4,34,43,22,2,2,6,51,6,29,20,74,5,2,2,9,2,2,3,30,4,0,2,36,5,15,21,236,23,13,10,38,1,17,4,31,1,4,2,36,1,34,18,342,22,16,13,33,0,9,7,699,35,35,27,472,31,297,130,120,234,17,527,43,33,37,681,9,14,1,32,9,9,33,398,14,23,1,43,5,6,1,24,7,12,1,34,15,7,24,302,17,21,6,36,3,0,4,26,1,3,1,8,3,2,5,71,20,35,1,45,2,0,1,36,30,41,10,88,17,17,47,448,220,291,30,423,53,43,48,504,9,9,1,25,31,19,38,306,16,15,1,21,2,2,2,21,14,9,1,17,13,4,15,148,203,187,24,331,21,17,29,265,27,22,1,43,41,14,33,351,219,198,22,263,25,11,12,131,437,292,60,485,318,113,344,2188,2023,341,131,245,421,40,249,315,125,19,11,27,264,24,257,329,399,44,12,29,62,7,25,22,289,26,28,19,403,33,319,259,125,14,11,8,29,2,15,12,21,0,3,6,26,2,37,20,285,28,11,12,38,3,12,12,441,43,31,35,573,28,468,303,431,60,27,51,86,2,30,26,21,4,2,1,43,1,34,21,50,4,2,2,8,0,2,0,28,0,4,0,35,0,20,13,253,23,10,10,40,0,21,13,30,3,1,1,35,1,31,12,339,12,11,8,35,1,13,10,398,29,17,19,435,21,306,138,125,253,13,430,19,27,22,350,6,5,4,35,11,13,27,377,19,33,1,43,3,0,5,25,16,31,4,37,12,16,18,278,11,16,3,29,0,0,1,32,3,6,1,8,2,0,8,46,17,26,0,37,2,4,1,10,36,36,2,60,46,20,49,425,267,389,32,560,31,20,30,446,11,11,2,29,12,14,28,276,20,27,0,32,3,1,0,24,16,12,1,29,8,6,14,143,248,333,28,490,37,18,22,322,27,28,7,62,39,12,42,373,293,301,33,289,14,14,11,112,351,266,47,427,290,149,368,2042
39.dcm,2192,339,144,267,498,65,211,305,143,14,7,26,209,20,172,179,312,29,17,29,59,7,25,22,263,34,19,28,243,19,174,158,118,10,6,11,14,2,13,12,33,1,1,6,31,4,25,26,252,20,9,27,22,6,14,14,469,43,45,42,490,33,296,285,460,54,28,37,116,15,52,32,28,1,3,3,41,4,32,19,67,5,5,1,7,0,4,0,26,0,4,2,36,2,17,17,242,20,7,5,33,2,14,6,28,5,2,2,37,3,35,18,260,21,11,16,37,0,10,5,536,39,35,20,496,25,272,158,130,240,32,525,31,29,36,587,12,20,1,51,11,9,30,340,16,27,2,54,1,4,1,29,17,16,2,43,5,12,18,232,12,23,6,41,0,1,3,34,5,1,0,4,6,3,7,44,18,22,8,47,1,3,3,21,38,43,9,101,35,27,57,508,208,253,30,469,34,33,41,543,8,11,3,22,23,12,29,317,22,23,2,33,3,1,0,31,11,10,2,19,11,12,22,128,132,161,23,295,24,21,22,272,36,22,2,43,29,16,24,343,148,135,26,250,17,23,15,126,327,238,62,436,291,124,349,2201,1888,331,137,253,406,41,218,282,126,18,6,16,254,30,241,254,319,35,19,16,67,2,21,23,297,21,21,30,426,28,268,259,142,15,12,17,28,1,18,8,17,1,0,1,34,0,28,21,263,19,12,15,38,1,14,14,437,50,36,28,625,25,508,270,403,48,19,46,57,12,43,39,13,0,2,3,32,5,29,27,51,2,5,1,4,0,0,2,18,1,1,2,33,2,12,8,255,19,23,22,38,3,26,13,15,0,1,3,39,0,32,13,301,16,6,9,39,1,12,8,425,30,23,17,489,24,303,127,105,273,13,435,20,27,23,366,9,14,0,36,10,8,24,334,23,26,2,37,1,4,0,22,13,22,3,35,12,13,16,283,18,17,3,29,3,2,2,20,3,1,0,5,0,4,3,36,15,31,3,18,3,2,1,13,36,43,3,58,33,25,57,392,235,388,21,640,24,32,36,454,14,13,0,42,13,11,24,279,27,29,3,23,1,0,2,27,9,17,2,28,11,6,15,126,232,283,20,431,25,13,29,300,19,18,10,46,21,16,37,360,245,262,26,255,18,14,16,108,347,271,35,406,277,124,295,1918
40.dcm,1948,347,131,228,386,49,209,290,120,16,12,26,197,16,245,238,328,42,20,30,58,6,22,25,229,28,18,29,269,18,274,239,135,23,11,15,15,0,8,12,24,2,1,2,21,1,30,24,225,35,9,13,22,3,9,17,374,39,31,34,298,23,306,229,376,53,16,19,82,7,34,30,25,1,2,3,30,1,29,23,46,4,1,3,8,2,3,1,19,3,1,2,40,2,23,10,218,29,14,6,27,2,15,7,27,4,2,2,33,4,22,13,300,20,12,7,25,1,9,3,438,28,28,19,371,14,267,119,127,205,13,335,22,28,30,423,6,20,2,29,9,16,39,326,18,28,3,45,0,2,3,36,4,9,4,42,10,14,17,254,13,17,2,32,3,4,2,34,2,1,0,4,3,2,4,51,15,24,3,39,3,1,2,24,22,40,7,65,27,19,47,369,208,237,21,298,44,26,31,358,13,8,1,20,22,10,43,266,21,28,0,25,1,0,0,25,7,9,0,13,8,9,29,117,211,239,21,298,26,26,20,232,34,22,6,28,20,21,53,364,230,229,27,218,21,11,15,115,331,262,50,377,264,104,314,1981,2160,331,127,248,401,48,172,181,129,15,23,20,194,21,207,161,317,50,15,23,65,6,26,21,268,32,21,24,263,18,207,194,112,18,10,5,21,5,10,12,20,1,2,2,39,1,31,21,178,23,7,16,32,3,19,7,369,46,24,26,411,38,309,222,430,53,33,30,79,12,28,50,19,3,2,0,19,3,31,17,45,4,1,1,7,1,0,2,19,5,1,3,21,0,21,23,199,20,15,5,45,1,24,15,31,2,5,4,46,2,29,20,198,20,9,7,32,4,10,9,293,24,20,22,367,21,281,137,134,271,22,360,18,27,28,259,13,11,4,36,11,7,23,221,20,26,5,41,2,1,3,27,15,21,2,50,9,10,22,204,13,20,3,31,1,1,3,33,1,2,1,7,4,5,3,51,17,30,3,45,2,3,4,24,30,35,12,77,32,27,64,372,198,281,38,464,32,33,38,397,11,16,4,31,15,13,26,235,23,22,1,44,3,3,4,28,10,14,3,24,9,7,17,136,176,193,31,340,24,20,36,259,24,20,6,63,25,21,43,351,178,165,16,231,18,14,26,120,246,236,49,422,204,127,333,2173
41.dcm,2707,415,171,246,435,83,210,249,152,14,21,21,198,35,148,143,468,70,20,38,64,9,30,27,235,34,25,30,224,18,160,152,150,21,16,18,18,0,11,11,34,4,1,3,26,6,25,28,269,29,24,17,26,6,12,13,429,54,46,49,344,29,244,212,457,55,25,36,116,7,41,45,39,4,1,0,54,5,31,24,77,7,4,6,11,0,5,3,34,3,4,1,38,9,25,13,205,29,14,11,48,4,10,15,37,5,10,5,48,0,43,27,235,30,7,8,31,4,6,4,476,39,43,31,441,26,286,153,140,226,34,404,23,32,45,449,8,12,6,49,11,16,34,290,23,20,6,46,5,1,4,43,15,16,2,38,13,7,23,236,12,19,0,42,3,4,2,36,0,6,2,11,7,2,13,55,23,33,3,53,1,6,4,21,49,34,14,95,24,20,61,546,188,192,35,311,47,43,44,400,8,12,4,34,22,10,42,291,21,29,5,44,7,6,5,45,7,9,6,22,15,8,16,148,135,145,29,206,39,16,36,247,37,17,11,67,33,18,61,444,156,153,23,213,18,22,18,142,266,247,83,483,290,151,451,2701,2449,428,132,224,458,59,216,262,154,24,20,18,249,27,200,176,433,52,16,36,54,8,20,20,274,36,23,31,325,26,226,186,139,16,12,11,38,3,21,13,34,3,5,5,30,3,35,38,251,26,19,14,34,3,5,14,404,49,51,25,450,27,338,260,432,53,28,37,89,10,40,45,25,10,2,3,28,2,36,28,61,10,2,2,9,0,1,4,20,3,1,2,37,2,31,13,239,37,13,23,41,4,25,13,28,2,5,1,44,3,37,16,257,27,9,21,37,3,22,14,327,36,35,30,387,35,325,174,143,256,16,395,26,24,26,295,12,17,4,42,17,17,21,259,20,35,2,44,3,4,1,17,13,23,1,41,10,12,18,246,17,24,1,33,1,3,6,32,3,6,1,9,2,1,5,64,21,32,1,46,2,3,3,26,40,43,13,87,39,16,67,491,245,344,38,411,32,42,34,368,11,16,5,49,19,9,31,260,21,20,7,42,4,2,5,15,8,16,7,19,19,5,23,147,204,211,27,381,39,26,36,308,25,19,4,64,35,13,60,425,181,209,37,239,29,20,18,153,291,249,57,479,257,167,455,2436
42.dcm,1155,173,81,194,437,42,196,384,71,9,4,7,243,9,179,235,182,19,5,21,25,1,12,9,209,9,10,23,280,14,181,190,77,4,4,11,4,0,6,5,5,1,3,3,12,1,8,9,191,22,9,13,14,2,5,4,572,28,33,46,534,8,351,262,365,18,10,16,87,1,26,14,23,0,1,2,40,4,18,9,32,0,2,0,2,0,3,0,26,1,1,0,34,0,10,1,227,8,5,6,30,4,12,8,15,1,0,2,23,0,14,8,411,15,9,5,16,3,1,2,926,27,18,14,612,12,212,83,63,166,4,492,15,19,18,817,3,5,1,16,5,9,15,439,4,12,2,33,0,0,0,20,4,11,2,29,9,5,7,235,6,11,1,20,0,0,0,11,0,1,0,2,0,3,0,34,8,19,1,30,0,0,0,14,17,26,4,54,13,6,25,416,177,265,13,478,37,36,26,516,9,10,2,12,14,6,19,198,7,9,0,16,1,1,2,8,2,6,0,9,8,5,7,80,158,188,8,290,13,6,10,195,13,9,0,16,13,7,19,182,220,156,10,199,14,5,8,69,426,233,31,378,216,71,198,1113,1251,197,93,209,372,29,217,309,84,9,3,8,208,12,190,215,232,16,16,15,39,6,20,11,201,18,8,20,417,14,242,180,92,5,4,9,10,0,9,10,8,0,0,0,19,1,9,6,212,17,6,10,28,0,11,6,417,38,15,29,680,17,433,272,351,31,16,32,69,3,43,39,15,1,0,1,26,2,16,13,24,3,2,2,5,0,2,0,21,1,1,0,30,1,5,6,224,13,7,6,33,0,22,5,13,1,1,0,18,0,23,7,235,19,7,8,30,2,6,3,431,17,17,10,472,17,216,75,61,211,10,472,18,16,14,416,9,13,2,23,7,7,20,323,10,16,1,25,1,2,0,14,14,15,0,30,9,7,8,257,8,7,0,16,1,0,1,12,1,4,0,2,0,0,2,25,12,10,1,23,0,0,2,15,27,31,2,63,30,15,39,364,206,420,17,729,28,18,28,467,11,10,1,29,15,8,9,226,9,8,2,23,0,1,2,11,13,3,1,18,6,7,5,97,158,236,15,485,22,8,14,212,13,13,0,41,13,7,30,211,177,176,9,209,8,8,11,63,296,247,20,382,226,74,229,1248
43.dcm,1448,256,103,182,323,38,185,307,104,16,19,6,190,11,179,232,247,25,5,21,32,4,16,14,215,21,15,17,230,18,190,187,87,13,6,14,15,2,5,7,16,2,1,1,16,0,16,19,216,19,17,20,18,1,4,14,329,20,24,34,318,18,258,201,308,28,9,18,64,5,18,18,12,2,1,0,26,3,25,12,41,6,0,0,4,0,2,1,22,0,1,1,35,0,15,10,203,19,8,7,23,1,9,8,13,2,2,0,23,1,23,9,290,21,6,9,28,0,8,6,455,23,32,13,349,13,196,97,88,177,9,379,15,22,20,489,10,10,1,24,15,9,22,349,14,14,0,28,1,5,1,17,9,13,2,22,5,5,18,225,9,13,1,29,2,0,0,20,0,2,0,4,3,1,4,33,20,22,3,36,1,2,0,10,25,27,4,56,9,6,19,326,212,263,13,315,41,23,19,378,8,9,0,15,14,9,24,227,16,15,1,21,3,2,1,14,9,10,1,10,13,5,11,90,169,221,19,282,33,18,21,227,23,17,4,32,23,10,35,272,224,224,20,230,14,13,8,101,378,208,25,337,223,95,278,1398,1584,262,110,190,359,34,152,193,99,12,10,13,177,13,118,117,262,24,11,15,35,1,9,12,196,4,15,21,248,13,128,138,104,8,6,9,30,1,4,9,24,0,2,3,26,4,14,19,186,15,4,11,24,0,6,5,419,35,26,29,515,36,290,191,351,47,18,27,89,8,30,30,13,0,2,5,28,3,17,18,42,7,1,1,9,0,1,4,22,0,3,3,26,1,17,9,145,12,13,6,34,1,7,15,19,3,2,0,44,1,23,14,197,6,6,2,34,4,9,10,365,16,13,19,417,30,223,86,87,210,24,434,16,19,23,363,8,4,0,36,7,3,17,212,14,23,1,41,2,1,2,25,9,14,3,46,9,7,17,161,11,10,0,23,1,0,2,16,2,3,1,9,1,1,5,30,14,21,3,33,2,1,1,14,27,31,5,88,28,14,38,386,164,255,27,529,30,25,37,470,8,7,2,33,13,9,23,231,11,17,3,28,1,0,4,14,7,6,0,21,10,3,15,118,115,125,16,333,26,8,28,217,13,15,6,41,16,11,29,215,121,114,12,179,13,9,11,101,199,180,35,387,188,84,253,1602
44.dcm,1726,311,112,228,372,49,229,339,104,11,9,17,189,26,211,265,300,40,20,28,43,6,21,21,212,24,20,18,260,15,236,242,102,13,9,10,15,1,10,16,19,1,2,1,20,3,19,18,224,19,14,16,20,1,9,19,323,39,32,42,316,24,270,203,335,32,13,17,54,5,31,31,18,3,0,3,42,3,36,12,57,3,1,2,8,1,2,1,40,5,1,1,36,1,23,8,191,24,10,12,24,0,11,7,19,1,1,2,21,2,30,18,311,21,8,12,21,2,10,3,474,22,25,23,327,16,239,116,125,186,10,390,19,28,21,521,11,10,0,18,10,16,29,406,17,24,4,27,0,1,3,41,12,10,3,36,13,10,30,213,12,17,3,31,2,2,3,27,5,1,0,7,3,2,3,47,13,23,1,37,3,1,1,17,22,23,7,43,17,14,31,384,219,216,22,305,50,35,34,348,14,5,3,17,20,14,34,292,19,21,0,25,2,2,0,21,7,5,3,12,10,1,15,125,188,192,26,262,28,17,21,234,14,18,0,40,36,12,29,274,242,211,20,240,18,11,7,120,388,210,46,362,249,108,289,1745,1799,265,107,220,373,35,177,210,123,15,7,19,176,22,139,162,275,37,6,22,55,5,15,20,241,24,22,13,284,16,173,167,109,11,7,17,16,0,6,9,24,0,2,2,27,1,23,18,216,21,10,16,21,0,8,4,477,43,34,40,534,32,309,214,407,39,17,20,101,12,47,21,23,1,1,0,37,1,30,24,46,4,1,2,5,0,3,0,18,2,1,2,31,1,14,10,189,17,10,5,36,2,11,4,25,3,4,1,39,1,17,12,213,15,7,7,31,3,12,3,411,30,19,18,479,24,252,119,98,237,25,464,17,11,17,434,5,15,3,27,9,5,20,286,11,16,2,40,1,1,0,32,14,20,1,46,4,11,16,205,17,27,3,22,2,2,3,29,2,2,0,6,2,1,7,30,15,19,3,34,3,2,1,20,32,35,8,75,18,21,47,379,162,267,33,511,40,19,35,457,6,9,3,24,13,8,28,243,10,20,3,32,2,6,0,29,6,8,5,19,10,6,14,108,157,146,28,322,28,11,22,238,20,21,2,57,14,15,42,320,156,171,15,213,19,14,11,117,257,194,36,368,212,124,314,1786
45.dcm,2064,365,126,282,430,53,228,301,127,14,15,16,233,28,241,276,354,49,12,44,53,3,25,28,209,30,26,28,286,34,200,207,118,20,9,17,14,0,13,17,21,0,2,4,18,0,17,24,259,30,7,26,21,2,14,11,395,46,33,40,355,23,339,271,434,50,19,24,88,9,35,25,21,3,4,1,38,5,30,26,58,9,3,3,11,0,3,2,32,3,4,2,25,2,26,14,216,22,10,12,33,4,5,12,27,2,3,2,38,0,25,14,289,29,14,11,32,3,11,7,489,28,19,26,408,17,247,145,133,258,22,385,29,33,37,455,10,12,1,27,15,13,30,356,20,18,2,46,2,2,4,27,15,21,3,30,13,8,31,259,11,22,0,40,1,5,5,34,2,5,1,9,1,1,7,63,13,20,4,37,3,1,1,19,41,27,12,77,23,14,41,381,236,269,20,361,45,26,38,394,17,13,3,36,22,14,29,275,18,33,2,24,1,4,5,29,13,12,2,23,10,12,25,116,205,246,17,360,16,27,38,296,15,21,0,62,36,21,46,366,272,199,22,249,17,12,18,131,369,247,59,442,285,133,347,2097,1865,307,110,239,468,45,232,256,110,12,17,17,218,16,192,212,308,27,17,16,59,4,12,14,258,24,11,19,387,18,238,196,114,15,7,8,25,0,10,9,20,2,1,1,32,1,30,17,240,18,15,15,30,2,21,7,553,31,22,34,789,38,417,257,452,38,20,41,102,5,46,43,10,2,1,0,33,1,29,15,34,8,2,1,7,0,2,2,27,1,1,1,23,4,18,13,222,22,12,9,53,6,32,15,27,0,5,1,34,0,26,20,231,19,12,9,42,0,6,6,420,20,23,12,573,22,295,126,100,280,18,521,18,13,26,405,7,15,0,36,13,8,17,310,13,37,1,49,4,4,0,28,18,22,3,83,13,12,15,273,11,15,3,17,0,1,1,23,2,2,0,5,3,2,4,31,18,31,5,25,2,3,1,13,37,51,9,82,29,33,51,446,214,360,30,762,36,28,45,515,8,15,3,33,15,8,21,263,16,19,0,37,2,4,2,21,5,9,1,23,6,10,9,135,213,198,19,417,23,21,38,286,14,12,5,45,17,13,30,355,164,180,20,278,14,4,10,88,288,253,40,462,254,92,300,1848
46.dcm,2421,428,168,337,466,71,287,380,122,16,21,12,293,27,263,335,441,64,24,39,41,12,28,37,284,31,19,33,343,18,277,279,141,19,13,11,18,5,11,19,14,2,4,3,21,2,28,19,318,50,17,27,26,4,7,17,442,41,45,51,384,21,392,290,468,47,17,24,81,7,35,34,33,4,3,2,46,7,41,27,69,5,2,2,5,3,3,2,42,2,1,2,50,5,27,25,269,27,10,4,30,5,7,13,36,0,3,1,41,2,44,21,393,34,3,11,22,5,16,12,542,37,43,28,466,13,299,175,176,297,24,451,28,33,39,563,10,16,5,35,16,26,30,497,20,34,5,33,4,1,2,33,11,11,3,32,13,14,34,329,27,24,0,34,1,2,5,40,5,2,0,6,1,4,8,73,19,29,4,44,4,4,2,24,34,32,4,70,22,21,62,495,299,314,23,426,55,37,42,454,16,11,3,29,25,21,29,325,28,24,1,36,3,2,4,29,9,15,1,17,17,12,23,147,273,315,30,377,45,31,27,369,40,29,7,46,34,16,56,412,316,299,25,332,28,23,16,160,461,290,79,477,316,157,452,2389,2180,403,135,269,484,49,302,350,134,22,13,19,284,19,256,280,354,34,16,20,74,3,25,21,318,32,30,32,465,27,291,280,136,18,8,10,25,1,14,14,24,2,5,2,34,1,21,20,297,28,10,18,37,0,7,7,550,38,27,37,795,27,528,350,471,60,21,40,101,11,62,33,14,1,2,4,29,0,39,23,51,8,1,1,10,0,3,4,28,0,1,3,21,2,24,19,281,15,13,11,51,1,25,19,27,3,2,0,46,2,37,23,341,22,5,12,48,1,11,6,499,29,19,13,600,16,350,117,138,312,19,546,18,26,29,489,14,8,1,38,13,12,31,418,20,44,3,41,0,3,1,22,16,21,4,53,15,11,22,324,12,22,2,33,3,1,1,29,2,1,0,8,2,2,3,31,20,33,3,37,2,3,2,19,40,58,10,101,33,26,65,447,280,435,34,712,37,31,38,575,7,15,0,32,11,11,28,322,16,25,2,33,3,1,1,15,9,16,4,20,7,8,12,137,247,303,25,525,28,23,28,358,23,20,3,49,18,13,42,390,272,282,23,313,22,13,16,140,443,301,47,484,325,158,394,2131
47.dcm,2189,349,106,185,386,60,159,162,117,21,16,20,166,16,138,125,386,55,15,35,49,5,28,21,213,36,22,21,142,28,100,129,119,17,10,14,19,4,7,11,27,7,2,3,26,6,26,21,202,30,11,15,18,2,13,13,220,46,33,29,224,19,203,161,355,53,21,17,64,7,37,23,23,1,6,3,32,4,19,13,58,8,9,2,16,2,5,3,20,4,3,2,25,3,24,24,159,22,13,15,37,1,14,13,36,5,5,2,33,4,24,20,177,17,5,11,19,1,13,4,228,26,29,28,250,23,213,132,118,180,22,236,23,26,38,204,8,9,1,28,9,7,30,193,19,29,1,40,4,2,3,30,13,17,5,31,9,10,25,190,19,27,3,30,5,2,4,38,5,3,0,5,9,4,7,59,24,29,5,55,4,1,1,19,34,25,9,86,24,26,61,380,170,149,18,214,36,31,39,223,20,12,2,24,19,12,42,188,15,21,3,38,7,5,4,19,11,15,1,21,10,7,12,110,142,150,21,168,26,11,36,205,25,32,11,52,31,29,57,384,127,133,22,163,20,16,20,126,212,191,61,364,233,122,389,2241,1890,330,106,180,344,33,176,196,113,31,19,17,192,17,167,166,333,52,17,29,57,8,14,15,212,26,18,37,228,21,190,180,111,11,10,9,29,5,11,9,17,4,2,4,33,0,31,26,211,24,9,13,21,3,9,10,246,29,33,27,287,25,273,200,351,46,8,20,64,8,34,23,12,6,1,2,39,3,32,20,55,2,3,1,10,0,1,4,23,6,0,1,22,4,18,19,179,23,14,16,38,3,22,12,20,3,2,0,34,0,27,22,217,25,7,10,33,3,9,7,211,21,16,18,255,16,243,113,115,213,19,250,19,16,27,242,13,11,2,27,12,12,18,202,18,22,3,32,4,6,1,19,12,19,1,33,9,13,22,194,10,22,1,37,3,5,2,20,4,3,0,3,6,1,10,66,12,25,1,26,6,1,1,5,23,32,10,76,24,26,51,383,184,232,10,291,35,24,30,273,17,18,5,21,11,10,23,199,18,27,0,26,0,0,4,18,6,12,1,17,16,6,15,110,163,185,30,276,33,17,25,218,27,23,9,48,30,18,41,314,195,174,21,189,12,15,14,118,236,195,45,366,223,112,319,1950
48.dcm,1551,283,90,249,348,52,212,368,96,11,7,9,186,16,168,232,243,22,5,23,31,4,15,13,198,16,7,21,204,18,158,170,84,9,4,11,15,1,9,4,9,1,0,2,18,1,10,18,196,28,17,21,15,6,17,12,367,38,29,37,308,18,228,236,363,21,13,21,74,6,36,12,23,3,0,1,40,4,23,14,56,2,2,2,7,0,0,1,27,2,0,1,20,1,6,8,199,9,8,4,32,1,10,11,25,0,2,3,23,1,19,10,357,18,11,9,27,1,5,10,553,33,28,21,378,15,205,101,118,200,22,363,25,31,18,542,9,3,4,21,12,5,28,433,10,25,2,30,2,0,0,20,9,12,4,26,12,6,13,227,7,14,1,28,1,2,1,32,1,2,0,6,3,0,3,45,13,18,2,30,0,0,4,21,38,23,4,69,12,22,32,370,186,196,20,304,31,33,23,363,14,8,3,13,25,6,34,277,12,9,1,16,2,2,0,13,7,8,3,14,10,8,9,108,178,163,10,261,22,17,18,219,21,13,4,35,24,17,30,254,231,180,19,198,10,9,10,105,383,209,48,349,220,71,256,1593,1844,272,124,219,361,51,175,219,114,10,11,10,176,10,139,136,278,31,14,22,38,7,19,22,211,30,17,23,232,21,143,143,106,14,6,7,17,1,17,4,23,2,4,1,27,4,18,17,208,15,2,15,16,0,6,7,392,39,27,45,393,28,245,198,382,47,20,24,103,8,27,34,21,1,1,2,33,4,24,15,46,5,2,2,9,1,4,2,26,3,0,2,32,4,17,7,198,17,5,11,37,7,20,5,17,4,1,3,35,4,25,10,194,10,11,8,30,3,7,7,308,29,24,13,401,23,219,93,91,211,25,403,15,19,32,348,5,14,2,27,9,5,18,281,9,19,2,35,0,2,3,26,9,18,2,42,8,7,24,206,18,25,1,23,2,0,0,26,4,4,1,9,4,1,4,39,19,27,3,33,2,1,0,17,21,35,11,79,23,18,47,391,172,227,25,438,30,29,35,421,4,7,3,34,16,7,24,212,14,14,2,30,4,4,4,27,12,7,2,22,5,5,17,104,107,118,24,240,30,4,24,245,15,14,4,54,25,11,42,301,115,124,19,206,19,11,13,101,242,199,57,384,198,110,306,1847
49.dcm,2075,331,126,296,485,53,242,361,133,12,9,18,223,14,190,210,315,43,12,33,50,3,16,26,261,30,22,34,287,22,183,194,122,7,15,12,15,3,19,19,26,2,1,5,25,1,15,14,293,27,15,32,14,1,5,8,557,35,51,52,478,22,322,276,509,44,11,27,110,9,51,40,23,2,2,0,52,3,25,20,56,7,3,0,6,2,1,2,27,4,0,2,35,3,19,13,246,17,6,13,44,3,15,5,29,0,2,1,45,1,31,8,346,29,9,18,30,1,12,5,757,34,26,24,583,22,298,127,152,238,11,545,25,24,35,701,5,9,2,18,11,10,18,455,8,21,2,51,2,3,2,41,7,18,3,38,5,7,15,282,19,18,1,47,1,2,0,32,2,1,1,8,3,2,3,66,16,24,3,63,3,2,3,22,28,33,9,94,28,16,42,485,256,283,20,479,49,44,57,574,3,7,2,25,24,17,30,307,23,22,3,19,1,1,3,31,17,13,1,21,14,5,18,121,178,215,19,346,33,24,25,266,30,24,3,30,23,15,36,366,264,197,21,288,22,10,8,123,449,268,54,516,309,125,335,2042,2351,355,142,266,468,50,253,285,138,22,15,18,254,30,250,245,416,39,16,38,58,7,32,20,281,39,16,36,384,25,265,231,140,22,12,7,28,2,9,15,23,2,3,3,34,1,25,29,273,33,10,19,30,7,15,10,415,41,37,43,502,30,401,276,440,70,30,29,88,7,42,37,19,3,0,1,36,4,28,26,51,3,0,1,11,0,4,7,35,5,5,2,31,2,23,11,254,14,14,10,37,4,16,12,26,4,7,0,34,4,28,26,274,35,16,11,40,4,13,6,358,19,29,26,398,21,331,136,146,286,25,367,26,28,36,349,9,12,3,45,11,12,28,295,29,38,4,50,1,5,2,28,21,23,1,56,10,10,28,250,16,37,1,32,5,3,1,18,6,3,0,13,4,4,6,54,20,22,5,31,2,1,2,12,48,42,12,72,33,28,51,437,249,305,28,448,21,30,35,407,15,8,4,37,15,15,29,297,24,26,3,30,2,2,3,33,9,13,2,19,13,9,29,144,227,266,36,405,23,18,42,309,22,26,6,69,26,15,47,450,252,247,30,284,26,23,10,142,316,299,49,457,324,143,410,2330
50.dcm,1429,254,90,224,358,33,192,330,113,7,8,12,199,16,194,219,231,20,11,20,37,2,15,17,186,11,10,18,266,17,221,211,81,15,4,11,10,0,11,12,14,1,1,1,17,1,13,10,214,24,13,15,17,1,13,11,380,23,32,42,286,15,279,241,354,45,16,17,66,6,29,18,18,2,0,1,44,4,20,16,32,7,3,0,2,0,2,2,31,0,0,1,31,1,13,7,191,17,15,11,20,3,9,4,20,2,1,1,30,2,19,5,288,20,8,11,22,1,11,6,533,19,27,20,402,11,213,107,90,188,12,389,21,25,28,540,3,4,0,19,4,12,28,375,11,23,2,32,3,2,1,27,7,8,3,20,7,12,11,208,10,7,1,25,1,3,4,28,4,5,1,9,2,0,3,48,10,27,2,37,1,1,1,14,27,21,2,61,10,14,39,367,182,250,14,333,37,32,26,405,8,6,2,16,20,6,16,231,13,14,3,23,2,1,1,10,9,8,0,12,10,6,10,88,180,222,23,294,22,17,13,206,14,13,2,29,22,16,26,265,192,190,9,199,13,10,6,89,325,204,42,340,225,80,233,1441,1519,310,112,195,342,33,214,237,92,8,10,15,178,16,216,198,246,39,12,13,40,7,12,21,237,21,16,15,279,20,233,220,95,12,4,10,22,1,9,15,16,2,1,2,19,1,19,18,203,19,8,12,25,1,7,6,346,28,27,29,417,27,344,218,375,35,23,34,72,3,36,32,15,1,0,2,22,3,26,17,28,10,0,1,10,1,1,2,12,2,1,2,22,1,11,12,190,18,6,7,31,7,18,8,14,2,2,3,35,0,31,11,224,16,5,4,30,1,14,6,320,18,14,12,371,14,245,93,66,204,19,352,10,18,19,284,6,17,2,36,11,9,17,276,17,25,1,41,2,0,2,13,8,21,2,36,9,8,13,217,8,5,1,21,1,2,3,18,4,3,1,5,0,1,3,47,14,19,1,29,2,0,0,13,27,30,5,53,18,17,31,393,210,307,24,447,24,27,33,348,10,11,3,22,15,5,22,231,16,14,0,21,2,2,0,17,10,7,2,23,3,8,10,116,168,203,29,335,18,17,31,235,12,22,3,36,14,13,27,267,166,173,15,208,8,15,15,99,256,205,31,348,231,83,270,1522
